account_number,customer_id,account_type,balance,currency,branch_id,account_status,opening_date,ingestion_timestamp,source_file
ACC00000001,CUST000001,Current,924368.38,INR,BR018,Active,2026-06-12,2026-07-25 15:03:46.711861+00:00,accounts.csv
ACC00000002,CUST000002,Savings,322201.11,INR,BR014,Active,2019-12-14,2026-07-25 15:03:46.711861+00:00,accounts.csv
ACC00000003,CUST000003,Fixed Deposit,420188.49,INR,BR016,Active,2023-08-09,2026-07-25 15:03:46.711861+00:00,accounts.csv
ACC00000004,CUST000003,Current,124923.86,INR,BR020,Active,2023-08-03,2026-07-25 15:03:46.711861+00:00,accounts.csv
ACC00000005,CUST000004,Current,701378.9,INR,BR015,Active,2020-12-03,2026-07-25 15:03:46.711861+00:00,accounts.csv
ACC00000006,CUST000005,Savings,388859.38,INR,BR015,Active,2018-03-28,2026-07-25 15:03:46.711861+00:00,accounts.csv
ACC00000007,CUST000005,Savings,252997.47,INR,BR018,Dormant,2018-08-26,2026-07-25 15:03:46.711861+00:00,accounts.csv
ACC00000008,CUST000006,Savings,412619.3,INR,BR007,Active,2021-07-24,2026-07-25 15:03:46.711861+00:00,accounts.csv
ACC00000009,CUST000007,Savings,321493.78,INR,BR016,Active,2024-02-13,2026-07-25 15:03:46.711861+00:00,accounts.csv
ACC00000010,CUST000008,Savings,417777.8,INR,BR004,Active,2017-06-09,2026-07-25 15:03:46.711861+00:00,accounts.csv
ACC00000011,CUST000009,Current,1615025.72,INR,BR008,Active,2022-04-04,2026-07-25 15:03:46.711861+00:00,accounts.csv
ACC00000012,CUST000010,Savings,324633.45,INR,BR005,Active,2023-04-26,2026-07-25 15:03:46.711861+00:00,accounts.csv
ACC00000013,CUST000011,Current,398192.11,INR,BR009,Active,2025-08-21,2026-07-25 15:03:46.711861+00:00,accounts.csv
ACC00000014,CUST000011,Fixed Deposit,3602157.44,INR,BR004,Active,2022-01-03,2026-07-25 15:03:46.711861+00:00,accounts.csv
ACC00000015,CUST000012,Savings,334096.63,INR,BR005,Active,2017-11-08,2026-07-25 15:03:46.711861+00:00,accounts.csv
ACC00000016,CUST000012,Fixed Deposit,4117687.22,INR,BR007,Active,2019-01-17,2026-07-25 15:03:46.711861+00:00,accounts.csv
ACC00000017,CUST000013,Current,213548.29,INR,BR014,Active,2022-04-24,2026-07-25 15:03:46.711861+00:00,accounts.csv
ACC00000018,CUST000014,Savings,312514.74,INR,BR017,Active,2017-06-25,2026-07-25 15:03:46.711861+00:00,accounts.csv
ACC00000019,CUST000014,Savings,301884.82,INR,BR011,Active,2025-03-05,2026-07-25 15:03:46.711861+00:00,accounts.csv
ACC00000020,CUST000014,Fixed Deposit,2269779.18,INR,BR007,Active,2020-09-28,2026-07-25 15:03:46.711861+00:00,accounts.csv
ACC00000021,CUST000015,Current,368213.32,INR,BR018,Active,2023-11-05,2026-07-25 15:03:46.711861+00:00,accounts.csv
ACC00000022,CUST000016,Fixed Deposit,3806822.5,INR,BR017,Active,2020-01-27,2026-07-25 15:03:46.711861+00:00,accounts.csv
ACC00000023,CUST000017,Fixed Deposit,2679561.01,INR,BR008,Active,2020-09-15,2026-07-25 15:03:46.711861+00:00,accounts.csv
ACC00000024,CUST000018,Fixed Deposit,3412266.17,INR,BR008,Active,2026-07-24,2026-07-25 15:03:46.711861+00:00,accounts.csv
ACC00000025,CUST000018,Current,389370.5,INR,BR013,Active,2025-08-09,2026-07-25 15:03:46.711861+00:00,accounts.csv
ACC00000026,CUST000019,Current,1046075.83,INR,BR019,Active,2021-06-03,2026-07-25 15:03:46.711861+00:00,accounts.csv
ACC00000027,CUST000019,Savings,453821.57,INR,BR013,Active,2018-05-20,2026-07-25 15:03:46.711861+00:00,accounts.csv
ACC00000028,CUST000020,Fixed Deposit,1148042.68,INR,BR005,Dormant,2018-10-11,2026-07-25 15:03:46.711861+00:00,accounts.csv
ACC00000029,CUST000021,Fixed Deposit,4463644.71,INR,BR015,Active,2017-11-20,2026-07-25 15:03:46.711861+00:00,accounts.csv
ACC00000030,CUST000022,Savings,415182.62,INR,BR009,Active,2022-12-20,2026-07-25 15:03:46.711861+00:00,accounts.csv
ACC00000031,CUST000023,Current,1023932.79,INR,BR001,Active,2023-08-28,2026-07-25 15:03:46.711861+00:00,accounts.csv
ACC00000032,CUST000024,Current,1600591.53,INR,BR011,Active,2024-09-21,2026-07-25 15:03:46.711861+00:00,accounts.csv
ACC00000033,CUST000025,Current,470632.15,INR,BR008,Active,2023-07-30,2026-07-25 15:03:46.711861+00:00,accounts.csv
ACC00000034,CUST000026,Current,985842.38,INR,BR005,Active,2026-05-24,2026-07-25 15:03:46.711861+00:00,accounts.csv
ACC00000035,CUST000027,Savings,185787.83,INR,BR019,Closed,2023-02-11,2026-07-25 15:03:46.711861+00:00,accounts.csv
ACC00000036,CUST000027,Fixed Deposit,2458390.93,INR,BR017,Active,2019-03-09,2026-07-25 15:03:46.711861+00:00,accounts.csv
ACC00000037,CUST000028,Current,1313132.31,INR,BR001,Active,2019-05-18,2026-07-25 15:03:46.711861+00:00,accounts.csv
ACC00000038,CUST000029,Fixed Deposit,4904841.56,INR,BR001,Dormant,2022-10-19,2026-07-25 15:03:46.711861+00:00,accounts.csv
ACC00000039,CUST000030,Savings,414436.74,INR,BR007,Active,2022-03-07,2026-07-25 15:03:46.711861+00:00,accounts.csv
ACC00000040,CUST000031,Savings,151452.28,INR,BR007,Active,2019-12-19,2026-07-25 15:03:46.711861+00:00,accounts.csv
ACC00000041,CUST000032,Savings,402363.37,INR,BR019,Active,2023-05-10,2026-07-25 15:03:46.711861+00:00,accounts.csv
ACC00000042,CUST000033,Current,469586.78,INR,BR012,Active,2019-11-01,2026-07-25 15:03:46.711861+00:00,accounts.csv
ACC00000043,CUST000033,Fixed Deposit,685079.84,INR,BR004,Active,2022-03-13,2026-07-25 15:03:46.711861+00:00,accounts.csv
ACC00000044,CUST000034,Savings,6881.18,INR,BR012,Closed,2025-02-11,2026-07-25 15:03:46.711861+00:00,accounts.csv
ACC00000045,CUST000034,Savings,216735.07,INR,BR017,Active,2018-04-05,2026-07-25 15:03:46.711861+00:00,accounts.csv
ACC00000046,CUST000035,Fixed Deposit,4350029.19,INR,BR002,Active,2024-02-01,2026-07-25 15:03:46.711861+00:00,accounts.csv
ACC00000047,CUST000036,Fixed Deposit,2959670.65,INR,BR004,Dormant,2022-02-23,2026-07-25 15:03:46.711861+00:00,accounts.csv
ACC00000048,CUST000036,Savings,493149.82,INR,BR008,Active,2018-04-16,2026-07-25 15:03:46.711861+00:00,accounts.csv
ACC00000049,CUST000037,Fixed Deposit,3112419.07,INR,BR017,Dormant,2019-05-25,2026-07-25 15:03:46.711861+00:00,accounts.csv
ACC00000050,CUST000038,Current,252244.93,INR,BR016,Active,2020-10-31,2026-07-25 15:03:46.711861+00:00,accounts.csv
ACC00000051,CUST000038,Fixed Deposit,3021307.02,INR,BR007,Active,2025-12-31,2026-07-25 15:03:46.711861+00:00,accounts.csv
ACC00000052,CUST000039,Fixed Deposit,3660161.15,INR,BR017,Active,2021-07-01,2026-07-25 15:03:46.711861+00:00,accounts.csv
ACC00000053,CUST000040,Current,392789.76,INR,BR004,Active,2019-01-15,2026-07-25 15:03:46.711861+00:00,accounts.csv
ACC00000054,CUST000040,Current,414129.43,INR,BR017,Active,2016-09-20,2026-07-25 15:03:46.711861+00:00,accounts.csv
ACC00000055,CUST000041,Current,797649.49,INR,BR012,Active,2024-06-05,2026-07-25 15:03:46.711861+00:00,accounts.csv
ACC00000056,CUST000041,Fixed Deposit,615861.94,INR,BR019,Active,2019-04-18,2026-07-25 15:03:46.711861+00:00,accounts.csv
ACC00000057,CUST000042,Savings,149333.6,INR,BR002,Active,2020-02-17,2026-07-25 15:03:46.711861+00:00,accounts.csv
ACC00000058,CUST000043,Current,1883365.53,INR,BR013,Active,2026-02-17,2026-07-25 15:03:46.711861+00:00,accounts.csv
ACC00000059,CUST000044,Current,501576.41,INR,BR016,Active,2023-01-17,2026-07-25 15:03:46.711861+00:00,accounts.csv
ACC00000060,CUST000045,Savings,305401.17,INR,BR004,Active,2020-11-22,2026-07-25 15:03:46.711861+00:00,accounts.csv
ACC00000061,CUST000045,Savings,403212.41,INR,BR015,Active,2018-01-08,2026-07-25 15:03:46.711861+00:00,accounts.csv
ACC00000062,CUST000046,Current,347672.91,INR,BR015,Active,2017-03-21,2026-07-25 15:03:46.711861+00:00,accounts.csv
ACC00000063,CUST000047,Current,726701.96,INR,BR006,Dormant,2018-06-15,2026-07-25 15:03:46.711861+00:00,accounts.csv
ACC00000064,CUST000048,Fixed Deposit,4248492.51,INR,BR011,Active,2022-02-11,2026-07-25 15:03:46.711861+00:00,accounts.csv
ACC00000065,CUST000049,Savings,359844.2,INR,BR016,Active,2025-09-08,2026-07-25 15:03:46.711861+00:00,accounts.csv
ACC00000066,CUST000049,Savings,30820.67,INR,BR015,Active,2020-09-23,2026-07-25 15:03:46.711861+00:00,accounts.csv
ACC00000067,CUST000049,Fixed Deposit,3832235.4,INR,BR010,Active,2023-12-30,2026-07-25 15:03:46.711861+00:00,accounts.csv
ACC00000068,CUST000050,Current,106243.96,INR,BR014,Active,2022-04-25,2026-07-25 15:03:46.711861+00:00,accounts.csv
ACC00000069,CUST000050,Savings,135726.61,INR,BR006,Active,2019-08-09,2026-07-25 15:03:46.711861+00:00,accounts.csv
ACC00000070,CUST000050,Savings,199158.54,INR,BR013,Active,2021-05-22,2026-07-25 15:03:46.711861+00:00,accounts.csv
ACC00000071,CUST000051,Fixed Deposit,2807727.74,INR,BR008,Active,2025-01-30,2026-07-25 15:03:46.711861+00:00,accounts.csv
ACC00000072,CUST000051,Savings,61068.42,INR,BR018,Dormant,2026-01-07,2026-07-25 15:03:46.711861+00:00,accounts.csv
ACC00000073,CUST000052,Fixed Deposit,927199.68,INR,BR004,Active,2025-07-10,2026-07-25 15:03:46.711861+00:00,accounts.csv
ACC00000074,CUST000052,Current,86857.2,INR,BR019,Active,2016-11-19,2026-07-25 15:03:46.711861+00:00,accounts.csv
ACC00000075,CUST000052,Current,1405759.08,INR,BR015,Active,2023-07-06,2026-07-25 15:03:46.711861+00:00,accounts.csv
ACC00000076,CUST000053,Savings,259676.32,INR,BR010,Active,2017-07-26,2026-07-25 15:03:46.711861+00:00,accounts.csv
ACC00000077,CUST000054,Savings,265875.18,INR,BR010,Active,2026-03-06,2026-07-25 15:03:46.711861+00:00,accounts.csv
ACC00000078,CUST000055,Fixed Deposit,3188955.52,INR,BR017,Active,2025-12-26,2026-07-25 15:03:46.711861+00:00,accounts.csv
ACC00000079,CUST000056,Savings,102062.56,INR,BR006,Active,2023-02-18,2026-07-25 15:03:46.711861+00:00,accounts.csv
ACC00000080,CUST000057,Fixed Deposit,329876.86,INR,BR002,Active,2023-03-11,2026-07-25 15:03:46.711861+00:00,accounts.csv
ACC00000081,CUST000058,Current,657620.12,INR,BR020,Active,2018-06-29,2026-07-25 15:03:46.711861+00:00,accounts.csv
ACC00000082,CUST000059,Current,1985054.52,INR,BR011,Active,2020-09-24,2026-07-25 15:03:46.711861+00:00,accounts.csv
ACC00000083,CUST000059,Fixed Deposit,3442712.53,INR,BR006,Active,2020-01-02,2026-07-25 15:03:46.711861+00:00,accounts.csv
ACC00000084,CUST000059,Current,642199.48,INR,BR007,Dormant,2025-12-10,2026-07-25 15:03:46.711861+00:00,accounts.csv
ACC00000085,CUST000060,Fixed Deposit,3781026.7,INR,BR006,Active,2024-11-27,2026-07-25 15:03:46.711861+00:00,accounts.csv
ACC00000086,CUST000061,Fixed Deposit,2822878.69,INR,BR002,Active,2020-12-03,2026-07-25 15:03:46.711861+00:00,accounts.csv
ACC00000087,CUST000062,Current,1889600.83,INR,BR013,Active,2022-01-31,2026-07-25 15:03:46.711861+00:00,accounts.csv
ACC00000088,CUST000063,Current,608352.21,INR,BR006,Active,2023-11-19,2026-07-25 15:03:46.711861+00:00,accounts.csv
ACC00000089,CUST000064,Current,65447.2,INR,BR016,Active,2025-01-04,2026-07-25 15:03:46.711861+00:00,accounts.csv
ACC00000090,CUST000065,Current,701878.03,INR,BR009,Active,2026-07-12,2026-07-25 15:03:46.711861+00:00,accounts.csv
ACC00000091,CUST000066,Fixed Deposit,3137683.67,INR,BR017,Active,2017-09-19,2026-07-25 15:03:46.711861+00:00,accounts.csv
ACC00000092,CUST000066,Current,1466930.69,INR,BR014,Active,2021-06-07,2026-07-25 15:03:46.711861+00:00,accounts.csv
ACC00000093,CUST000067,Fixed Deposit,3397141.66,INR,BR001,Active,2025-06-15,2026-07-25 15:03:46.711861+00:00,accounts.csv
ACC00000094,CUST000068,Fixed Deposit,602801.23,INR,BR001,Active,2019-08-25,2026-07-25 15:03:46.711861+00:00,accounts.csv
ACC00000095,CUST000068,Current,1092006.87,INR,BR013,Active,2017-09-28,2026-07-25 15:03:46.711861+00:00,accounts.csv
ACC00000096,CUST000069,Current,155196.84,INR,BR011,Active,2021-12-19,2026-07-25 15:03:46.711861+00:00,accounts.csv
ACC00000097,CUST000069,Savings,262527.04,INR,BR016,Active,2020-10-24,2026-07-25 15:03:46.711861+00:00,accounts.csv
ACC00000098,CUST000070,Savings,105197.6,INR,BR010,Active,2018-02-26,2026-07-25 15:03:46.711861+00:00,accounts.csv
ACC00000099,CUST000071,Savings,305014.33,INR,BR003,Active,2024-11-20,2026-07-25 15:03:46.711861+00:00,accounts.csv
ACC00000100,CUST000072,Savings,426046.4,INR,BR018,Active,2022-09-09,2026-07-25 15:03:46.711861+00:00,accounts.csv
ACC00000101,CUST000072,Savings,334199.6,INR,BR010,Active,2016-08-01,2026-07-25 15:03:46.711861+00:00,accounts.csv
ACC00000102,CUST000073,Fixed Deposit,4076482.46,INR,BR011,Active,2024-10-07,2026-07-25 15:03:46.711861+00:00,accounts.csv
ACC00000103,CUST000074,Current,653582.6,INR,BR013,Active,2022-03-20,2026-07-25 15:03:46.711861+00:00,accounts.csv
ACC00000104,CUST000075,Savings,468294.49,INR,BR011,Active,2022-09-29,2026-07-25 15:03:46.711861+00:00,accounts.csv
ACC00000105,CUST000076,Current,657592.03,INR,BR001,Active,2025-06-13,2026-07-25 15:03:46.711861+00:00,accounts.csv
ACC00000106,CUST000076,Current,482122.66,INR,BR004,Active,2024-03-17,2026-07-25 15:03:46.711861+00:00,accounts.csv
ACC00000107,CUST000077,Fixed Deposit,3253320.68,INR,BR020,Active,2020-08-11,2026-07-25 15:03:46.711861+00:00,accounts.csv
ACC00000108,CUST000078,Fixed Deposit,4654155.72,INR,BR012,Active,2018-10-22,2026-07-25 15:03:46.711861+00:00,accounts.csv
ACC00000109,CUST000079,Fixed Deposit,4807704.93,INR,BR015,Active,2017-12-25,2026-07-25 15:03:46.711861+00:00,accounts.csv
ACC00000110,CUST000080,Savings,64357.69,INR,BR003,Active,2022-09-12,2026-07-25 15:03:46.711861+00:00,accounts.csv
ACC00000111,CUST000081,Current,1931381.09,INR,BR016,Active,2023-05-24,2026-07-25 15:03:46.711861+00:00,accounts.csv
ACC00000112,CUST000081,Savings,100561.13,INR,BR014,Active,2024-02-22,2026-07-25 15:03:46.711861+00:00,accounts.csv
ACC00000113,CUST000081,Savings,467172.6,INR,BR010,Active,2023-12-31,2026-07-25 15:03:46.711861+00:00,accounts.csv
ACC00000114,CUST000082,Savings,326931.79,INR,BR018,Active,2019-09-06,2026-07-25 15:03:46.711861+00:00,accounts.csv
ACC00000115,CUST000083,Fixed Deposit,4072972.44,INR,BR012,Active,2017-07-17,2026-07-25 15:03:46.711861+00:00,accounts.csv
ACC00000116,CUST000083,Savings,187654.11,INR,BR016,Active,2025-12-14,2026-07-25 15:03:46.711861+00:00,accounts.csv
ACC00000117,CUST000084,Savings,476978.51,INR,BR020,Active,2019-01-19,2026-07-25 15:03:46.711861+00:00,accounts.csv
ACC00000118,CUST000084,Current,335890.08,INR,BR008,Active,2021-07-05,2026-07-25 15:03:46.711861+00:00,accounts.csv
ACC00000119,CUST000085,Current,144906.2,INR,BR019,Active,2024-11-30,2026-07-25 15:03:46.711861+00:00,accounts.csv
ACC00000120,CUST000085,Current,1798851.88,INR,BR006,Active,2025-05-01,2026-07-25 15:03:46.711861+00:00,accounts.csv
ACC00000121,CUST000086,Savings,138377.77,INR,BR001,Active,2017-09-17,2026-07-25 15:03:46.711861+00:00,accounts.csv
ACC00000122,CUST000087,Fixed Deposit,1347626.09,INR,BR018,Active,2019-01-04,2026-07-25 15:03:46.711861+00:00,accounts.csv
ACC00000123,CUST000087,Current,1963700.41,INR,BR016,Active,2023-01-16,2026-07-25 15:03:46.711861+00:00,accounts.csv
ACC00000124,CUST000087,Current,1666792.4,INR,BR005,Active,2023-08-03,2026-07-25 15:03:46.711861+00:00,accounts.csv
ACC00000125,CUST000088,Fixed Deposit,126119.67,INR,BR003,Active,2016-08-15,2026-07-25 15:03:46.711861+00:00,accounts.csv
ACC00000126,CUST000089,Current,842757.26,INR,BR013,Active,2025-01-18,2026-07-25 15:03:46.711861+00:00,accounts.csv
ACC00000127,CUST000089,Current,1770005.39,INR,BR019,Active,2019-09-14,2026-07-25 15:03:46.711861+00:00,accounts.csv
ACC00000128,CUST000090,Savings,490026.13,INR,BR012,Active,2025-09-22,2026-07-25 15:03:46.711861+00:00,accounts.csv
ACC00000129,CUST000091,Savings,417251.93,INR,BR019,Active,2022-09-24,2026-07-25 15:03:46.711861+00:00,accounts.csv
ACC00000130,CUST000092,Fixed Deposit,1396893.67,INR,BR007,Dormant,2017-02-18,2026-07-25 15:03:46.711861+00:00,accounts.csv
ACC00000131,CUST000093,Savings,385494.54,INR,BR008,Dormant,2019-02-10,2026-07-25 15:03:46.711861+00:00,accounts.csv
ACC00000132,CUST000094,Current,1257625.95,INR,BR005,Active,2018-02-13,2026-07-25 15:03:46.711861+00:00,accounts.csv
ACC00000133,CUST000095,Fixed Deposit,3519853.25,INR,BR015,Active,2017-07-15,2026-07-25 15:03:46.711861+00:00,accounts.csv
ACC00000134,CUST000095,Savings,347219.28,INR,BR006,Active,2020-08-08,2026-07-25 15:03:46.711861+00:00,accounts.csv
ACC00000135,CUST000095,Fixed Deposit,2459848.0,INR,BR019,Active,2019-11-21,2026-07-25 15:03:46.711861+00:00,accounts.csv
ACC00000136,CUST000096,Current,1411535.84,INR,BR005,Active,2019-08-20,2026-07-25 15:03:46.711861+00:00,accounts.csv
ACC00000137,CUST000096,Savings,150872.62,INR,BR012,Active,2026-06-07,2026-07-25 15:03:46.711861+00:00,accounts.csv
ACC00000138,CUST000097,Current,172909.96,INR,BR008,Dormant,2023-02-14,2026-07-25 15:03:46.711861+00:00,accounts.csv
ACC00000139,CUST000098,Fixed Deposit,2830526.97,INR,BR006,Active,2025-09-13,2026-07-25 15:03:46.711861+00:00,accounts.csv
ACC00000140,CUST000099,Current,1057325.8,INR,BR017,Active,2023-05-21,2026-07-25 15:03:46.711861+00:00,accounts.csv
ACC00000141,CUST000100,Fixed Deposit,2515517.69,INR,BR003,Active,2021-08-12,2026-07-25 15:03:46.711861+00:00,accounts.csv
ACC00000142,CUST000101,Current,306564.33,INR,BR006,Active,2021-06-29,2026-07-25 15:03:46.711861+00:00,accounts.csv
ACC00000143,CUST000102,Savings,467653.65,INR,BR020,Active,2022-05-31,2026-07-25 15:03:46.711861+00:00,accounts.csv
ACC00000144,CUST000103,Savings,59232.98,INR,BR007,Active,2023-01-06,2026-07-25 15:03:46.711861+00:00,accounts.csv
ACC00000145,CUST000103,Fixed Deposit,4959111.36,INR,BR001,Active,2022-07-03,2026-07-25 15:03:46.711861+00:00,accounts.csv
ACC00000146,CUST000104,Current,1740358.7,INR,BR015,Active,2024-01-03,2026-07-25 15:03:46.711861+00:00,accounts.csv
ACC00000147,CUST000104,Current,1449123.23,INR,BR009,Active,2019-11-05,2026-07-25 15:03:46.711861+00:00,accounts.csv
ACC00000148,CUST000105,Current,465305.32,INR,BR017,Active,2023-01-08,2026-07-25 15:03:46.711861+00:00,accounts.csv
ACC00000149,CUST000106,Current,1078747.12,INR,BR005,Active,2019-05-08,2026-07-25 15:03:46.711861+00:00,accounts.csv
ACC00000150,CUST000106,Fixed Deposit,619991.55,INR,BR005,Active,2021-06-15,2026-07-25 15:03:46.711861+00:00,accounts.csv
ACC00000151,CUST000107,Savings,162026.0,INR,BR001,Active,2018-10-20,2026-07-25 15:03:46.711861+00:00,accounts.csv
ACC00000152,CUST000108,Fixed Deposit,3335428.97,INR,BR006,Active,2019-08-17,2026-07-25 15:03:46.711861+00:00,accounts.csv
ACC00000153,CUST000109,Current,663828.21,INR,BR006,Active,2023-03-05,2026-07-25 15:03:46.711861+00:00,accounts.csv
ACC00000154,CUST000110,Savings,212217.37,INR,BR012,Dormant,2024-08-31,2026-07-25 15:03:46.711861+00:00,accounts.csv
ACC00000155,CUST000110,Savings,296985.84,INR,BR015,Active,2024-05-23,2026-07-25 15:03:46.711861+00:00,accounts.csv
ACC00000156,CUST000111,Current,125273.61,INR,BR010,Active,2020-04-30,2026-07-25 15:03:46.711861+00:00,accounts.csv
ACC00000157,CUST000112,Current,905834.16,INR,BR001,Active,2019-10-24,2026-07-25 15:03:46.711861+00:00,accounts.csv
ACC00000158,CUST000112,Fixed Deposit,3886685.72,INR,BR010,Active,2021-02-04,2026-07-25 15:03:46.711861+00:00,accounts.csv
ACC00000159,CUST000113,Current,43640.01,INR,BR017,Active,2026-05-25,2026-07-25 15:03:46.711861+00:00,accounts.csv
ACC00000160,CUST000113,Savings,408320.71,INR,BR016,Active,2020-07-22,2026-07-25 15:03:46.711861+00:00,accounts.csv
ACC00000161,CUST000114,Current,1306605.22,INR,BR009,Active,2026-01-13,2026-07-25 15:03:46.711861+00:00,accounts.csv
ACC00000162,CUST000115,Savings,69963.9,INR,BR001,Active,2017-10-18,2026-07-25 15:03:46.711861+00:00,accounts.csv
ACC00000163,CUST000116,Fixed Deposit,2214168.46,INR,BR005,Active,2026-02-14,2026-07-25 15:03:46.711861+00:00,accounts.csv
ACC00000164,CUST000116,Savings,228363.47,INR,BR014,Active,2021-04-04,2026-07-25 15:03:46.711861+00:00,accounts.csv
ACC00000165,CUST000117,Current,1334610.83,INR,BR015,Active,2021-12-27,2026-07-25 15:03:46.711861+00:00,accounts.csv
ACC00000166,CUST000117,Current,1158454.29,INR,BR005,Active,2025-08-24,2026-07-25 15:03:46.711861+00:00,accounts.csv
ACC00000167,CUST000117,Current,185583.77,INR,BR014,Closed,2020-12-11,2026-07-25 15:03:46.711861+00:00,accounts.csv
ACC00000168,CUST000118,Current,1505375.19,INR,BR001,Active,2026-02-16,2026-07-25 15:03:46.711861+00:00,accounts.csv
ACC00000169,CUST000119,Savings,479562.06,INR,BR015,Closed,2024-01-11,2026-07-25 15:03:46.711861+00:00,accounts.csv
ACC00000170,CUST000120,Current,368159.22,INR,BR011,Active,2019-11-26,2026-07-25 15:03:46.711861+00:00,accounts.csv
ACC00000171,CUST000120,Current,730217.76,INR,BR003,Active,2019-12-03,2026-07-25 15:03:46.711861+00:00,accounts.csv
ACC00000172,CUST000120,Fixed Deposit,1103115.67,INR,BR020,Closed,2025-10-17,2026-07-25 15:03:46.711861+00:00,accounts.csv
ACC00000173,CUST000121,Savings,265167.53,INR,BR009,Active,2018-11-23,2026-07-25 15:03:46.711861+00:00,accounts.csv
ACC00000174,CUST000122,Savings,205360.21,INR,BR004,Active,2019-01-22,2026-07-25 15:03:46.711861+00:00,accounts.csv
ACC00000175,CUST000122,Savings,266111.92,INR,BR002,Active,2022-11-05,2026-07-25 15:03:46.711861+00:00,accounts.csv
ACC00000176,CUST000122,Fixed Deposit,3624964.63,INR,BR004,Active,2023-10-11,2026-07-25 15:03:46.711861+00:00,accounts.csv
ACC00000177,CUST000123,Fixed Deposit,1463873.81,INR,BR017,Active,2018-06-19,2026-07-25 15:03:46.711861+00:00,accounts.csv
ACC00000178,CUST000123,Current,1245263.09,INR,BR010,Active,2017-04-06,2026-07-25 15:03:46.711861+00:00,accounts.csv
ACC00000179,CUST000124,Current,1019974.1,INR,BR012,Active,2019-09-02,2026-07-25 15:03:46.711861+00:00,accounts.csv
ACC00000180,CUST000125,Current,1989959.04,INR,BR014,Active,2026-02-07,2026-07-25 15:03:46.711861+00:00,accounts.csv
ACC00000181,CUST000125,Fixed Deposit,1702515.87,INR,BR019,Active,2018-02-17,2026-07-25 15:03:46.711861+00:00,accounts.csv
ACC00000182,CUST000126,Fixed Deposit,2701477.4,INR,BR004,Active,2017-11-28,2026-07-25 15:03:46.711861+00:00,accounts.csv
ACC00000183,CUST000127,Savings,478723.38,INR,BR013,Active,2023-02-10,2026-07-25 15:03:46.711861+00:00,accounts.csv
ACC00000184,CUST000128,Savings,287787.6,INR,BR016,Active,2021-02-23,2026-07-25 15:03:46.711861+00:00,accounts.csv
ACC00000185,CUST000129,Current,385401.92,INR,BR008,Active,2022-12-29,2026-07-25 15:03:46.711861+00:00,accounts.csv
ACC00000186,CUST000130,Fixed Deposit,3166172.5,INR,BR005,Active,2023-05-19,2026-07-25 15:03:46.711861+00:00,accounts.csv
ACC00000187,CUST000131,Fixed Deposit,2844380.23,INR,BR006,Active,2025-11-01,2026-07-25 15:03:46.711861+00:00,accounts.csv
ACC00000188,CUST000132,Savings,52807.89,INR,BR018,Active,2026-02-13,2026-07-25 15:03:46.711861+00:00,accounts.csv
ACC00000189,CUST000132,Fixed Deposit,2348655.37,INR,BR014,Active,2021-11-15,2026-07-25 15:03:46.711861+00:00,accounts.csv
ACC00000190,CUST000133,Current,1213592.01,INR,BR015,Active,2020-02-01,2026-07-25 15:03:46.711861+00:00,accounts.csv
ACC00000191,CUST000134,Fixed Deposit,938503.1,INR,BR005,Active,2020-09-11,2026-07-25 15:03:46.711861+00:00,accounts.csv
ACC00000192,CUST000134,Current,1497468.31,INR,BR007,Dormant,2017-04-30,2026-07-25 15:03:46.711861+00:00,accounts.csv
ACC00000193,CUST000135,Fixed Deposit,2841983.16,INR,BR009,Active,2017-04-22,2026-07-25 15:03:46.711861+00:00,accounts.csv
ACC00000194,CUST000136,Current,385543.43,INR,BR018,Active,2026-04-30,2026-07-25 15:03:46.711861+00:00,accounts.csv
ACC00000195,CUST000136,Fixed Deposit,4561712.7,INR,BR006,Active,2016-08-05,2026-07-25 15:03:46.711861+00:00,accounts.csv
ACC00000196,CUST000136,Fixed Deposit,4946596.5,INR,BR016,Active,2023-03-08,2026-07-25 15:03:46.711861+00:00,accounts.csv
ACC00000197,CUST000137,Fixed Deposit,3159244.26,INR,BR001,Active,2022-02-09,2026-07-25 15:03:46.711861+00:00,accounts.csv
ACC00000198,CUST000138,Fixed Deposit,4752689.25,INR,BR002,Active,2025-07-01,2026-07-25 15:03:46.711861+00:00,accounts.csv
ACC00000199,CUST000139,Current,325205.67,INR,BR010,Active,2020-02-10,2026-07-25 15:03:46.711861+00:00,accounts.csv
ACC00000200,CUST000140,Savings,103268.32,INR,BR011,Active,2020-01-29,2026-07-25 15:03:46.711861+00:00,accounts.csv
ACC00000201,CUST000141,Fixed Deposit,3442031.7,INR,BR011,Active,2023-01-18,2026-07-25 15:03:46.711861+00:00,accounts.csv
ACC00000202,CUST000142,Fixed Deposit,1509050.78,INR,BR013,Active,2020-03-27,2026-07-25 15:03:46.711861+00:00,accounts.csv
ACC00000203,CUST000142,Savings,493556.94,INR,BR007,Active,2019-04-21,2026-07-25 15:03:46.711861+00:00,accounts.csv
ACC00000204,CUST000143,Fixed Deposit,1098271.19,INR,BR005,Active,2020-11-26,2026-07-25 15:03:46.711861+00:00,accounts.csv
ACC00000205,CUST000143,Fixed Deposit,3822798.02,INR,BR005,Active,2024-08-24,2026-07-25 15:03:46.711861+00:00,accounts.csv
ACC00000206,CUST000144,Fixed Deposit,1014723.64,INR,BR019,Active,2021-05-04,2026-07-25 15:03:46.711861+00:00,accounts.csv
ACC00000207,CUST000145,Current,726919.78,INR,BR013,Active,2016-09-18,2026-07-25 15:03:46.711861+00:00,accounts.csv
ACC00000208,CUST000146,Current,995731.96,INR,BR016,Active,2017-02-03,2026-07-25 15:03:46.711861+00:00,accounts.csv
ACC00000209,CUST000146,Savings,314564.62,INR,BR017,Active,2022-01-29,2026-07-25 15:03:46.711861+00:00,accounts.csv
ACC00000210,CUST000147,Fixed Deposit,2546340.14,INR,BR013,Active,2023-04-16,2026-07-25 15:03:46.711861+00:00,accounts.csv
ACC00000211,CUST000148,Current,1051111.27,INR,BR008,Active,2017-06-09,2026-07-25 15:03:46.711861+00:00,accounts.csv
ACC00000212,CUST000149,Savings,78481.51,INR,BR014,Active,2021-03-30,2026-07-25 15:03:46.711861+00:00,accounts.csv
ACC00000213,CUST000149,Current,94722.13,INR,BR019,Closed,2019-09-27,2026-07-25 15:03:46.711861+00:00,accounts.csv
ACC00000214,CUST000150,Savings,142168.66,INR,BR019,Active,2025-01-27,2026-07-25 15:03:46.711861+00:00,accounts.csv
ACC00000215,CUST000151,Current,476916.55,INR,BR007,Active,2020-08-23,2026-07-25 15:03:46.711861+00:00,accounts.csv
ACC00000216,CUST000151,Current,872492.63,INR,BR017,Active,2026-06-29,2026-07-25 15:03:46.711861+00:00,accounts.csv
ACC00000217,CUST000152,Current,707207.71,INR,BR011,Active,2023-01-09,2026-07-25 15:03:46.711861+00:00,accounts.csv
ACC00000218,CUST000153,Current,1529702.26,INR,BR008,Active,2021-02-15,2026-07-25 15:03:46.711861+00:00,accounts.csv
ACC00000219,CUST000153,Current,1506216.15,INR,BR018,Active,2019-04-25,2026-07-25 15:03:46.711861+00:00,accounts.csv
ACC00000220,CUST000154,Fixed Deposit,1964253.94,INR,BR018,Active,2020-04-09,2026-07-25 15:03:46.711861+00:00,accounts.csv
ACC00000221,CUST000154,Current,218276.39,INR,BR018,Active,2020-10-30,2026-07-25 15:03:46.711861+00:00,accounts.csv
ACC00000222,CUST000155,Fixed Deposit,4002074.95,INR,BR007,Active,2025-04-24,2026-07-25 15:03:46.711861+00:00,accounts.csv
ACC00000223,CUST000156,Savings,188143.02,INR,BR017,Active,2017-10-03,2026-07-25 15:03:46.711861+00:00,accounts.csv
ACC00000224,CUST000156,Current,1889061.09,INR,BR001,Active,2017-03-13,2026-07-25 15:03:46.711861+00:00,accounts.csv
ACC00000225,CUST000157,Current,648727.57,INR,BR015,Active,2026-01-24,2026-07-25 15:03:46.711861+00:00,accounts.csv
ACC00000226,CUST000157,Savings,297672.03,INR,BR007,Active,2024-12-26,2026-07-25 15:03:46.711861+00:00,accounts.csv
ACC00000227,CUST000158,Current,31319.75,INR,BR006,Active,2020-04-13,2026-07-25 15:03:46.711861+00:00,accounts.csv
ACC00000228,CUST000159,Fixed Deposit,2152325.82,INR,BR003,Active,2024-07-25,2026-07-25 15:03:46.711861+00:00,accounts.csv
ACC00000229,CUST000160,Fixed Deposit,4540750.62,INR,BR001,Active,2019-06-27,2026-07-25 15:03:46.711861+00:00,accounts.csv
ACC00000230,CUST000161,Current,1639373.67,INR,BR006,Active,2024-10-16,2026-07-25 15:03:46.711861+00:00,accounts.csv
ACC00000231,CUST000161,Savings,445175.86,INR,BR013,Active,2016-11-24,2026-07-25 15:03:46.711861+00:00,accounts.csv
ACC00000232,CUST000162,Savings,147047.87,INR,BR020,Active,2022-10-07,2026-07-25 15:03:46.711861+00:00,accounts.csv
ACC00000233,CUST000162,Fixed Deposit,4331974.82,INR,BR012,Active,2018-06-22,2026-07-25 15:03:46.711861+00:00,accounts.csv
ACC00000234,CUST000163,Savings,495116.63,INR,BR009,Active,2018-09-15,2026-07-25 15:03:46.711861+00:00,accounts.csv
ACC00000235,CUST000163,Savings,86692.75,INR,BR011,Active,2024-07-20,2026-07-25 15:03:46.711861+00:00,accounts.csv
ACC00000236,CUST000163,Savings,356917.6,INR,BR015,Active,2021-03-21,2026-07-25 15:03:46.711861+00:00,accounts.csv
ACC00000237,CUST000164,Fixed Deposit,4526805.67,INR,BR015,Active,2025-10-08,2026-07-25 15:03:46.711861+00:00,accounts.csv
ACC00000238,CUST000165,Fixed Deposit,2014409.64,INR,BR005,Active,2021-05-31,2026-07-25 15:03:46.711861+00:00,accounts.csv
ACC00000239,CUST000166,Fixed Deposit,913702.99,INR,BR008,Dormant,2019-11-30,2026-07-25 15:03:46.711861+00:00,accounts.csv
ACC00000240,CUST000167,Current,70021.82,INR,BR013,Active,2019-10-07,2026-07-25 15:03:46.711861+00:00,accounts.csv
ACC00000241,CUST000167,Savings,361367.64,INR,BR019,Active,2022-03-10,2026-07-25 15:03:46.711861+00:00,accounts.csv
ACC00000242,CUST000168,Savings,73694.36,INR,BR009,Active,2018-02-14,2026-07-25 15:03:46.711861+00:00,accounts.csv
ACC00000243,CUST000169,Savings,482929.07,INR,BR014,Dormant,2018-04-11,2026-07-25 15:03:46.711861+00:00,accounts.csv
ACC00000244,CUST000169,Savings,348537.72,INR,BR006,Dormant,2021-01-10,2026-07-25 15:03:46.711861+00:00,accounts.csv
ACC00000245,CUST000169,Savings,364952.61,INR,BR012,Active,2016-11-30,2026-07-25 15:03:46.711861+00:00,accounts.csv
ACC00000246,CUST000170,Fixed Deposit,2701464.57,INR,BR017,Active,2022-03-22,2026-07-25 15:03:46.711861+00:00,accounts.csv
ACC00000247,CUST000170,Savings,415830.57,INR,BR008,Active,2018-07-04,2026-07-25 15:03:46.711861+00:00,accounts.csv
ACC00000248,CUST000171,Savings,197190.62,INR,BR004,Active,2017-05-01,2026-07-25 15:03:46.711861+00:00,accounts.csv
ACC00000249,CUST000171,Fixed Deposit,1640600.15,INR,BR013,Active,2023-12-30,2026-07-25 15:03:46.711861+00:00,accounts.csv
ACC00000250,CUST000171,Savings,229595.36,INR,BR013,Active,2019-05-09,2026-07-25 15:03:46.711861+00:00,accounts.csv
ACC00000251,CUST000172,Fixed Deposit,2902720.22,INR,BR011,Active,2024-06-27,2026-07-25 15:03:46.711861+00:00,accounts.csv
ACC00000252,CUST000172,Savings,126386.84,INR,BR001,Dormant,2017-08-04,2026-07-25 15:03:46.711861+00:00,accounts.csv
ACC00000253,CUST000173,Fixed Deposit,4625491.01,INR,BR005,Active,2022-10-30,2026-07-25 15:03:46.711861+00:00,accounts.csv
ACC00000254,CUST000174,Savings,70149.64,INR,BR007,Active,2020-09-14,2026-07-25 15:03:46.711861+00:00,accounts.csv
ACC00000255,CUST000175,Current,577409.86,INR,BR005,Dormant,2017-10-13,2026-07-25 15:03:46.711861+00:00,accounts.csv
ACC00000256,CUST000175,Savings,190068.32,INR,BR011,Active,2024-03-30,2026-07-25 15:03:46.711861+00:00,accounts.csv
ACC00000257,CUST000175,Fixed Deposit,1360233.95,INR,BR013,Active,2018-04-07,2026-07-25 15:03:46.711861+00:00,accounts.csv
ACC00000258,CUST000176,Savings,207194.33,INR,BR011,Active,2017-09-22,2026-07-25 15:03:46.711861+00:00,accounts.csv
ACC00000259,CUST000177,Savings,492711.26,INR,BR003,Active,2023-05-28,2026-07-25 15:03:46.711861+00:00,accounts.csv
ACC00000260,CUST000178,Current,1666815.32,INR,BR004,Active,2017-02-17,2026-07-25 15:03:46.711861+00:00,accounts.csv
ACC00000261,CUST000178,Savings,23063.47,INR,BR005,Active,2024-12-03,2026-07-25 15:03:46.711861+00:00,accounts.csv
ACC00000262,CUST000178,Current,1919152.45,INR,BR011,Closed,2020-04-23,2026-07-25 15:03:46.711861+00:00,accounts.csv
ACC00000263,CUST000179,Savings,482856.64,INR,BR007,Active,2018-08-07,2026-07-25 15:03:46.711861+00:00,accounts.csv
ACC00000264,CUST000180,Savings,454231.36,INR,BR018,Active,2021-04-06,2026-07-25 15:03:46.711861+00:00,accounts.csv
ACC00000265,CUST000181,Fixed Deposit,3956975.96,INR,BR012,Active,2025-04-15,2026-07-25 15:03:46.711861+00:00,accounts.csv
ACC00000266,CUST000182,Current,1601966.18,INR,BR015,Active,2017-04-03,2026-07-25 15:03:46.711861+00:00,accounts.csv
ACC00000267,CUST000182,Savings,249841.69,INR,BR008,Active,2026-07-22,2026-07-25 15:03:46.711861+00:00,accounts.csv
ACC00000268,CUST000183,Fixed Deposit,1261283.84,INR,BR020,Active,2026-02-08,2026-07-25 15:03:46.711861+00:00,accounts.csv
ACC00000269,CUST000183,Savings,420835.83,INR,BR004,Active,2021-06-21,2026-07-25 15:03:46.711861+00:00,accounts.csv
ACC00000270,CUST000184,Fixed Deposit,3392059.8,INR,BR015,Active,2021-04-27,2026-07-25 15:03:46.711861+00:00,accounts.csv
ACC00000271,CUST000185,Current,1640519.13,INR,BR016,Active,2021-08-14,2026-07-25 15:03:46.711861+00:00,accounts.csv
ACC00000272,CUST000186,Fixed Deposit,885574.02,INR,BR012,Active,2025-08-20,2026-07-25 15:03:46.711861+00:00,accounts.csv
ACC00000273,CUST000187,Savings,130666.48,INR,BR020,Active,2017-01-15,2026-07-25 15:03:46.711861+00:00,accounts.csv
ACC00000274,CUST000188,Current,1294079.71,INR,BR020,Active,2017-01-10,2026-07-25 15:03:46.711861+00:00,accounts.csv
ACC00000275,CUST000188,Current,1266187.09,INR,BR011,Active,2023-04-03,2026-07-25 15:03:46.711861+00:00,accounts.csv
ACC00000276,CUST000189,Savings,70725.95,INR,BR002,Active,2021-08-08,2026-07-25 15:03:46.711861+00:00,accounts.csv
ACC00000277,CUST000189,Fixed Deposit,4219984.68,INR,BR020,Active,2018-05-05,2026-07-25 15:03:46.711861+00:00,accounts.csv
ACC00000278,CUST000190,Savings,170849.04,INR,BR009,Active,2023-07-03,2026-07-25 15:03:46.711861+00:00,accounts.csv
ACC00000279,CUST000191,Fixed Deposit,104920.73,INR,BR006,Active,2018-12-17,2026-07-25 15:03:46.711861+00:00,accounts.csv
ACC00000280,CUST000192,Current,1747571.89,INR,BR012,Active,2016-09-24,2026-07-25 15:03:46.711861+00:00,accounts.csv
ACC00000281,CUST000193,Savings,83403.44,INR,BR019,Active,2022-10-26,2026-07-25 15:03:46.711861+00:00,accounts.csv
ACC00000282,CUST000193,Current,1618130.49,INR,BR014,Active,2025-09-20,2026-07-25 15:03:46.711861+00:00,accounts.csv
ACC00000283,CUST000194,Savings,426466.33,INR,BR004,Active,2025-10-08,2026-07-25 15:03:46.711861+00:00,accounts.csv
ACC00000284,CUST000195,Current,877284.42,INR,BR011,Active,2024-06-19,2026-07-25 15:03:46.711861+00:00,accounts.csv
ACC00000285,CUST000196,Fixed Deposit,4069786.87,INR,BR014,Active,2021-10-24,2026-07-25 15:03:46.711861+00:00,accounts.csv
ACC00000286,CUST000197,Savings,48387.21,INR,BR019,Dormant,2022-04-21,2026-07-25 15:03:46.711861+00:00,accounts.csv
ACC00000287,CUST000197,Current,29381.91,INR,BR016,Active,2022-03-31,2026-07-25 15:03:46.711861+00:00,accounts.csv
ACC00000288,CUST000198,Savings,114602.2,INR,BR012,Active,2025-05-03,2026-07-25 15:03:46.711861+00:00,accounts.csv
ACC00000289,CUST000198,Fixed Deposit,989475.24,INR,BR011,Active,2024-02-21,2026-07-25 15:03:46.711861+00:00,accounts.csv
ACC00000290,CUST000199,Savings,353276.85,INR,BR007,Active,2017-11-08,2026-07-25 15:03:46.711861+00:00,accounts.csv
ACC00000291,CUST000199,Current,742682.11,INR,BR003,Active,2025-06-07,2026-07-25 15:03:46.711861+00:00,accounts.csv
ACC00000292,CUST000200,Fixed Deposit,684926.5,INR,BR001,Active,2021-09-08,2026-07-25 15:03:46.711861+00:00,accounts.csv
ACC00000293,CUST000201,Fixed Deposit,397542.74,INR,BR005,Active,2024-03-15,2026-07-25 15:03:46.711861+00:00,accounts.csv
ACC00000294,CUST000202,Fixed Deposit,1762356.24,INR,BR011,Active,2020-06-28,2026-07-25 15:03:46.711861+00:00,accounts.csv
ACC00000295,CUST000203,Savings,81900.65,INR,BR016,Active,2022-12-26,2026-07-25 15:03:46.711861+00:00,accounts.csv
ACC00000296,CUST000204,Fixed Deposit,273700.77,INR,BR017,Active,2017-02-24,2026-07-25 15:03:46.711861+00:00,accounts.csv
ACC00000297,CUST000205,Current,582856.13,INR,BR011,Active,2022-10-28,2026-07-25 15:03:46.711861+00:00,accounts.csv
ACC00000298,CUST000206,Current,1548361.03,INR,BR008,Active,2026-03-12,2026-07-25 15:03:46.711861+00:00,accounts.csv
ACC00000299,CUST000206,Current,1351374.93,INR,BR011,Active,2020-01-21,2026-07-25 15:03:46.711861+00:00,accounts.csv
ACC00000300,CUST000207,Fixed Deposit,1607198.59,INR,BR016,Active,2020-07-13,2026-07-25 15:03:46.711861+00:00,accounts.csv
ACC00000301,CUST000208,Fixed Deposit,2404549.46,INR,BR011,Active,2026-07-03,2026-07-25 15:03:46.711861+00:00,accounts.csv
ACC00000302,CUST000209,Current,1732170.56,INR,BR003,Active,2026-04-08,2026-07-25 15:03:46.711861+00:00,accounts.csv
ACC00000303,CUST000210,Savings,480524.75,INR,BR020,Dormant,2021-01-26,2026-07-25 15:03:46.711861+00:00,accounts.csv
ACC00000304,CUST000210,Fixed Deposit,2612703.39,INR,BR014,Active,2022-11-11,2026-07-25 15:03:46.711861+00:00,accounts.csv
ACC00000305,CUST000211,Fixed Deposit,2722009.99,INR,BR015,Active,2024-10-24,2026-07-25 15:03:46.711861+00:00,accounts.csv
ACC00000306,CUST000211,Fixed Deposit,4073575.38,INR,BR017,Closed,2024-03-31,2026-07-25 15:03:46.711861+00:00,accounts.csv
ACC00000307,CUST000212,Fixed Deposit,1328906.91,INR,BR012,Dormant,2018-05-18,2026-07-25 15:03:46.711861+00:00,accounts.csv
ACC00000308,CUST000213,Fixed Deposit,4884159.48,INR,BR005,Active,2019-05-30,2026-07-25 15:03:46.711861+00:00,accounts.csv
ACC00000309,CUST000213,Current,703615.34,INR,BR016,Active,2026-06-21,2026-07-25 15:03:46.711861+00:00,accounts.csv
ACC00000310,CUST000214,Fixed Deposit,1546635.56,INR,BR011,Active,2021-08-17,2026-07-25 15:03:46.711861+00:00,accounts.csv
ACC00000311,CUST000215,Current,1100175.66,INR,BR015,Active,2023-11-27,2026-07-25 15:03:46.711861+00:00,accounts.csv
ACC00000312,CUST000215,Fixed Deposit,4008876.91,INR,BR010,Active,2017-06-17,2026-07-25 15:03:46.711861+00:00,accounts.csv
ACC00000313,CUST000215,Fixed Deposit,4572619.21,INR,BR006,Dormant,2023-05-16,2026-07-25 15:03:46.711861+00:00,accounts.csv
ACC00000314,CUST000216,Savings,346622.35,INR,BR013,Active,2022-02-22,2026-07-25 15:03:46.711861+00:00,accounts.csv
ACC00000315,CUST000217,Fixed Deposit,2954923.6,INR,BR010,Active,2018-01-04,2026-07-25 15:03:46.711861+00:00,accounts.csv
ACC00000316,CUST000218,Fixed Deposit,2979849.24,INR,BR014,Dormant,2023-07-24,2026-07-25 15:03:46.711861+00:00,accounts.csv
ACC00000317,CUST000219,Savings,432420.43,INR,BR012,Active,2019-08-30,2026-07-25 15:03:46.711861+00:00,accounts.csv
ACC00000318,CUST000219,Fixed Deposit,2044488.36,INR,BR001,Active,2016-11-08,2026-07-25 15:03:46.711861+00:00,accounts.csv
ACC00000319,CUST000220,Fixed Deposit,2686710.58,INR,BR019,Active,2023-10-19,2026-07-25 15:03:46.711861+00:00,accounts.csv
ACC00000320,CUST000220,Current,819615.48,INR,BR005,Active,2022-08-17,2026-07-25 15:03:46.711861+00:00,accounts.csv
ACC00000321,CUST000220,Savings,233750.35,INR,BR004,Active,2017-09-27,2026-07-25 15:03:46.711861+00:00,accounts.csv
ACC00000322,CUST000221,Current,1759005.84,INR,BR016,Active,2024-12-30,2026-07-25 15:03:46.711861+00:00,accounts.csv
ACC00000323,CUST000221,Savings,257516.77,INR,BR008,Active,2022-10-18,2026-07-25 15:03:46.711861+00:00,accounts.csv
ACC00000324,CUST000222,Fixed Deposit,3000168.68,INR,BR020,Active,2021-06-19,2026-07-25 15:03:46.711861+00:00,accounts.csv
ACC00000325,CUST000222,Savings,428164.82,INR,BR018,Active,2017-08-28,2026-07-25 15:03:46.711861+00:00,accounts.csv
ACC00000326,CUST000223,Current,1554471.08,INR,BR009,Active,2017-02-14,2026-07-25 15:03:46.711861+00:00,accounts.csv
ACC00000327,CUST000223,Current,1517994.51,INR,BR009,Active,2024-08-29,2026-07-25 15:03:46.711861+00:00,accounts.csv
ACC00000328,CUST000224,Fixed Deposit,3344789.08,INR,BR015,Dormant,2019-09-10,2026-07-25 15:03:46.711861+00:00,accounts.csv
ACC00000329,CUST000225,Fixed Deposit,1747955.93,INR,BR018,Active,2025-09-08,2026-07-25 15:03:46.711861+00:00,accounts.csv
ACC00000330,CUST000225,Current,459394.69,INR,BR007,Active,2017-07-25,2026-07-25 15:03:46.711861+00:00,accounts.csv
ACC00000331,CUST000226,Savings,115625.61,INR,BR007,Active,2018-06-20,2026-07-25 15:03:46.711861+00:00,accounts.csv
ACC00000332,CUST000227,Current,1927517.6,INR,BR004,Active,2016-08-19,2026-07-25 15:03:46.711861+00:00,accounts.csv
ACC00000333,CUST000228,Current,210602.56,INR,BR018,Active,2019-06-05,2026-07-25 15:03:46.711861+00:00,accounts.csv
ACC00000334,CUST000228,Fixed Deposit,207707.75,INR,BR001,Active,2023-09-23,2026-07-25 15:03:46.711861+00:00,accounts.csv
ACC00000335,CUST000229,Savings,167558.8,INR,BR020,Active,2024-01-20,2026-07-25 15:03:46.711861+00:00,accounts.csv
ACC00000336,CUST000230,Savings,363017.02,INR,BR001,Dormant,2017-04-05,2026-07-25 15:03:46.711861+00:00,accounts.csv
ACC00000337,CUST000230,Fixed Deposit,2062507.7,INR,BR007,Active,2022-10-13,2026-07-25 15:03:46.711861+00:00,accounts.csv
ACC00000338,CUST000231,Fixed Deposit,498802.15,INR,BR009,Active,2019-06-17,2026-07-25 15:03:46.711861+00:00,accounts.csv
ACC00000339,CUST000232,Fixed Deposit,780233.32,INR,BR019,Active,2018-03-09,2026-07-25 15:03:46.711861+00:00,accounts.csv
ACC00000340,CUST000232,Savings,149565.0,INR,BR019,Active,2018-11-02,2026-07-25 15:03:46.711861+00:00,accounts.csv
ACC00000341,CUST000233,Current,1680624.94,INR,BR009,Active,2022-09-01,2026-07-25 15:03:46.711861+00:00,accounts.csv
ACC00000342,CUST000233,Savings,253799.45,INR,BR009,Active,2018-08-23,2026-07-25 15:03:46.711861+00:00,accounts.csv
ACC00000343,CUST000234,Savings,348078.12,INR,BR017,Active,2018-06-20,2026-07-25 15:03:46.711861+00:00,accounts.csv
ACC00000344,CUST000234,Fixed Deposit,1654694.76,INR,BR003,Active,2020-01-29,2026-07-25 15:03:46.711861+00:00,accounts.csv
ACC00000345,CUST000235,Fixed Deposit,4593869.47,INR,BR004,Active,2018-12-14,2026-07-25 15:03:46.711861+00:00,accounts.csv
ACC00000346,CUST000235,Current,1995793.33,INR,BR003,Active,2019-02-01,2026-07-25 15:03:46.711861+00:00,accounts.csv
ACC00000347,CUST000236,Fixed Deposit,2965447.14,INR,BR011,Active,2022-11-15,2026-07-25 15:03:46.711861+00:00,accounts.csv
ACC00000348,CUST000237,Current,487251.5,INR,BR019,Active,2021-01-12,2026-07-25 15:03:46.711861+00:00,accounts.csv
ACC00000349,CUST000237,Fixed Deposit,3831829.16,INR,BR013,Active,2025-02-26,2026-07-25 15:03:46.711861+00:00,accounts.csv
ACC00000350,CUST000237,Savings,426500.79,INR,BR014,Dormant,2018-10-08,2026-07-25 15:03:46.711861+00:00,accounts.csv
ACC00000351,CUST000238,Fixed Deposit,2297120.95,INR,BR004,Closed,2018-01-06,2026-07-25 15:03:46.711861+00:00,accounts.csv
ACC00000352,CUST000239,Fixed Deposit,816094.07,INR,BR002,Active,2017-02-22,2026-07-25 15:03:46.711861+00:00,accounts.csv
ACC00000353,CUST000240,Fixed Deposit,4964680.45,INR,BR009,Active,2021-09-02,2026-07-25 15:03:46.711861+00:00,accounts.csv
ACC00000354,CUST000241,Savings,36679.39,INR,BR009,Active,2021-10-14,2026-07-25 15:03:46.711861+00:00,accounts.csv
ACC00000355,CUST000242,Fixed Deposit,663414.79,INR,BR020,Closed,2017-11-26,2026-07-25 15:03:46.711861+00:00,accounts.csv
ACC00000356,CUST000243,Fixed Deposit,4316144.88,INR,BR002,Active,2018-02-25,2026-07-25 15:03:46.711861+00:00,accounts.csv
ACC00000357,CUST000243,Savings,101487.65,INR,BR018,Active,2020-12-18,2026-07-25 15:03:46.711861+00:00,accounts.csv
ACC00000358,CUST000244,Current,1737133.88,INR,BR012,Active,2024-02-19,2026-07-25 15:03:46.711861+00:00,accounts.csv
ACC00000359,CUST000245,Current,996177.17,INR,BR013,Active,2018-01-16,2026-07-25 15:03:46.711861+00:00,accounts.csv
ACC00000360,CUST000245,Current,1573737.08,INR,BR016,Active,2025-12-10,2026-07-25 15:03:46.711861+00:00,accounts.csv
ACC00000361,CUST000246,Current,1173997.62,INR,BR005,Closed,2021-04-02,2026-07-25 15:03:46.711861+00:00,accounts.csv
ACC00000362,CUST000247,Current,1019239.54,INR,BR012,Dormant,2021-07-16,2026-07-25 15:03:46.711861+00:00,accounts.csv
ACC00000363,CUST000248,Current,272803.96,INR,BR006,Active,2016-08-17,2026-07-25 15:03:46.711861+00:00,accounts.csv
ACC00000364,CUST000248,Current,99291.25,INR,BR003,Active,2020-04-02,2026-07-25 15:03:46.711861+00:00,accounts.csv
ACC00000365,CUST000249,Fixed Deposit,283486.98,INR,BR009,Active,2025-05-18,2026-07-25 15:03:46.711861+00:00,accounts.csv
ACC00000366,CUST000250,Savings,255151.33,INR,BR007,Active,2024-04-21,2026-07-25 15:03:46.711861+00:00,accounts.csv
ACC00000367,CUST000251,Savings,430229.47,INR,BR015,Active,2023-06-05,2026-07-25 15:03:46.711861+00:00,accounts.csv
ACC00000368,CUST000252,Fixed Deposit,4952872.04,INR,BR019,Active,2026-07-08,2026-07-25 15:03:46.711861+00:00,accounts.csv
ACC00000369,CUST000253,Current,261182.94,INR,BR011,Active,2025-10-05,2026-07-25 15:03:46.711861+00:00,accounts.csv
ACC00000370,CUST000253,Savings,290772.51,INR,BR013,Active,2017-08-12,2026-07-25 15:03:46.711861+00:00,accounts.csv
ACC00000371,CUST000254,Savings,349953.82,INR,BR015,Dormant,2022-10-11,2026-07-25 15:03:46.711861+00:00,accounts.csv
ACC00000372,CUST000255,Savings,419436.69,INR,BR006,Active,2020-01-26,2026-07-25 15:03:46.711861+00:00,accounts.csv
ACC00000373,CUST000256,Fixed Deposit,1280099.88,INR,BR018,Active,2025-06-14,2026-07-25 15:03:46.711861+00:00,accounts.csv
ACC00000374,CUST000257,Current,1745921.37,INR,BR006,Active,2019-12-21,2026-07-25 15:03:46.711861+00:00,accounts.csv
ACC00000375,CUST000258,Current,399021.97,INR,BR011,Dormant,2023-07-07,2026-07-25 15:03:46.711861+00:00,accounts.csv
ACC00000376,CUST000259,Fixed Deposit,4057849.88,INR,BR002,Active,2017-11-21,2026-07-25 15:03:46.711861+00:00,accounts.csv
ACC00000377,CUST000259,Current,516459.68,INR,BR018,Active,2022-11-30,2026-07-25 15:03:46.711861+00:00,accounts.csv
ACC00000378,CUST000260,Savings,81815.51,INR,BR019,Active,2022-12-30,2026-07-25 15:03:46.711861+00:00,accounts.csv
ACC00000379,CUST000261,Savings,416355.21,INR,BR004,Active,2018-02-22,2026-07-25 15:03:46.711861+00:00,accounts.csv
ACC00000380,CUST000261,Fixed Deposit,1515731.66,INR,BR020,Active,2017-11-22,2026-07-25 15:03:46.711861+00:00,accounts.csv
ACC00000381,CUST000261,Current,1756200.72,INR,BR002,Active,2023-09-20,2026-07-25 15:03:46.711861+00:00,accounts.csv
ACC00000382,CUST000262,Fixed Deposit,352196.4,INR,BR015,Dormant,2026-06-19,2026-07-25 15:03:46.711861+00:00,accounts.csv
ACC00000383,CUST000263,Current,1653620.68,INR,BR014,Active,2023-05-08,2026-07-25 15:03:46.711861+00:00,accounts.csv
ACC00000384,CUST000264,Current,1941510.2,INR,BR009,Active,2019-12-28,2026-07-25 15:03:46.711861+00:00,accounts.csv
ACC00000385,CUST000265,Current,1062740.2,INR,BR008,Active,2023-06-05,2026-07-25 15:03:46.711861+00:00,accounts.csv
ACC00000386,CUST000265,Fixed Deposit,2302785.07,INR,BR005,Active,2021-08-30,2026-07-25 15:03:46.711861+00:00,accounts.csv
ACC00000387,CUST000266,Fixed Deposit,4335061.25,INR,BR013,Active,2024-02-23,2026-07-25 15:03:46.711861+00:00,accounts.csv
ACC00000388,CUST000267,Fixed Deposit,2100591.86,INR,BR018,Active,2021-01-08,2026-07-25 15:03:46.711861+00:00,accounts.csv
ACC00000389,CUST000267,Current,1461735.16,INR,BR008,Active,2020-09-08,2026-07-25 15:03:46.711861+00:00,accounts.csv
ACC00000390,CUST000267,Savings,11052.41,INR,BR020,Active,2016-09-23,2026-07-25 15:03:46.711861+00:00,accounts.csv
ACC00000391,CUST000268,Fixed Deposit,1354427.57,INR,BR014,Active,2021-10-01,2026-07-25 15:03:46.711861+00:00,accounts.csv
ACC00000392,CUST000269,Current,1565241.86,INR,BR002,Active,2019-03-13,2026-07-25 15:03:46.711861+00:00,accounts.csv
ACC00000393,CUST000269,Savings,458599.55,INR,BR013,Active,2026-02-24,2026-07-25 15:03:46.711861+00:00,accounts.csv
ACC00000394,CUST000270,Fixed Deposit,2126252.05,INR,BR012,Active,2025-11-03,2026-07-25 15:03:46.711861+00:00,accounts.csv
ACC00000395,CUST000270,Current,1495683.54,INR,BR006,Active,2017-04-07,2026-07-25 15:03:46.711861+00:00,accounts.csv
ACC00000396,CUST000270,Current,522068.44,INR,BR018,Active,2026-03-27,2026-07-25 15:03:46.711861+00:00,accounts.csv
ACC00000397,CUST000271,Fixed Deposit,3269407.08,INR,BR008,Dormant,2019-07-17,2026-07-25 15:03:46.711861+00:00,accounts.csv
ACC00000398,CUST000272,Fixed Deposit,455273.12,INR,BR008,Active,2018-06-11,2026-07-25 15:03:46.711861+00:00,accounts.csv
ACC00000399,CUST000272,Current,1625919.97,INR,BR020,Active,2023-11-02,2026-07-25 15:03:46.711861+00:00,accounts.csv
ACC00000400,CUST000273,Current,775435.6,INR,BR005,Active,2024-09-06,2026-07-25 15:03:46.711861+00:00,accounts.csv
ACC00000401,CUST000273,Current,898444.71,INR,BR019,Active,2021-01-06,2026-07-25 15:03:46.711861+00:00,accounts.csv
ACC00000402,CUST000274,Current,1131093.92,INR,BR004,Active,2019-08-14,2026-07-25 15:03:46.711861+00:00,accounts.csv
ACC00000403,CUST000275,Current,951474.29,INR,BR009,Active,2021-04-26,2026-07-25 15:03:46.711861+00:00,accounts.csv
ACC00000404,CUST000275,Current,47471.63,INR,BR014,Active,2020-11-16,2026-07-25 15:03:46.711861+00:00,accounts.csv
ACC00000405,CUST000275,Savings,49824.24,INR,BR003,Active,2021-08-23,2026-07-25 15:03:46.711861+00:00,accounts.csv
ACC00000406,CUST000276,Savings,329730.88,INR,BR006,Active,2024-04-16,2026-07-25 15:03:46.711861+00:00,accounts.csv
ACC00000407,CUST000277,Fixed Deposit,3560192.75,INR,BR006,Active,2018-01-05,2026-07-25 15:03:46.711861+00:00,accounts.csv
ACC00000408,CUST000277,Savings,242605.65,INR,BR005,Active,2019-03-09,2026-07-25 15:03:46.711861+00:00,accounts.csv
ACC00000409,CUST000278,Savings,325065.46,INR,BR015,Active,2023-11-05,2026-07-25 15:03:46.711861+00:00,accounts.csv
ACC00000410,CUST000278,Savings,395264.55,INR,BR004,Active,2025-12-05,2026-07-25 15:03:46.711861+00:00,accounts.csv
ACC00000411,CUST000279,Fixed Deposit,204497.95,INR,BR011,Active,2018-03-20,2026-07-25 15:03:46.711861+00:00,accounts.csv
ACC00000412,CUST000280,Fixed Deposit,3294739.81,INR,BR002,Active,2021-04-08,2026-07-25 15:03:46.711861+00:00,accounts.csv
ACC00000413,CUST000281,Current,1771522.08,INR,BR003,Active,2021-11-20,2026-07-25 15:03:46.711861+00:00,accounts.csv
ACC00000414,CUST000282,Savings,311383.08,INR,BR002,Active,2024-09-12,2026-07-25 15:03:46.711861+00:00,accounts.csv
ACC00000415,CUST000283,Fixed Deposit,694080.01,INR,BR014,Active,2024-03-24,2026-07-25 15:03:46.711861+00:00,accounts.csv
ACC00000416,CUST000283,Fixed Deposit,2823472.85,INR,BR004,Active,2016-12-10,2026-07-25 15:03:46.711861+00:00,accounts.csv
ACC00000417,CUST000284,Current,774782.13,INR,BR001,Active,2023-07-09,2026-07-25 15:03:46.711861+00:00,accounts.csv
ACC00000418,CUST000285,Savings,337455.73,INR,BR018,Active,2023-04-15,2026-07-25 15:03:46.711861+00:00,accounts.csv
ACC00000419,CUST000285,Savings,35718.33,INR,BR001,Dormant,2017-04-16,2026-07-25 15:03:46.711861+00:00,accounts.csv
ACC00000420,CUST000285,Savings,13267.0,INR,BR012,Active,2017-11-07,2026-07-25 15:03:46.711861+00:00,accounts.csv
ACC00000421,CUST000286,Fixed Deposit,1339881.18,INR,BR006,Active,2022-01-03,2026-07-25 15:03:46.711861+00:00,accounts.csv
ACC00000422,CUST000286,Current,1136878.86,INR,BR004,Active,2021-10-10,2026-07-25 15:03:46.711861+00:00,accounts.csv
ACC00000423,CUST000287,Fixed Deposit,4276166.43,INR,BR010,Active,2026-02-26,2026-07-25 15:03:46.711861+00:00,accounts.csv
ACC00000424,CUST000287,Fixed Deposit,1289436.24,INR,BR002,Active,2025-06-20,2026-07-25 15:03:46.711861+00:00,accounts.csv
ACC00000425,CUST000288,Current,1864668.22,INR,BR010,Active,2019-11-21,2026-07-25 15:03:46.711861+00:00,accounts.csv
ACC00000426,CUST000289,Savings,119611.73,INR,BR019,Active,2021-10-24,2026-07-25 15:03:46.711861+00:00,accounts.csv
ACC00000427,CUST000289,Savings,464425.83,INR,BR012,Active,2019-02-22,2026-07-25 15:03:46.711861+00:00,accounts.csv
ACC00000428,CUST000290,Savings,265096.83,INR,BR011,Active,2016-09-16,2026-07-25 15:03:46.711861+00:00,accounts.csv
ACC00000429,CUST000290,Savings,246475.43,INR,BR014,Active,2019-12-12,2026-07-25 15:03:46.711861+00:00,accounts.csv
ACC00000430,CUST000291,Fixed Deposit,4773575.46,INR,BR006,Active,2021-08-03,2026-07-25 15:03:46.711861+00:00,accounts.csv
ACC00000431,CUST000292,Current,596057.39,INR,BR018,Active,2019-09-20,2026-07-25 15:03:46.711861+00:00,accounts.csv
ACC00000432,CUST000292,Savings,1962.44,INR,BR005,Active,2024-02-24,2026-07-25 15:03:46.711861+00:00,accounts.csv
ACC00000433,CUST000293,Savings,18792.63,INR,BR019,Active,2026-06-05,2026-07-25 15:03:46.711861+00:00,accounts.csv
ACC00000434,CUST000293,Savings,369043.77,INR,BR019,Active,2020-02-01,2026-07-25 15:03:46.711861+00:00,accounts.csv
ACC00000435,CUST000294,Savings,148580.82,INR,BR016,Active,2021-02-28,2026-07-25 15:03:46.711861+00:00,accounts.csv
ACC00000436,CUST000295,Savings,342414.69,INR,BR006,Active,2026-02-10,2026-07-25 15:03:46.711861+00:00,accounts.csv
ACC00000437,CUST000296,Current,603433.91,INR,BR003,Active,2023-09-19,2026-07-25 15:03:46.711861+00:00,accounts.csv
ACC00000438,CUST000296,Fixed Deposit,436843.84,INR,BR017,Active,2023-02-15,2026-07-25 15:03:46.711861+00:00,accounts.csv
ACC00000439,CUST000297,Fixed Deposit,4648394.37,INR,BR005,Active,2019-02-15,2026-07-25 15:03:46.711861+00:00,accounts.csv
ACC00000440,CUST000297,Fixed Deposit,1001337.19,INR,BR008,Dormant,2020-03-06,2026-07-25 15:03:46.711861+00:00,accounts.csv
ACC00000441,CUST000298,Fixed Deposit,750548.18,INR,BR019,Active,2022-12-24,2026-07-25 15:03:46.711861+00:00,accounts.csv
ACC00000442,CUST000299,Fixed Deposit,234378.16,INR,BR013,Active,2016-08-06,2026-07-25 15:03:46.711861+00:00,accounts.csv
ACC00000443,CUST000299,Current,674571.02,INR,BR014,Active,2016-11-01,2026-07-25 15:03:46.711861+00:00,accounts.csv
ACC00000444,CUST000300,Fixed Deposit,4740454.46,INR,BR020,Active,2022-06-06,2026-07-25 15:03:46.711861+00:00,accounts.csv
ACC00000445,CUST000301,Fixed Deposit,1491191.49,INR,BR018,Active,2022-05-21,2026-07-25 15:03:46.711861+00:00,accounts.csv
ACC00000446,CUST000302,Savings,166829.25,INR,BR002,Dormant,2017-04-01,2026-07-25 15:03:46.711861+00:00,accounts.csv
ACC00000447,CUST000303,Current,1829223.95,INR,BR001,Active,2023-06-22,2026-07-25 15:03:46.711861+00:00,accounts.csv
ACC00000448,CUST000304,Fixed Deposit,4086828.66,INR,BR002,Active,2025-07-21,2026-07-25 15:03:46.711861+00:00,accounts.csv
ACC00000449,CUST000305,Savings,274312.68,INR,BR005,Active,2017-10-18,2026-07-25 15:03:46.711861+00:00,accounts.csv
ACC00000450,CUST000305,Savings,125035.6,INR,BR012,Active,2021-12-08,2026-07-25 15:03:46.711861+00:00,accounts.csv
ACC00000451,CUST000306,Current,660347.09,INR,BR016,Active,2016-12-03,2026-07-25 15:03:46.711861+00:00,accounts.csv
ACC00000452,CUST000306,Savings,180356.39,INR,BR010,Active,2020-12-10,2026-07-25 15:03:46.711861+00:00,accounts.csv
ACC00000453,CUST000307,Savings,293941.52,INR,BR015,Active,2023-08-04,2026-07-25 15:03:46.711861+00:00,accounts.csv
ACC00000454,CUST000307,Current,599481.46,INR,BR019,Active,2018-11-16,2026-07-25 15:03:46.711861+00:00,accounts.csv
ACC00000455,CUST000308,Current,1992548.54,INR,BR002,Active,2019-06-11,2026-07-25 15:03:46.711861+00:00,accounts.csv
ACC00000456,CUST000308,Savings,326539.47,INR,BR011,Active,2026-06-29,2026-07-25 15:03:46.711861+00:00,accounts.csv
ACC00000457,CUST000309,Current,630075.26,INR,BR011,Active,2026-03-04,2026-07-25 15:03:46.711861+00:00,accounts.csv
ACC00000458,CUST000309,Fixed Deposit,3852362.74,INR,BR013,Active,2021-09-24,2026-07-25 15:03:46.711861+00:00,accounts.csv
ACC00000459,CUST000309,Fixed Deposit,2378122.1,INR,BR003,Active,2020-02-01,2026-07-25 15:03:46.711861+00:00,accounts.csv
ACC00000460,CUST000310,Fixed Deposit,3391443.34,INR,BR017,Dormant,2026-01-18,2026-07-25 15:03:46.711861+00:00,accounts.csv
ACC00000461,CUST000310,Current,101636.64,INR,BR004,Active,2019-02-17,2026-07-25 15:03:46.711861+00:00,accounts.csv
ACC00000462,CUST000310,Savings,210407.52,INR,BR018,Active,2017-10-14,2026-07-25 15:03:46.711861+00:00,accounts.csv
ACC00000463,CUST000311,Current,1698528.23,INR,BR014,Active,2023-12-28,2026-07-25 15:03:46.711861+00:00,accounts.csv
ACC00000464,CUST000312,Fixed Deposit,205481.09,INR,BR011,Active,2022-05-02,2026-07-25 15:03:46.711861+00:00,accounts.csv
ACC00000465,CUST000312,Current,1755652.7,INR,BR010,Active,2022-09-16,2026-07-25 15:03:46.711861+00:00,accounts.csv
ACC00000466,CUST000313,Savings,473081.83,INR,BR002,Active,2021-02-16,2026-07-25 15:03:46.711861+00:00,accounts.csv
ACC00000467,CUST000314,Current,1729480.7,INR,BR006,Active,2019-11-13,2026-07-25 15:03:46.711861+00:00,accounts.csv
ACC00000468,CUST000315,Current,1154333.66,INR,BR003,Active,2017-08-30,2026-07-25 15:03:46.711861+00:00,accounts.csv
ACC00000469,CUST000316,Current,539268.5,INR,BR018,Active,2019-12-11,2026-07-25 15:03:46.711861+00:00,accounts.csv
ACC00000470,CUST000317,Savings,396866.15,INR,BR006,Active,2020-05-03,2026-07-25 15:03:46.711861+00:00,accounts.csv
ACC00000471,CUST000318,Fixed Deposit,2233978.78,INR,BR002,Active,2018-12-26,2026-07-25 15:03:46.711861+00:00,accounts.csv
ACC00000472,CUST000318,Fixed Deposit,1391670.0,INR,BR009,Active,2023-06-04,2026-07-25 15:03:46.711861+00:00,accounts.csv
ACC00000473,CUST000318,Current,364623.81,INR,BR016,Active,2023-11-03,2026-07-25 15:03:46.711861+00:00,accounts.csv
ACC00000474,CUST000319,Current,1823749.0,INR,BR017,Active,2019-08-17,2026-07-25 15:03:46.711861+00:00,accounts.csv
ACC00000475,CUST000320,Fixed Deposit,2576891.63,INR,BR015,Closed,2022-11-08,2026-07-25 15:03:46.711861+00:00,accounts.csv
ACC00000476,CUST000321,Current,827818.2,INR,BR017,Dormant,2017-01-28,2026-07-25 15:03:46.711861+00:00,accounts.csv
ACC00000477,CUST000321,Current,923384.06,INR,BR002,Active,2021-01-13,2026-07-25 15:03:46.711861+00:00,accounts.csv
ACC00000478,CUST000321,Savings,286568.94,INR,BR008,Active,2025-10-10,2026-07-25 15:03:46.711861+00:00,accounts.csv
ACC00000479,CUST000322,Fixed Deposit,3071676.9,INR,BR003,Dormant,2021-08-08,2026-07-25 15:03:46.711861+00:00,accounts.csv
ACC00000480,CUST000323,Savings,344523.62,INR,BR015,Active,2021-12-18,2026-07-25 15:03:46.711861+00:00,accounts.csv
ACC00000481,CUST000324,Current,1199211.82,INR,BR001,Active,2016-10-03,2026-07-25 15:03:46.711861+00:00,accounts.csv
ACC00000482,CUST000325,Current,632445.33,INR,BR013,Active,2021-09-05,2026-07-25 15:03:46.711861+00:00,accounts.csv
ACC00000483,CUST000326,Fixed Deposit,878314.5,INR,BR009,Active,2020-02-01,2026-07-25 15:03:46.711861+00:00,accounts.csv
ACC00000484,CUST000326,Fixed Deposit,3134681.81,INR,BR020,Active,2019-03-10,2026-07-25 15:03:46.711861+00:00,accounts.csv
ACC00000485,CUST000326,Current,1665201.05,INR,BR016,Active,2016-11-07,2026-07-25 15:03:46.711861+00:00,accounts.csv
ACC00000486,CUST000327,Current,1432582.24,INR,BR004,Active,2018-06-03,2026-07-25 15:03:46.711861+00:00,accounts.csv
ACC00000487,CUST000327,Savings,60178.48,INR,BR002,Active,2019-09-27,2026-07-25 15:03:46.711861+00:00,accounts.csv
ACC00000488,CUST000328,Fixed Deposit,2996650.25,INR,BR017,Active,2023-07-05,2026-07-25 15:03:46.711861+00:00,accounts.csv
ACC00000489,CUST000328,Savings,286540.03,INR,BR002,Active,2021-08-09,2026-07-25 15:03:46.711861+00:00,accounts.csv
ACC00000490,CUST000329,Fixed Deposit,4047604.94,INR,BR005,Active,2018-02-26,2026-07-25 15:03:46.711861+00:00,accounts.csv
ACC00000491,CUST000330,Current,748531.18,INR,BR018,Active,2017-10-25,2026-07-25 15:03:46.711861+00:00,accounts.csv
ACC00000492,CUST000331,Savings,323409.12,INR,BR004,Active,2024-12-12,2026-07-25 15:03:46.711861+00:00,accounts.csv
ACC00000493,CUST000331,Fixed Deposit,4036937.82,INR,BR009,Active,2017-10-11,2026-07-25 15:03:46.711861+00:00,accounts.csv
ACC00000494,CUST000332,Savings,14646.64,INR,BR001,Active,2018-10-09,2026-07-25 15:03:46.711861+00:00,accounts.csv
ACC00000495,CUST000332,Fixed Deposit,92295.49,INR,BR010,Active,2017-04-18,2026-07-25 15:03:46.711861+00:00,accounts.csv
ACC00000496,CUST000333,Current,442691.8,INR,BR006,Active,2016-09-29,2026-07-25 15:03:46.711861+00:00,accounts.csv
ACC00000497,CUST000334,Fixed Deposit,1484134.34,INR,BR009,Active,2018-12-05,2026-07-25 15:03:46.711861+00:00,accounts.csv
ACC00000498,CUST000335,Savings,269483.11,INR,BR003,Active,2026-03-04,2026-07-25 15:03:46.711861+00:00,accounts.csv
ACC00000499,CUST000336,Fixed Deposit,970642.05,INR,BR004,Active,2022-09-02,2026-07-25 15:03:46.711861+00:00,accounts.csv
ACC00000500,CUST000337,Current,76147.92,INR,BR014,Active,2025-04-27,2026-07-25 15:03:46.711861+00:00,accounts.csv
ACC00000501,CUST000338,Savings,324725.07,INR,BR008,Active,2019-07-30,2026-07-25 15:03:46.711861+00:00,accounts.csv
ACC00000502,CUST000338,Savings,361696.87,INR,BR015,Active,2025-01-25,2026-07-25 15:03:46.711861+00:00,accounts.csv
ACC00000503,CUST000339,Fixed Deposit,1821426.77,INR,BR004,Active,2023-06-03,2026-07-25 15:03:46.711861+00:00,accounts.csv
ACC00000504,CUST000340,Fixed Deposit,1174783.79,INR,BR001,Active,2016-10-12,2026-07-25 15:03:46.711861+00:00,accounts.csv
ACC00000505,CUST000341,Current,18032.08,INR,BR002,Active,2020-11-16,2026-07-25 15:03:46.711861+00:00,accounts.csv
ACC00000506,CUST000342,Savings,331923.43,INR,BR006,Active,2025-12-03,2026-07-25 15:03:46.711861+00:00,accounts.csv
ACC00000507,CUST000343,Savings,37248.09,INR,BR003,Active,2022-12-09,2026-07-25 15:03:46.711861+00:00,accounts.csv
ACC00000508,CUST000343,Current,1180599.76,INR,BR018,Active,2025-06-26,2026-07-25 15:03:46.711861+00:00,accounts.csv
ACC00000509,CUST000344,Fixed Deposit,4770049.51,INR,BR002,Active,2020-09-24,2026-07-25 15:03:46.711861+00:00,accounts.csv
ACC00000510,CUST000344,Savings,16983.07,INR,BR020,Active,2024-02-07,2026-07-25 15:03:46.711861+00:00,accounts.csv
ACC00000511,CUST000345,Fixed Deposit,1617665.67,INR,BR004,Active,2022-08-24,2026-07-25 15:03:46.711861+00:00,accounts.csv
ACC00000512,CUST000346,Fixed Deposit,649421.42,INR,BR007,Active,2020-04-28,2026-07-25 15:03:46.711861+00:00,accounts.csv
ACC00000513,CUST000347,Savings,317863.43,INR,BR017,Active,2022-06-10,2026-07-25 15:03:46.711861+00:00,accounts.csv
ACC00000514,CUST000347,Current,732491.37,INR,BR011,Dormant,2023-12-31,2026-07-25 15:03:46.711861+00:00,accounts.csv
ACC00000515,CUST000348,Fixed Deposit,225648.36,INR,BR018,Active,2022-03-18,2026-07-25 15:03:46.711861+00:00,accounts.csv
ACC00000516,CUST000349,Savings,34341.08,INR,BR006,Active,2021-08-01,2026-07-25 15:03:46.711861+00:00,accounts.csv
ACC00000517,CUST000349,Savings,340381.53,INR,BR020,Active,2016-09-09,2026-07-25 15:03:46.711861+00:00,accounts.csv
ACC00000518,CUST000350,Current,1649397.18,INR,BR014,Active,2017-03-31,2026-07-25 15:03:46.711861+00:00,accounts.csv
ACC00000519,CUST000351,Fixed Deposit,173946.24,INR,BR001,Active,2021-05-31,2026-07-25 15:03:46.711861+00:00,accounts.csv
ACC00000520,CUST000351,Fixed Deposit,4204812.8,INR,BR001,Active,2026-03-02,2026-07-25 15:03:46.711861+00:00,accounts.csv
ACC00000521,CUST000351,Fixed Deposit,2764667.87,INR,BR009,Active,2018-01-05,2026-07-25 15:03:46.711861+00:00,accounts.csv
ACC00000522,CUST000352,Savings,121749.81,INR,BR009,Active,2018-03-11,2026-07-25 15:03:46.711861+00:00,accounts.csv
ACC00000523,CUST000353,Savings,253868.3,INR,BR010,Active,2021-01-09,2026-07-25 15:03:46.711861+00:00,accounts.csv
ACC00000524,CUST000353,Savings,273571.55,INR,BR013,Active,2020-09-01,2026-07-25 15:03:46.711861+00:00,accounts.csv
ACC00000525,CUST000354,Fixed Deposit,52624.82,INR,BR016,Dormant,2019-11-25,2026-07-25 15:03:46.711861+00:00,accounts.csv
ACC00000526,CUST000355,Current,755896.88,INR,BR002,Active,2017-09-04,2026-07-25 15:03:46.711861+00:00,accounts.csv
ACC00000527,CUST000355,Fixed Deposit,4564383.17,INR,BR005,Active,2025-11-17,2026-07-25 15:03:46.711861+00:00,accounts.csv
ACC00000528,CUST000355,Savings,445317.55,INR,BR010,Active,2019-10-19,2026-07-25 15:03:46.711861+00:00,accounts.csv
ACC00000529,CUST000356,Savings,483048.24,INR,BR016,Active,2026-02-01,2026-07-25 15:03:46.711861+00:00,accounts.csv
ACC00000530,CUST000357,Current,1079442.77,INR,BR004,Active,2019-03-29,2026-07-25 15:03:46.711861+00:00,accounts.csv
ACC00000531,CUST000357,Savings,392915.03,INR,BR008,Active,2017-11-12,2026-07-25 15:03:46.711861+00:00,accounts.csv
ACC00000532,CUST000358,Savings,328330.38,INR,BR006,Active,2019-09-14,2026-07-25 15:03:46.711861+00:00,accounts.csv
ACC00000533,CUST000359,Fixed Deposit,1443377.48,INR,BR012,Active,2023-12-19,2026-07-25 15:03:46.711861+00:00,accounts.csv
ACC00000534,CUST000359,Current,532078.28,INR,BR014,Dormant,2018-04-29,2026-07-25 15:03:46.711861+00:00,accounts.csv
ACC00000535,CUST000360,Current,313401.55,INR,BR019,Active,2017-06-13,2026-07-25 15:03:46.711861+00:00,accounts.csv
ACC00000536,CUST000360,Savings,342178.29,INR,BR013,Active,2017-12-28,2026-07-25 15:03:46.711861+00:00,accounts.csv
ACC00000537,CUST000361,Current,1387087.24,INR,BR014,Closed,2024-11-09,2026-07-25 15:03:46.711861+00:00,accounts.csv
ACC00000538,CUST000362,Current,1679202.58,INR,BR014,Active,2025-02-26,2026-07-25 15:03:46.711861+00:00,accounts.csv
ACC00000539,CUST000362,Savings,192269.17,INR,BR007,Active,2026-07-10,2026-07-25 15:03:46.711861+00:00,accounts.csv
ACC00000540,CUST000362,Fixed Deposit,4295960.51,INR,BR014,Active,2020-10-24,2026-07-25 15:03:46.711861+00:00,accounts.csv
ACC00000541,CUST000363,Savings,338808.31,INR,BR010,Active,2019-10-27,2026-07-25 15:03:46.711861+00:00,accounts.csv
ACC00000542,CUST000364,Current,1319019.34,INR,BR013,Active,2018-08-07,2026-07-25 15:03:46.711861+00:00,accounts.csv
ACC00000543,CUST000365,Fixed Deposit,887233.52,INR,BR002,Active,2025-11-27,2026-07-25 15:03:46.711861+00:00,accounts.csv
ACC00000544,CUST000366,Fixed Deposit,2515552.42,INR,BR010,Active,2020-06-11,2026-07-25 15:03:46.711861+00:00,accounts.csv
ACC00000545,CUST000366,Fixed Deposit,3391725.13,INR,BR019,Active,2018-08-10,2026-07-25 15:03:46.711861+00:00,accounts.csv
ACC00000546,CUST000367,Fixed Deposit,2827332.9,INR,BR018,Active,2018-02-25,2026-07-25 15:03:46.711861+00:00,accounts.csv
ACC00000547,CUST000368,Current,1708321.98,INR,BR002,Dormant,2024-04-24,2026-07-25 15:03:46.711861+00:00,accounts.csv
ACC00000548,CUST000369,Fixed Deposit,2839250.67,INR,BR002,Active,2022-02-21,2026-07-25 15:03:46.711861+00:00,accounts.csv
ACC00000549,CUST000370,Fixed Deposit,2728517.88,INR,BR011,Active,2018-09-15,2026-07-25 15:03:46.711861+00:00,accounts.csv
ACC00000550,CUST000371,Current,1880351.05,INR,BR019,Active,2016-12-09,2026-07-25 15:03:46.711861+00:00,accounts.csv
ACC00000551,CUST000372,Fixed Deposit,3239441.85,INR,BR009,Active,2024-07-13,2026-07-25 15:03:46.711861+00:00,accounts.csv
ACC00000552,CUST000372,Fixed Deposit,1102442.15,INR,BR020,Active,2017-03-29,2026-07-25 15:03:46.711861+00:00,accounts.csv
ACC00000553,CUST000372,Current,1833059.38,INR,BR016,Active,2023-04-16,2026-07-25 15:03:46.711861+00:00,accounts.csv
ACC00000554,CUST000373,Current,1343937.04,INR,BR008,Active,2024-02-18,2026-07-25 15:03:46.711861+00:00,accounts.csv
ACC00000555,CUST000374,Savings,391953.98,INR,BR014,Active,2016-08-27,2026-07-25 15:03:46.711861+00:00,accounts.csv
ACC00000556,CUST000374,Savings,160642.24,INR,BR012,Active,2020-05-27,2026-07-25 15:03:46.711861+00:00,accounts.csv
ACC00000557,CUST000375,Fixed Deposit,3366587.14,INR,BR003,Dormant,2020-01-19,2026-07-25 15:03:46.711861+00:00,accounts.csv
ACC00000558,CUST000376,Fixed Deposit,1577033.26,INR,BR015,Active,2020-08-26,2026-07-25 15:03:46.711861+00:00,accounts.csv
ACC00000559,CUST000377,Savings,186106.07,INR,BR007,Active,2023-05-08,2026-07-25 15:03:46.711861+00:00,accounts.csv
ACC00000560,CUST000378,Fixed Deposit,440782.73,INR,BR015,Active,2024-01-06,2026-07-25 15:03:46.711861+00:00,accounts.csv
ACC00000561,CUST000378,Current,916534.6,INR,BR013,Dormant,2020-07-26,2026-07-25 15:03:46.711861+00:00,accounts.csv
ACC00000562,CUST000379,Current,1879569.68,INR,BR004,Active,2025-01-20,2026-07-25 15:03:46.711861+00:00,accounts.csv
ACC00000563,CUST000379,Fixed Deposit,4442640.83,INR,BR020,Active,2022-07-17,2026-07-25 15:03:46.711861+00:00,accounts.csv
ACC00000564,CUST000379,Fixed Deposit,635181.6,INR,BR009,Active,2019-07-02,2026-07-25 15:03:46.711861+00:00,accounts.csv
ACC00000565,CUST000380,Fixed Deposit,2239012.58,INR,BR015,Active,2022-07-29,2026-07-25 15:03:46.711861+00:00,accounts.csv
ACC00000566,CUST000381,Savings,211668.42,INR,BR020,Active,2017-12-08,2026-07-25 15:03:46.711861+00:00,accounts.csv
ACC00000567,CUST000381,Current,1291550.39,INR,BR015,Active,2024-05-20,2026-07-25 15:03:46.711861+00:00,accounts.csv
ACC00000568,CUST000381,Current,1030898.45,INR,BR018,Active,2025-04-03,2026-07-25 15:03:46.711861+00:00,accounts.csv
ACC00000569,CUST000382,Current,1337798.94,INR,BR018,Active,2021-06-07,2026-07-25 15:03:46.711861+00:00,accounts.csv
ACC00000570,CUST000383,Fixed Deposit,2805527.38,INR,BR007,Active,2022-11-03,2026-07-25 15:03:46.711861+00:00,accounts.csv
ACC00000571,CUST000383,Current,730923.09,INR,BR006,Active,2017-02-02,2026-07-25 15:03:46.711861+00:00,accounts.csv
ACC00000572,CUST000384,Fixed Deposit,1664353.98,INR,BR019,Active,2022-08-08,2026-07-25 15:03:46.711861+00:00,accounts.csv
ACC00000573,CUST000385,Fixed Deposit,4754757.66,INR,BR016,Dormant,2022-08-24,2026-07-25 15:03:46.711861+00:00,accounts.csv
ACC00000574,CUST000385,Savings,325486.03,INR,BR020,Active,2018-11-18,2026-07-25 15:03:46.711861+00:00,accounts.csv
ACC00000575,CUST000386,Current,1250068.83,INR,BR008,Active,2018-11-09,2026-07-25 15:03:46.711861+00:00,accounts.csv
ACC00000576,CUST000387,Current,477745.67,INR,BR009,Active,2020-06-11,2026-07-25 15:03:46.711861+00:00,accounts.csv
ACC00000577,CUST000388,Fixed Deposit,4964164.45,INR,BR010,Active,2024-10-02,2026-07-25 15:03:46.711861+00:00,accounts.csv
ACC00000578,CUST000389,Current,1141736.8,INR,BR015,Active,2023-01-15,2026-07-25 15:03:46.711861+00:00,accounts.csv
ACC00000579,CUST000389,Fixed Deposit,2330021.46,INR,BR012,Active,2023-06-15,2026-07-25 15:03:46.711861+00:00,accounts.csv
ACC00000580,CUST000390,Current,1636710.18,INR,BR013,Active,2018-05-10,2026-07-25 15:03:46.711861+00:00,accounts.csv
ACC00000581,CUST000391,Savings,71032.88,INR,BR018,Active,2026-03-31,2026-07-25 15:03:46.711861+00:00,accounts.csv
ACC00000582,CUST000391,Fixed Deposit,718866.38,INR,BR020,Active,2017-03-07,2026-07-25 15:03:46.711861+00:00,accounts.csv
ACC00000583,CUST000392,Savings,279157.86,INR,BR001,Active,2019-07-04,2026-07-25 15:03:46.711861+00:00,accounts.csv
ACC00000584,CUST000393,Savings,305931.31,INR,BR005,Active,2022-06-27,2026-07-25 15:03:46.711861+00:00,accounts.csv
ACC00000585,CUST000393,Savings,448478.86,INR,BR012,Dormant,2021-11-21,2026-07-25 15:03:46.711861+00:00,accounts.csv
ACC00000586,CUST000394,Savings,103232.0,INR,BR011,Active,2022-08-18,2026-07-25 15:03:46.711861+00:00,accounts.csv
ACC00000587,CUST000394,Current,84041.48,INR,BR019,Active,2018-10-05,2026-07-25 15:03:46.711861+00:00,accounts.csv
ACC00000588,CUST000394,Savings,187740.02,INR,BR009,Active,2023-06-20,2026-07-25 15:03:46.711861+00:00,accounts.csv
ACC00000589,CUST000395,Fixed Deposit,987059.05,INR,BR009,Active,2019-08-20,2026-07-25 15:03:46.711861+00:00,accounts.csv
ACC00000590,CUST000396,Savings,336845.94,INR,BR016,Dormant,2017-02-20,2026-07-25 15:03:46.711861+00:00,accounts.csv
ACC00000591,CUST000397,Current,720146.89,INR,BR013,Active,2022-06-11,2026-07-25 15:03:46.711861+00:00,accounts.csv
ACC00000592,CUST000398,Fixed Deposit,4131610.34,INR,BR016,Active,2020-07-06,2026-07-25 15:03:46.711861+00:00,accounts.csv
ACC00000593,CUST000398,Savings,100402.36,INR,BR011,Active,2016-12-18,2026-07-25 15:03:46.711861+00:00,accounts.csv
ACC00000594,CUST000399,Savings,29267.49,INR,BR019,Active,2020-11-07,2026-07-25 15:03:46.711861+00:00,accounts.csv
ACC00000595,CUST000400,Fixed Deposit,4384023.64,INR,BR011,Dormant,2016-10-21,2026-07-25 15:03:46.711861+00:00,accounts.csv
ACC00000596,CUST000400,Current,1504318.58,INR,BR020,Active,2016-09-14,2026-07-25 15:03:46.711861+00:00,accounts.csv
ACC00000597,CUST000401,Savings,237990.35,INR,BR013,Active,2021-10-01,2026-07-25 15:03:46.711861+00:00,accounts.csv
ACC00000598,CUST000402,Current,1372330.14,INR,BR006,Active,2020-03-23,2026-07-25 15:03:46.711861+00:00,accounts.csv
ACC00000599,CUST000403,Current,1593004.09,INR,BR014,Active,2018-09-17,2026-07-25 15:03:46.711861+00:00,accounts.csv
ACC00000600,CUST000403,Savings,239833.56,INR,BR006,Active,2018-07-06,2026-07-25 15:03:46.711861+00:00,accounts.csv
ACC00000601,CUST000404,Fixed Deposit,4214163.56,INR,BR008,Active,2019-07-06,2026-07-25 15:03:46.711861+00:00,accounts.csv
ACC00000602,CUST000405,Current,1369191.07,INR,BR009,Active,2016-10-12,2026-07-25 15:03:46.711861+00:00,accounts.csv
ACC00000603,CUST000406,Current,1448236.08,INR,BR016,Active,2019-10-13,2026-07-25 15:03:46.711861+00:00,accounts.csv
ACC00000604,CUST000407,Current,665052.99,INR,BR009,Active,2019-05-05,2026-07-25 15:03:46.711861+00:00,accounts.csv
ACC00000605,CUST000407,Fixed Deposit,2497311.37,INR,BR006,Active,2020-03-17,2026-07-25 15:03:46.711861+00:00,accounts.csv
ACC00000606,CUST000408,Fixed Deposit,1717697.01,INR,BR006,Active,2022-08-12,2026-07-25 15:03:46.711861+00:00,accounts.csv
ACC00000607,CUST000408,Current,31766.03,INR,BR002,Active,2023-02-05,2026-07-25 15:03:46.711861+00:00,accounts.csv
ACC00000608,CUST000409,Savings,56116.7,INR,BR009,Active,2023-04-03,2026-07-25 15:03:46.711861+00:00,accounts.csv
ACC00000609,CUST000409,Savings,155721.75,INR,BR007,Active,2024-01-24,2026-07-25 15:03:46.711861+00:00,accounts.csv
ACC00000610,CUST000410,Current,583070.79,INR,BR011,Active,2023-10-19,2026-07-25 15:03:46.711861+00:00,accounts.csv
ACC00000611,CUST000410,Current,806026.66,INR,BR017,Active,2018-10-12,2026-07-25 15:03:46.711861+00:00,accounts.csv
ACC00000612,CUST000410,Fixed Deposit,3399663.26,INR,BR002,Closed,2016-10-31,2026-07-25 15:03:46.711861+00:00,accounts.csv
ACC00000613,CUST000411,Savings,24731.13,INR,BR005,Active,2020-10-20,2026-07-25 15:03:46.711861+00:00,accounts.csv
ACC00000614,CUST000412,Savings,193106.91,INR,BR010,Active,2018-11-08,2026-07-25 15:03:46.711861+00:00,accounts.csv
ACC00000615,CUST000412,Savings,154621.86,INR,BR016,Active,2024-05-01,2026-07-25 15:03:46.711861+00:00,accounts.csv
ACC00000616,CUST000412,Current,1839396.87,INR,BR015,Active,2018-12-21,2026-07-25 15:03:46.711861+00:00,accounts.csv
ACC00000617,CUST000413,Savings,279831.05,INR,BR002,Active,2021-03-07,2026-07-25 15:03:46.711861+00:00,accounts.csv
ACC00000618,CUST000414,Current,1892603.53,INR,BR015,Active,2025-01-23,2026-07-25 15:03:46.711861+00:00,accounts.csv
ACC00000619,CUST000414,Fixed Deposit,3994117.65,INR,BR002,Active,2026-01-03,2026-07-25 15:03:46.711861+00:00,accounts.csv
ACC00000620,CUST000414,Fixed Deposit,3595694.37,INR,BR012,Dormant,2019-10-06,2026-07-25 15:03:46.711861+00:00,accounts.csv
ACC00000621,CUST000415,Savings,107473.09,INR,BR006,Active,2021-11-30,2026-07-25 15:03:46.711861+00:00,accounts.csv
ACC00000622,CUST000415,Current,885628.35,INR,BR016,Active,2022-06-06,2026-07-25 15:03:46.711861+00:00,accounts.csv
ACC00000623,CUST000416,Current,1842924.37,INR,BR002,Active,2018-02-16,2026-07-25 15:03:46.711861+00:00,accounts.csv
ACC00000624,CUST000417,Fixed Deposit,1832099.21,INR,BR005,Active,2017-05-21,2026-07-25 15:03:46.711861+00:00,accounts.csv
ACC00000625,CUST000418,Fixed Deposit,2227224.08,INR,BR012,Active,2023-02-16,2026-07-25 15:03:46.711861+00:00,accounts.csv
ACC00000626,CUST000419,Savings,146775.02,INR,BR017,Closed,2021-12-11,2026-07-25 15:03:46.711861+00:00,accounts.csv
ACC00000627,CUST000419,Savings,143243.65,INR,BR008,Active,2026-06-12,2026-07-25 15:03:46.711861+00:00,accounts.csv
ACC00000628,CUST000420,Current,592786.62,INR,BR020,Active,2020-12-16,2026-07-25 15:03:46.711861+00:00,accounts.csv
ACC00000629,CUST000421,Current,1013703.37,INR,BR013,Active,2019-12-23,2026-07-25 15:03:46.711861+00:00,accounts.csv
ACC00000630,CUST000422,Fixed Deposit,1647680.79,INR,BR020,Active,2022-12-08,2026-07-25 15:03:46.711861+00:00,accounts.csv
ACC00000631,CUST000422,Current,1500323.03,INR,BR008,Active,2017-11-05,2026-07-25 15:03:46.711861+00:00,accounts.csv
ACC00000632,CUST000423,Fixed Deposit,4504070.16,INR,BR008,Active,2018-11-02,2026-07-25 15:03:46.711861+00:00,accounts.csv
ACC00000633,CUST000423,Current,1428459.06,INR,BR008,Active,2024-08-11,2026-07-25 15:03:46.711861+00:00,accounts.csv
ACC00000634,CUST000424,Savings,393352.31,INR,BR017,Active,2021-11-11,2026-07-25 15:03:46.711861+00:00,accounts.csv
ACC00000635,CUST000424,Savings,285609.17,INR,BR006,Active,2021-05-18,2026-07-25 15:03:46.711861+00:00,accounts.csv
ACC00000636,CUST000425,Current,1562774.17,INR,BR019,Active,2025-04-04,2026-07-25 15:03:46.711861+00:00,accounts.csv
ACC00000637,CUST000426,Fixed Deposit,1284497.39,INR,BR009,Active,2019-09-07,2026-07-25 15:03:46.711861+00:00,accounts.csv
ACC00000638,CUST000427,Fixed Deposit,2500843.98,INR,BR003,Active,2017-10-09,2026-07-25 15:03:46.711861+00:00,accounts.csv
ACC00000639,CUST000428,Savings,258652.92,INR,BR010,Active,2025-09-22,2026-07-25 15:03:46.711861+00:00,accounts.csv
ACC00000640,CUST000428,Fixed Deposit,3879797.96,INR,BR003,Active,2023-04-22,2026-07-25 15:03:46.711861+00:00,accounts.csv
ACC00000641,CUST000429,Current,550606.04,INR,BR015,Active,2017-10-24,2026-07-25 15:03:46.711861+00:00,accounts.csv
ACC00000642,CUST000430,Savings,427499.8,INR,BR013,Active,2023-02-18,2026-07-25 15:03:46.711861+00:00,accounts.csv
ACC00000643,CUST000430,Fixed Deposit,4007522.13,INR,BR008,Active,2019-12-06,2026-07-25 15:03:46.711861+00:00,accounts.csv
ACC00000644,CUST000431,Savings,355842.07,INR,BR017,Active,2022-06-23,2026-07-25 15:03:46.711861+00:00,accounts.csv
ACC00000645,CUST000431,Current,1856220.42,INR,BR011,Active,2022-08-20,2026-07-25 15:03:46.711861+00:00,accounts.csv
ACC00000646,CUST000431,Current,338428.78,INR,BR002,Active,2019-04-14,2026-07-25 15:03:46.711861+00:00,accounts.csv
ACC00000647,CUST000432,Fixed Deposit,4839666.57,INR,BR001,Active,2021-06-08,2026-07-25 15:03:46.711861+00:00,accounts.csv
ACC00000648,CUST000433,Fixed Deposit,3696500.16,INR,BR004,Active,2025-03-27,2026-07-25 15:03:46.711861+00:00,accounts.csv
ACC00000649,CUST000433,Current,1729012.49,INR,BR003,Dormant,2020-04-07,2026-07-25 15:03:46.711861+00:00,accounts.csv
ACC00000650,CUST000433,Current,1583450.62,INR,BR014,Active,2024-01-07,2026-07-25 15:03:46.711861+00:00,accounts.csv
ACC00000651,CUST000434,Savings,318927.49,INR,BR004,Active,2025-04-16,2026-07-25 15:03:46.711861+00:00,accounts.csv
ACC00000652,CUST000435,Current,1795782.55,INR,BR010,Active,2017-11-18,2026-07-25 15:03:46.711861+00:00,accounts.csv
ACC00000653,CUST000436,Fixed Deposit,1646878.01,INR,BR008,Active,2022-04-07,2026-07-25 15:03:46.711861+00:00,accounts.csv
ACC00000654,CUST000437,Fixed Deposit,1342662.0,INR,BR009,Active,2024-09-12,2026-07-25 15:03:46.711861+00:00,accounts.csv
ACC00000655,CUST000438,Fixed Deposit,1217484.51,INR,BR001,Active,2017-10-26,2026-07-25 15:03:46.711861+00:00,accounts.csv
ACC00000656,CUST000438,Fixed Deposit,3920430.88,INR,BR002,Active,2018-10-01,2026-07-25 15:03:46.711861+00:00,accounts.csv
ACC00000657,CUST000438,Current,1484004.81,INR,BR012,Active,2016-12-05,2026-07-25 15:03:46.711861+00:00,accounts.csv
ACC00000658,CUST000439,Fixed Deposit,2646773.73,INR,BR017,Dormant,2022-10-22,2026-07-25 15:03:46.711861+00:00,accounts.csv
ACC00000659,CUST000440,Savings,398325.23,INR,BR014,Active,2023-04-04,2026-07-25 15:03:46.711861+00:00,accounts.csv
ACC00000660,CUST000440,Savings,363470.08,INR,BR011,Active,2021-05-12,2026-07-25 15:03:46.711861+00:00,accounts.csv
ACC00000661,CUST000441,Savings,421495.77,INR,BR004,Dormant,2024-07-26,2026-07-25 15:03:46.711861+00:00,accounts.csv
ACC00000662,CUST000442,Current,1605446.94,INR,BR013,Closed,2024-11-29,2026-07-25 15:03:46.711861+00:00,accounts.csv
ACC00000663,CUST000443,Fixed Deposit,4173314.3,INR,BR019,Active,2017-06-10,2026-07-25 15:03:46.711861+00:00,accounts.csv
ACC00000664,CUST000444,Savings,143618.24,INR,BR003,Active,2020-10-12,2026-07-25 15:03:46.711861+00:00,accounts.csv
ACC00000665,CUST000444,Fixed Deposit,3432433.95,INR,BR013,Active,2023-09-16,2026-07-25 15:03:46.711861+00:00,accounts.csv
ACC00000666,CUST000445,Fixed Deposit,148928.64,INR,BR010,Active,2019-07-01,2026-07-25 15:03:46.711861+00:00,accounts.csv
ACC00000667,CUST000446,Fixed Deposit,1594078.11,INR,BR011,Active,2022-09-14,2026-07-25 15:03:46.711861+00:00,accounts.csv
ACC00000668,CUST000447,Fixed Deposit,1193527.9,INR,BR013,Active,2020-06-04,2026-07-25 15:03:46.711861+00:00,accounts.csv
ACC00000669,CUST000447,Savings,312180.43,INR,BR010,Active,2023-03-29,2026-07-25 15:03:46.711861+00:00,accounts.csv
ACC00000670,CUST000448,Current,1748846.56,INR,BR015,Active,2022-09-28,2026-07-25 15:03:46.711861+00:00,accounts.csv
ACC00000671,CUST000449,Fixed Deposit,3790472.79,INR,BR001,Active,2022-11-28,2026-07-25 15:03:46.711861+00:00,accounts.csv
ACC00000672,CUST000450,Fixed Deposit,2338717.24,INR,BR015,Active,2025-09-13,2026-07-25 15:03:46.711861+00:00,accounts.csv
ACC00000673,CUST000450,Current,129373.4,INR,BR015,Active,2017-07-03,2026-07-25 15:03:46.711861+00:00,accounts.csv
ACC00000674,CUST000451,Fixed Deposit,4768485.15,INR,BR009,Active,2018-09-05,2026-07-25 15:03:46.711861+00:00,accounts.csv
ACC00000675,CUST000452,Current,1296551.89,INR,BR020,Active,2018-04-04,2026-07-25 15:03:46.711861+00:00,accounts.csv
ACC00000676,CUST000452,Savings,58635.44,INR,BR004,Active,2022-02-08,2026-07-25 15:03:46.711861+00:00,accounts.csv
ACC00000677,CUST000453,Current,707613.07,INR,BR003,Active,2017-11-26,2026-07-25 15:03:46.711861+00:00,accounts.csv
ACC00000678,CUST000453,Savings,333154.86,INR,BR017,Active,2018-12-05,2026-07-25 15:03:46.711861+00:00,accounts.csv
ACC00000679,CUST000454,Fixed Deposit,3671483.58,INR,BR018,Active,2025-04-15,2026-07-25 15:03:46.711861+00:00,accounts.csv
ACC00000680,CUST000455,Current,1130326.58,INR,BR008,Active,2021-01-26,2026-07-25 15:03:46.711861+00:00,accounts.csv
ACC00000681,CUST000456,Current,802551.23,INR,BR001,Active,2016-11-05,2026-07-25 15:03:46.711861+00:00,accounts.csv
ACC00000682,CUST000456,Fixed Deposit,1534231.44,INR,BR002,Active,2023-01-11,2026-07-25 15:03:46.711861+00:00,accounts.csv
ACC00000683,CUST000456,Fixed Deposit,1605197.84,INR,BR003,Active,2018-12-11,2026-07-25 15:03:46.711861+00:00,accounts.csv
ACC00000684,CUST000457,Current,438358.14,INR,BR011,Active,2024-06-15,2026-07-25 15:03:46.711861+00:00,accounts.csv
ACC00000685,CUST000458,Current,1508723.91,INR,BR007,Active,2019-02-01,2026-07-25 15:03:46.711861+00:00,accounts.csv
ACC00000686,CUST000459,Current,156921.34,INR,BR016,Active,2019-04-27,2026-07-25 15:03:46.711861+00:00,accounts.csv
ACC00000687,CUST000460,Fixed Deposit,65175.38,INR,BR017,Active,2025-04-27,2026-07-25 15:03:46.711861+00:00,accounts.csv
ACC00000688,CUST000461,Current,659095.92,INR,BR001,Active,2018-08-11,2026-07-25 15:03:46.711861+00:00,accounts.csv
ACC00000689,CUST000462,Savings,430736.56,INR,BR012,Active,2023-05-09,2026-07-25 15:03:46.711861+00:00,accounts.csv
ACC00000690,CUST000463,Current,1630167.11,INR,BR017,Active,2018-04-24,2026-07-25 15:03:46.711861+00:00,accounts.csv
ACC00000691,CUST000463,Fixed Deposit,3176407.13,INR,BR017,Active,2023-11-13,2026-07-25 15:03:46.711861+00:00,accounts.csv
ACC00000692,CUST000464,Savings,67083.86,INR,BR018,Dormant,2022-12-28,2026-07-25 15:03:46.711861+00:00,accounts.csv
ACC00000693,CUST000465,Savings,335404.52,INR,BR019,Active,2021-11-04,2026-07-25 15:03:46.711861+00:00,accounts.csv
ACC00000694,CUST000465,Fixed Deposit,1226517.69,INR,BR017,Active,2016-11-08,2026-07-25 15:03:46.711861+00:00,accounts.csv
ACC00000695,CUST000466,Savings,243627.15,INR,BR010,Active,2025-06-14,2026-07-25 15:03:46.711861+00:00,accounts.csv
ACC00000696,CUST000466,Fixed Deposit,1628912.67,INR,BR019,Active,2019-09-09,2026-07-25 15:03:46.711861+00:00,accounts.csv
ACC00000697,CUST000466,Fixed Deposit,4024722.19,INR,BR008,Active,2017-10-19,2026-07-25 15:03:46.711861+00:00,accounts.csv
ACC00000698,CUST000467,Savings,249375.6,INR,BR015,Active,2022-03-12,2026-07-25 15:03:46.711861+00:00,accounts.csv
ACC00000699,CUST000468,Current,1963377.78,INR,BR001,Active,2025-04-12,2026-07-25 15:03:46.711861+00:00,accounts.csv
ACC00000700,CUST000469,Current,1354932.55,INR,BR016,Active,2022-10-08,2026-07-25 15:03:46.711861+00:00,accounts.csv
ACC00000701,CUST000470,Current,269788.18,INR,BR013,Dormant,2022-06-30,2026-07-25 15:03:46.711861+00:00,accounts.csv
ACC00000702,CUST000470,Current,1160766.99,INR,BR020,Active,2019-11-15,2026-07-25 15:03:46.711861+00:00,accounts.csv
ACC00000703,CUST000471,Savings,40024.75,INR,BR007,Active,2022-01-17,2026-07-25 15:03:46.711861+00:00,accounts.csv
ACC00000704,CUST000472,Savings,236936.8,INR,BR006,Dormant,2024-08-19,2026-07-25 15:03:46.711861+00:00,accounts.csv
ACC00000705,CUST000473,Current,127269.21,INR,BR006,Active,2018-06-26,2026-07-25 15:03:46.711861+00:00,accounts.csv
ACC00000706,CUST000474,Fixed Deposit,1517800.45,INR,BR009,Active,2026-01-24,2026-07-25 15:03:46.711861+00:00,accounts.csv
ACC00000707,CUST000475,Fixed Deposit,2886783.41,INR,BR011,Active,2019-06-06,2026-07-25 15:03:46.711861+00:00,accounts.csv
ACC00000708,CUST000476,Savings,479993.79,INR,BR008,Active,2024-04-24,2026-07-25 15:03:46.711861+00:00,accounts.csv
ACC00000709,CUST000477,Current,865528.04,INR,BR020,Active,2025-07-27,2026-07-25 15:03:46.711861+00:00,accounts.csv
ACC00000710,CUST000477,Fixed Deposit,4596544.05,INR,BR003,Active,2017-11-20,2026-07-25 15:03:46.711861+00:00,accounts.csv
ACC00000711,CUST000477,Current,732291.25,INR,BR018,Active,2024-01-31,2026-07-25 15:03:46.711861+00:00,accounts.csv
ACC00000712,CUST000478,Fixed Deposit,2770127.3,INR,BR008,Active,2026-01-07,2026-07-25 15:03:46.711861+00:00,accounts.csv
ACC00000713,CUST000478,Fixed Deposit,2718128.54,INR,BR003,Active,2022-08-07,2026-07-25 15:03:46.711861+00:00,accounts.csv
ACC00000714,CUST000479,Savings,351631.72,INR,BR013,Active,2018-04-14,2026-07-25 15:03:46.711861+00:00,accounts.csv
ACC00000715,CUST000480,Savings,79759.21,INR,BR013,Active,2017-08-04,2026-07-25 15:03:46.711861+00:00,accounts.csv
ACC00000716,CUST000481,Fixed Deposit,1097354.67,INR,BR008,Active,2018-10-01,2026-07-25 15:03:46.711861+00:00,accounts.csv
ACC00000717,CUST000482,Fixed Deposit,1193970.71,INR,BR016,Active,2025-03-14,2026-07-25 15:03:46.711861+00:00,accounts.csv
ACC00000718,CUST000482,Savings,111814.45,INR,BR002,Active,2020-12-31,2026-07-25 15:03:46.711861+00:00,accounts.csv
ACC00000719,CUST000482,Savings,229870.11,INR,BR016,Active,2022-11-03,2026-07-25 15:03:46.711861+00:00,accounts.csv
ACC00000720,CUST000483,Current,484939.48,INR,BR010,Active,2016-08-29,2026-07-25 15:03:46.711861+00:00,accounts.csv
ACC00000721,CUST000483,Fixed Deposit,4761279.94,INR,BR005,Active,2022-06-11,2026-07-25 15:03:46.711861+00:00,accounts.csv
ACC00000722,CUST000484,Current,1024663.89,INR,BR019,Active,2024-03-20,2026-07-25 15:03:46.711861+00:00,accounts.csv
ACC00000723,CUST000484,Current,1988519.94,INR,BR019,Active,2020-04-28,2026-07-25 15:03:46.711861+00:00,accounts.csv
ACC00000724,CUST000484,Savings,433208.97,INR,BR019,Active,2026-01-20,2026-07-25 15:03:46.711861+00:00,accounts.csv
ACC00000725,CUST000485,Savings,324753.3,INR,BR004,Active,2020-02-22,2026-07-25 15:03:46.711861+00:00,accounts.csv
ACC00000726,CUST000485,Fixed Deposit,3733259.91,INR,BR008,Active,2023-10-27,2026-07-25 15:03:46.711861+00:00,accounts.csv
ACC00000727,CUST000486,Savings,456726.14,INR,BR019,Active,2021-09-10,2026-07-25 15:03:46.711861+00:00,accounts.csv
ACC00000728,CUST000486,Fixed Deposit,640663.46,INR,BR002,Dormant,2019-05-23,2026-07-25 15:03:46.711861+00:00,accounts.csv
ACC00000729,CUST000486,Savings,184527.92,INR,BR005,Active,2019-04-05,2026-07-25 15:03:46.711861+00:00,accounts.csv
ACC00000730,CUST000487,Savings,156502.15,INR,BR003,Active,2019-06-17,2026-07-25 15:03:46.711861+00:00,accounts.csv
ACC00000731,CUST000488,Current,1415015.38,INR,BR018,Closed,2020-05-30,2026-07-25 15:03:46.711861+00:00,accounts.csv
ACC00000732,CUST000489,Fixed Deposit,591494.83,INR,BR020,Active,2026-02-07,2026-07-25 15:03:46.711861+00:00,accounts.csv
ACC00000733,CUST000490,Current,1700251.2,INR,BR017,Active,2019-08-19,2026-07-25 15:03:46.711861+00:00,accounts.csv
ACC00000734,CUST000491,Savings,377604.2,INR,BR014,Active,2019-02-21,2026-07-25 15:03:46.711861+00:00,accounts.csv
ACC00000735,CUST000491,Savings,412768.01,INR,BR019,Active,2025-09-29,2026-07-25 15:03:46.711861+00:00,accounts.csv
ACC00000736,CUST000492,Savings,403589.78,INR,BR006,Active,2023-03-30,2026-07-25 15:03:46.711861+00:00,accounts.csv
ACC00000737,CUST000492,Savings,23103.7,INR,BR016,Dormant,2018-05-06,2026-07-25 15:03:46.711861+00:00,accounts.csv
ACC00000738,CUST000493,Fixed Deposit,4753604.17,INR,BR018,Active,2019-03-23,2026-07-25 15:03:46.711861+00:00,accounts.csv
ACC00000739,CUST000494,Fixed Deposit,4943866.98,INR,BR013,Active,2024-08-28,2026-07-25 15:03:46.711861+00:00,accounts.csv
ACC00000740,CUST000495,Fixed Deposit,2746878.66,INR,BR002,Dormant,2022-04-24,2026-07-25 15:03:46.711861+00:00,accounts.csv
ACC00000741,CUST000495,Fixed Deposit,1088806.42,INR,BR004,Closed,2020-01-12,2026-07-25 15:03:46.711861+00:00,accounts.csv
ACC00000742,CUST000495,Current,354996.65,INR,BR011,Active,2020-08-27,2026-07-25 15:03:46.711861+00:00,accounts.csv
ACC00000743,CUST000496,Current,682207.4,INR,BR007,Active,2016-10-17,2026-07-25 15:03:46.711861+00:00,accounts.csv
ACC00000744,CUST000497,Current,376012.38,INR,BR017,Active,2018-12-04,2026-07-25 15:03:46.711861+00:00,accounts.csv
ACC00000745,CUST000497,Current,652296.21,INR,BR018,Active,2019-07-02,2026-07-25 15:03:46.711861+00:00,accounts.csv
ACC00000746,CUST000498,Fixed Deposit,4706617.08,INR,BR019,Active,2017-03-27,2026-07-25 15:03:46.711861+00:00,accounts.csv
ACC00000747,CUST000498,Current,489291.64,INR,BR014,Active,2023-08-23,2026-07-25 15:03:46.711861+00:00,accounts.csv
ACC00000748,CUST000499,Savings,8574.68,INR,BR013,Active,2018-06-14,2026-07-25 15:03:46.711861+00:00,accounts.csv
ACC00000749,CUST000500,Current,1907692.19,INR,BR009,Active,2019-07-29,2026-07-25 15:03:46.711861+00:00,accounts.csv
ACC00000750,CUST000500,Savings,166275.65,INR,BR002,Active,2018-02-02,2026-07-25 15:03:46.711861+00:00,accounts.csv
ACC00000751,CUST000501,Fixed Deposit,4328270.47,INR,BR016,Active,2024-03-03,2026-07-25 15:03:46.711861+00:00,accounts.csv
ACC00000752,CUST000502,Fixed Deposit,68521.13,INR,BR013,Active,2025-04-18,2026-07-25 15:03:46.711861+00:00,accounts.csv
ACC00000753,CUST000503,Fixed Deposit,865205.83,INR,BR001,Dormant,2019-02-20,2026-07-25 15:03:46.711861+00:00,accounts.csv
ACC00000754,CUST000503,Current,1926525.91,INR,BR008,Active,2021-03-31,2026-07-25 15:03:46.711861+00:00,accounts.csv
ACC00000755,CUST000504,Savings,409664.27,INR,BR006,Active,2022-12-22,2026-07-25 15:03:46.711861+00:00,accounts.csv
ACC00000756,CUST000504,Fixed Deposit,4485864.06,INR,BR007,Active,2023-12-02,2026-07-25 15:03:46.711861+00:00,accounts.csv
ACC00000757,CUST000504,Savings,437447.29,INR,BR012,Active,2022-01-22,2026-07-25 15:03:46.711861+00:00,accounts.csv
ACC00000758,CUST000505,Current,1478097.83,INR,BR020,Active,2021-06-08,2026-07-25 15:03:46.711861+00:00,accounts.csv
ACC00000759,CUST000505,Current,1160058.36,INR,BR007,Active,2025-02-09,2026-07-25 15:03:46.711861+00:00,accounts.csv
ACC00000760,CUST000506,Current,113807.94,INR,BR005,Active,2024-10-06,2026-07-25 15:03:46.711861+00:00,accounts.csv
ACC00000761,CUST000506,Fixed Deposit,569892.2,INR,BR009,Active,2025-04-16,2026-07-25 15:03:46.711861+00:00,accounts.csv
ACC00000762,CUST000507,Fixed Deposit,2817193.86,INR,BR002,Active,2024-12-28,2026-07-25 15:03:46.711861+00:00,accounts.csv
ACC00000763,CUST000507,Current,888993.99,INR,BR001,Active,2023-12-21,2026-07-25 15:03:46.711861+00:00,accounts.csv
ACC00000764,CUST000508,Savings,243999.97,INR,BR020,Active,2019-01-27,2026-07-25 15:03:46.711861+00:00,accounts.csv
ACC00000765,CUST000508,Savings,323840.08,INR,BR020,Active,2025-08-03,2026-07-25 15:03:46.711861+00:00,accounts.csv
ACC00000766,CUST000509,Fixed Deposit,3022423.78,INR,BR006,Active,2024-10-25,2026-07-25 15:03:46.711861+00:00,accounts.csv
ACC00000767,CUST000510,Current,790183.87,INR,BR015,Active,2019-01-06,2026-07-25 15:03:46.711861+00:00,accounts.csv
ACC00000768,CUST000511,Current,1526381.02,INR,BR019,Active,2024-09-17,2026-07-25 15:03:46.711861+00:00,accounts.csv
ACC00000769,CUST000511,Fixed Deposit,3107987.79,INR,BR003,Active,2021-03-29,2026-07-25 15:03:46.711861+00:00,accounts.csv
ACC00000770,CUST000512,Current,1313446.68,INR,BR007,Active,2023-03-17,2026-07-25 15:03:46.711861+00:00,accounts.csv
ACC00000771,CUST000513,Savings,341554.85,INR,BR016,Active,2024-09-03,2026-07-25 15:03:46.711861+00:00,accounts.csv
ACC00000772,CUST000514,Current,506434.62,INR,BR005,Active,2019-03-02,2026-07-25 15:03:46.711861+00:00,accounts.csv
ACC00000773,CUST000515,Current,697114.32,INR,BR007,Active,2020-10-23,2026-07-25 15:03:46.711861+00:00,accounts.csv
ACC00000774,CUST000515,Current,569968.2,INR,BR007,Active,2026-07-07,2026-07-25 15:03:46.711861+00:00,accounts.csv
ACC00000775,CUST000516,Current,1431517.37,INR,BR001,Active,2021-10-31,2026-07-25 15:03:46.711861+00:00,accounts.csv
ACC00000776,CUST000517,Current,1579673.15,INR,BR008,Active,2019-11-04,2026-07-25 15:03:46.711861+00:00,accounts.csv
ACC00000777,CUST000518,Current,1252556.02,INR,BR012,Dormant,2020-04-05,2026-07-25 15:03:46.711861+00:00,accounts.csv
ACC00000778,CUST000519,Savings,76380.14,INR,BR012,Active,2019-02-21,2026-07-25 15:03:46.711861+00:00,accounts.csv
ACC00000779,CUST000520,Current,1727879.98,INR,BR019,Active,2017-01-15,2026-07-25 15:03:46.711861+00:00,accounts.csv
ACC00000780,CUST000521,Current,852286.56,INR,BR009,Active,2023-07-07,2026-07-25 15:03:46.711861+00:00,accounts.csv
ACC00000781,CUST000522,Fixed Deposit,4457413.1,INR,BR020,Active,2020-05-05,2026-07-25 15:03:46.711861+00:00,accounts.csv
ACC00000782,CUST000523,Fixed Deposit,4816616.8,INR,BR003,Active,2023-03-18,2026-07-25 15:03:46.711861+00:00,accounts.csv
ACC00000783,CUST000523,Current,770364.71,INR,BR020,Active,2020-03-31,2026-07-25 15:03:46.711861+00:00,accounts.csv
ACC00000784,CUST000524,Current,417855.03,INR,BR007,Dormant,2018-07-29,2026-07-25 15:03:46.711861+00:00,accounts.csv
ACC00000785,CUST000524,Current,878184.53,INR,BR013,Active,2026-04-14,2026-07-25 15:03:46.711861+00:00,accounts.csv
ACC00000786,CUST000525,Fixed Deposit,4342868.58,INR,BR007,Active,2017-01-09,2026-07-25 15:03:46.711861+00:00,accounts.csv
ACC00000787,CUST000526,Current,814353.83,INR,BR005,Active,2023-06-07,2026-07-25 15:03:46.711861+00:00,accounts.csv
ACC00000788,CUST000526,Fixed Deposit,326253.06,INR,BR010,Active,2023-05-05,2026-07-25 15:03:46.711861+00:00,accounts.csv
ACC00000789,CUST000527,Current,1675913.49,INR,BR008,Active,2022-10-30,2026-07-25 15:03:46.711861+00:00,accounts.csv
ACC00000790,CUST000528,Fixed Deposit,4454778.57,INR,BR003,Active,2023-08-18,2026-07-25 15:03:46.711861+00:00,accounts.csv
ACC00000791,CUST000529,Savings,236047.68,INR,BR014,Active,2022-10-18,2026-07-25 15:03:46.711861+00:00,accounts.csv
ACC00000792,CUST000530,Current,232226.31,INR,BR018,Active,2023-02-08,2026-07-25 15:03:46.711861+00:00,accounts.csv
ACC00000793,CUST000530,Fixed Deposit,3875525.52,INR,BR010,Active,2024-06-18,2026-07-25 15:03:46.711861+00:00,accounts.csv
ACC00000794,CUST000531,Savings,84966.2,INR,BR017,Active,2023-06-06,2026-07-25 15:03:46.711861+00:00,accounts.csv
ACC00000795,CUST000532,Current,1629845.22,INR,BR013,Active,2021-06-28,2026-07-25 15:03:46.711861+00:00,accounts.csv
ACC00000796,CUST000532,Fixed Deposit,2393314.49,INR,BR008,Active,2026-06-21,2026-07-25 15:03:46.711861+00:00,accounts.csv
ACC00000797,CUST000533,Savings,378866.69,INR,BR005,Active,2019-07-16,2026-07-25 15:03:46.711861+00:00,accounts.csv
ACC00000798,CUST000534,Current,919544.49,INR,BR011,Active,2020-12-18,2026-07-25 15:03:46.711861+00:00,accounts.csv
ACC00000799,CUST000534,Savings,219260.2,INR,BR009,Active,2020-12-04,2026-07-25 15:03:46.711861+00:00,accounts.csv
ACC00000800,CUST000535,Savings,224629.79,INR,BR008,Active,2021-08-04,2026-07-25 15:03:46.711861+00:00,accounts.csv
ACC00000801,CUST000536,Fixed Deposit,2727828.18,INR,BR003,Active,2018-12-24,2026-07-25 15:03:46.711861+00:00,accounts.csv
ACC00000802,CUST000536,Current,1943523.79,INR,BR008,Active,2018-08-13,2026-07-25 15:03:46.711861+00:00,accounts.csv
ACC00000803,CUST000537,Savings,353155.33,INR,BR011,Dormant,2020-05-07,2026-07-25 15:03:46.711861+00:00,accounts.csv
ACC00000804,CUST000538,Fixed Deposit,133837.89,INR,BR019,Active,2016-09-29,2026-07-25 15:03:46.711861+00:00,accounts.csv
ACC00000805,CUST000538,Fixed Deposit,1172264.63,INR,BR006,Active,2023-05-31,2026-07-25 15:03:46.711861+00:00,accounts.csv
ACC00000806,CUST000539,Current,383521.32,INR,BR006,Active,2017-06-20,2026-07-25 15:03:46.711861+00:00,accounts.csv
ACC00000807,CUST000540,Fixed Deposit,1437635.08,INR,BR013,Active,2019-03-11,2026-07-25 15:03:46.711861+00:00,accounts.csv
ACC00000808,CUST000540,Savings,187563.18,INR,BR002,Active,2021-03-04,2026-07-25 15:03:46.711861+00:00,accounts.csv
ACC00000809,CUST000541,Savings,419205.21,INR,BR018,Active,2022-09-08,2026-07-25 15:03:46.711861+00:00,accounts.csv
ACC00000810,CUST000541,Savings,461256.97,INR,BR014,Active,2024-02-28,2026-07-25 15:03:46.711861+00:00,accounts.csv
ACC00000811,CUST000541,Current,1944642.19,INR,BR012,Active,2021-01-22,2026-07-25 15:03:46.711861+00:00,accounts.csv
ACC00000812,CUST000542,Savings,63897.99,INR,BR008,Active,2024-05-24,2026-07-25 15:03:46.711861+00:00,accounts.csv
ACC00000813,CUST000543,Fixed Deposit,820046.56,INR,BR003,Active,2020-04-29,2026-07-25 15:03:46.711861+00:00,accounts.csv
ACC00000814,CUST000543,Current,1664445.52,INR,BR002,Active,2025-10-29,2026-07-25 15:03:46.711861+00:00,accounts.csv
ACC00000815,CUST000544,Fixed Deposit,1277440.21,INR,BR009,Active,2019-08-14,2026-07-25 15:03:46.711861+00:00,accounts.csv
ACC00000816,CUST000545,Fixed Deposit,4844429.34,INR,BR004,Active,2023-07-29,2026-07-25 15:03:46.711861+00:00,accounts.csv
ACC00000817,CUST000546,Current,196541.82,INR,BR013,Active,2018-03-28,2026-07-25 15:03:46.711861+00:00,accounts.csv
ACC00000818,CUST000547,Fixed Deposit,1564626.94,INR,BR002,Dormant,2021-01-28,2026-07-25 15:03:46.711861+00:00,accounts.csv
ACC00000819,CUST000548,Current,443161.2,INR,BR019,Active,2020-01-27,2026-07-25 15:03:46.711861+00:00,accounts.csv
ACC00000820,CUST000548,Savings,6612.11,INR,BR012,Active,2019-10-05,2026-07-25 15:03:46.711861+00:00,accounts.csv
ACC00000821,CUST000549,Current,458199.26,INR,BR010,Active,2018-03-22,2026-07-25 15:03:46.711861+00:00,accounts.csv
ACC00000822,CUST000549,Fixed Deposit,4189543.2,INR,BR003,Active,2020-06-23,2026-07-25 15:03:46.711861+00:00,accounts.csv
ACC00000823,CUST000550,Fixed Deposit,2669638.24,INR,BR013,Active,2019-09-10,2026-07-25 15:03:46.711861+00:00,accounts.csv
ACC00000824,CUST000551,Current,336868.08,INR,BR009,Active,2024-09-11,2026-07-25 15:03:46.711861+00:00,accounts.csv
ACC00000825,CUST000551,Savings,399099.15,INR,BR015,Active,2025-04-12,2026-07-25 15:03:46.711861+00:00,accounts.csv
ACC00000826,CUST000551,Current,1819750.62,INR,BR002,Active,2025-04-10,2026-07-25 15:03:46.711861+00:00,accounts.csv
ACC00000827,CUST000552,Fixed Deposit,3228175.33,INR,BR001,Active,2020-12-01,2026-07-25 15:03:46.711861+00:00,accounts.csv
ACC00000828,CUST000552,Fixed Deposit,884160.41,INR,BR015,Active,2017-11-23,2026-07-25 15:03:46.711861+00:00,accounts.csv
ACC00000829,CUST000553,Fixed Deposit,4842142.39,INR,BR001,Active,2019-02-24,2026-07-25 15:03:46.711861+00:00,accounts.csv
ACC00000830,CUST000554,Current,385817.76,INR,BR005,Active,2019-02-19,2026-07-25 15:03:46.711861+00:00,accounts.csv
ACC00000831,CUST000554,Current,91256.38,INR,BR006,Active,2025-03-13,2026-07-25 15:03:46.711861+00:00,accounts.csv
ACC00000832,CUST000555,Fixed Deposit,212944.96,INR,BR008,Active,2018-11-07,2026-07-25 15:03:46.711861+00:00,accounts.csv
ACC00000833,CUST000555,Savings,306298.85,INR,BR013,Active,2020-04-06,2026-07-25 15:03:46.711861+00:00,accounts.csv
ACC00000834,CUST000556,Savings,120259.38,INR,BR015,Active,2024-12-09,2026-07-25 15:03:46.711861+00:00,accounts.csv
ACC00000835,CUST000557,Current,293117.95,INR,BR005,Active,2026-02-21,2026-07-25 15:03:46.711861+00:00,accounts.csv
ACC00000836,CUST000558,Fixed Deposit,596176.34,INR,BR009,Active,2023-11-03,2026-07-25 15:03:46.711861+00:00,accounts.csv
ACC00000837,CUST000558,Savings,201106.6,INR,BR016,Active,2020-05-21,2026-07-25 15:03:46.711861+00:00,accounts.csv
ACC00000838,CUST000559,Fixed Deposit,2520626.51,INR,BR006,Active,2017-04-17,2026-07-25 15:03:46.711861+00:00,accounts.csv
ACC00000839,CUST000560,Current,1108602.84,INR,BR015,Active,2024-11-21,2026-07-25 15:03:46.711861+00:00,accounts.csv
ACC00000840,CUST000560,Fixed Deposit,1548588.78,INR,BR018,Active,2022-07-30,2026-07-25 15:03:46.711861+00:00,accounts.csv
ACC00000841,CUST000561,Fixed Deposit,3902377.66,INR,BR014,Active,2020-10-26,2026-07-25 15:03:46.711861+00:00,accounts.csv
ACC00000842,CUST000561,Fixed Deposit,1181346.34,INR,BR018,Active,2024-01-19,2026-07-25 15:03:46.711861+00:00,accounts.csv
ACC00000843,CUST000562,Fixed Deposit,494067.43,INR,BR009,Active,2023-04-18,2026-07-25 15:03:46.711861+00:00,accounts.csv
ACC00000844,CUST000562,Fixed Deposit,2206696.26,INR,BR017,Active,2025-08-27,2026-07-25 15:03:46.711861+00:00,accounts.csv
ACC00000845,CUST000563,Savings,425826.07,INR,BR005,Closed,2024-07-04,2026-07-25 15:03:46.711861+00:00,accounts.csv
ACC00000846,CUST000564,Fixed Deposit,827309.17,INR,BR018,Active,2021-06-11,2026-07-25 15:03:46.711861+00:00,accounts.csv
ACC00000847,CUST000565,Savings,52808.42,INR,BR006,Active,2021-09-29,2026-07-25 15:03:46.711861+00:00,accounts.csv
ACC00000848,CUST000565,Current,25001.04,INR,BR009,Dormant,2023-12-10,2026-07-25 15:03:46.711861+00:00,accounts.csv
ACC00000849,CUST000565,Fixed Deposit,4791292.56,INR,BR002,Active,2024-09-04,2026-07-25 15:03:46.711861+00:00,accounts.csv
ACC00000850,CUST000566,Fixed Deposit,1712420.87,INR,BR010,Dormant,2023-07-21,2026-07-25 15:03:46.711861+00:00,accounts.csv
ACC00000851,CUST000566,Fixed Deposit,4622857.8,INR,BR019,Active,2025-11-05,2026-07-25 15:03:46.711861+00:00,accounts.csv
ACC00000852,CUST000567,Savings,7218.26,INR,BR003,Active,2024-01-16,2026-07-25 15:03:46.711861+00:00,accounts.csv
ACC00000853,CUST000568,Fixed Deposit,516128.87,INR,BR015,Active,2017-06-04,2026-07-25 15:03:46.711861+00:00,accounts.csv
ACC00000854,CUST000569,Savings,244269.07,INR,BR002,Active,2024-08-02,2026-07-25 15:03:46.711861+00:00,accounts.csv
ACC00000855,CUST000570,Current,325306.29,INR,BR011,Active,2021-07-03,2026-07-25 15:03:46.711861+00:00,accounts.csv
ACC00000856,CUST000571,Savings,180768.2,INR,BR015,Active,2019-08-06,2026-07-25 15:03:46.711861+00:00,accounts.csv
ACC00000857,CUST000571,Savings,6334.58,INR,BR013,Active,2022-11-09,2026-07-25 15:03:46.711861+00:00,accounts.csv
ACC00000858,CUST000572,Savings,178276.09,INR,BR012,Active,2017-12-19,2026-07-25 15:03:46.711861+00:00,accounts.csv
ACC00000859,CUST000572,Savings,464782.95,INR,BR013,Active,2018-10-01,2026-07-25 15:03:46.711861+00:00,accounts.csv
ACC00000860,CUST000573,Current,64822.56,INR,BR010,Active,2022-10-03,2026-07-25 15:03:46.711861+00:00,accounts.csv
ACC00000861,CUST000574,Fixed Deposit,2012132.55,INR,BR020,Dormant,2024-04-08,2026-07-25 15:03:46.711861+00:00,accounts.csv
ACC00000862,CUST000574,Savings,181199.33,INR,BR011,Active,2021-09-06,2026-07-25 15:03:46.711861+00:00,accounts.csv
ACC00000863,CUST000574,Savings,207397.51,INR,BR005,Active,2024-12-22,2026-07-25 15:03:46.711861+00:00,accounts.csv
ACC00000864,CUST000575,Savings,96190.27,INR,BR020,Active,2017-12-03,2026-07-25 15:03:46.711861+00:00,accounts.csv
ACC00000865,CUST000575,Savings,31630.49,INR,BR008,Active,2022-03-29,2026-07-25 15:03:46.711861+00:00,accounts.csv
ACC00000866,CUST000576,Savings,79460.69,INR,BR006,Active,2020-07-27,2026-07-25 15:03:46.711861+00:00,accounts.csv
ACC00000867,CUST000576,Current,262908.97,INR,BR020,Active,2018-04-09,2026-07-25 15:03:46.711861+00:00,accounts.csv
ACC00000868,CUST000577,Fixed Deposit,3648158.99,INR,BR019,Active,2025-10-14,2026-07-25 15:03:46.711861+00:00,accounts.csv
ACC00000869,CUST000578,Current,1311500.66,INR,BR005,Active,2026-06-01,2026-07-25 15:03:46.711861+00:00,accounts.csv
ACC00000870,CUST000579,Current,1689952.01,INR,BR018,Active,2016-11-05,2026-07-25 15:03:46.711861+00:00,accounts.csv
ACC00000871,CUST000579,Fixed Deposit,2167263.83,INR,BR005,Active,2019-05-15,2026-07-25 15:03:46.711861+00:00,accounts.csv
ACC00000872,CUST000580,Savings,67641.74,INR,BR012,Active,2025-02-04,2026-07-25 15:03:46.711861+00:00,accounts.csv
ACC00000873,CUST000581,Current,1154082.46,INR,BR010,Dormant,2022-07-22,2026-07-25 15:03:46.711861+00:00,accounts.csv
ACC00000874,CUST000582,Savings,445786.96,INR,BR014,Active,2024-04-01,2026-07-25 15:03:46.711861+00:00,accounts.csv
ACC00000875,CUST000583,Fixed Deposit,2843054.95,INR,BR015,Active,2018-08-02,2026-07-25 15:03:46.711861+00:00,accounts.csv
ACC00000876,CUST000583,Fixed Deposit,1659354.51,INR,BR011,Active,2022-04-11,2026-07-25 15:03:46.711861+00:00,accounts.csv
ACC00000877,CUST000584,Fixed Deposit,1975867.83,INR,BR010,Active,2023-09-25,2026-07-25 15:03:46.711861+00:00,accounts.csv
ACC00000878,CUST000585,Fixed Deposit,2367890.28,INR,BR008,Active,2023-07-19,2026-07-25 15:03:46.711861+00:00,accounts.csv
ACC00000879,CUST000586,Current,512769.98,INR,BR008,Active,2024-12-02,2026-07-25 15:03:46.711861+00:00,accounts.csv
ACC00000880,CUST000587,Current,864611.49,INR,BR018,Active,2017-04-26,2026-07-25 15:03:46.711861+00:00,accounts.csv
ACC00000881,CUST000587,Fixed Deposit,3356962.24,INR,BR013,Active,2020-12-24,2026-07-25 15:03:46.711861+00:00,accounts.csv
ACC00000882,CUST000587,Current,1942768.67,INR,BR016,Active,2018-01-21,2026-07-25 15:03:46.711861+00:00,accounts.csv
ACC00000883,CUST000588,Current,1806061.04,INR,BR011,Active,2022-08-21,2026-07-25 15:03:46.711861+00:00,accounts.csv
ACC00000884,CUST000589,Current,1375960.17,INR,BR007,Active,2018-02-04,2026-07-25 15:03:46.711861+00:00,accounts.csv
ACC00000885,CUST000590,Current,1548977.77,INR,BR006,Active,2020-12-24,2026-07-25 15:03:46.711861+00:00,accounts.csv
ACC00000886,CUST000591,Current,343516.6,INR,BR009,Active,2020-03-26,2026-07-25 15:03:46.711861+00:00,accounts.csv
ACC00000887,CUST000592,Current,542286.38,INR,BR003,Active,2022-08-18,2026-07-25 15:03:46.711861+00:00,accounts.csv
ACC00000888,CUST000592,Fixed Deposit,4690903.28,INR,BR018,Active,2020-05-11,2026-07-25 15:03:46.711861+00:00,accounts.csv
ACC00000889,CUST000592,Savings,300609.18,INR,BR002,Active,2022-06-19,2026-07-25 15:03:46.711861+00:00,accounts.csv
ACC00000890,CUST000593,Current,1445577.1,INR,BR020,Active,2021-08-02,2026-07-25 15:03:46.711861+00:00,accounts.csv
ACC00000891,CUST000594,Savings,210673.97,INR,BR007,Active,2023-09-30,2026-07-25 15:03:46.711861+00:00,accounts.csv
ACC00000892,CUST000595,Current,991565.29,INR,BR015,Active,2025-09-28,2026-07-25 15:03:46.711861+00:00,accounts.csv
ACC00000893,CUST000596,Fixed Deposit,2440447.99,INR,BR016,Active,2018-09-10,2026-07-25 15:03:46.711861+00:00,accounts.csv
ACC00000894,CUST000596,Savings,141069.34,INR,BR010,Active,2022-04-04,2026-07-25 15:03:46.711861+00:00,accounts.csv
ACC00000895,CUST000596,Fixed Deposit,2660766.66,INR,BR017,Active,2023-12-20,2026-07-25 15:03:46.711861+00:00,accounts.csv
ACC00000896,CUST000597,Savings,13866.63,INR,BR007,Active,2024-02-15,2026-07-25 15:03:46.711861+00:00,accounts.csv
ACC00000897,CUST000598,Savings,277917.25,INR,BR014,Active,2025-06-17,2026-07-25 15:03:46.711861+00:00,accounts.csv
ACC00000898,CUST000599,Fixed Deposit,2558802.4,INR,BR013,Active,2024-10-04,2026-07-25 15:03:46.711861+00:00,accounts.csv
ACC00000899,CUST000600,Current,502791.16,INR,BR016,Active,2018-11-17,2026-07-25 15:03:46.711861+00:00,accounts.csv
ACC00000900,CUST000600,Savings,44162.45,INR,BR002,Active,2025-07-13,2026-07-25 15:03:46.711861+00:00,accounts.csv
ACC00000901,CUST000601,Savings,301857.2,INR,BR003,Dormant,2021-04-15,2026-07-25 15:03:46.711861+00:00,accounts.csv
ACC00000902,CUST000602,Savings,464190.53,INR,BR019,Active,2022-11-13,2026-07-25 15:03:46.711861+00:00,accounts.csv
ACC00000903,CUST000603,Current,1065894.9,INR,BR009,Active,2019-08-11,2026-07-25 15:03:46.711861+00:00,accounts.csv
ACC00000904,CUST000604,Current,934046.94,INR,BR008,Active,2020-01-06,2026-07-25 15:03:46.711861+00:00,accounts.csv
ACC00000905,CUST000605,Savings,27124.96,INR,BR004,Active,2022-12-17,2026-07-25 15:03:46.711861+00:00,accounts.csv
ACC00000906,CUST000605,Savings,26800.63,INR,BR011,Active,2023-11-02,2026-07-25 15:03:46.711861+00:00,accounts.csv
ACC00000907,CUST000606,Savings,309630.76,INR,BR011,Active,2016-11-12,2026-07-25 15:03:46.711861+00:00,accounts.csv
ACC00000908,CUST000607,Savings,336312.89,INR,BR014,Active,2022-03-26,2026-07-25 15:03:46.711861+00:00,accounts.csv
ACC00000909,CUST000608,Fixed Deposit,2874033.93,INR,BR019,Dormant,2025-08-03,2026-07-25 15:03:46.711861+00:00,accounts.csv
ACC00000910,CUST000608,Fixed Deposit,4296873.79,INR,BR007,Active,2022-10-05,2026-07-25 15:03:46.711861+00:00,accounts.csv
ACC00000911,CUST000609,Savings,405927.98,INR,BR019,Active,2021-05-07,2026-07-25 15:03:46.711861+00:00,accounts.csv
ACC00000912,CUST000610,Current,224643.4,INR,BR005,Active,2025-10-28,2026-07-25 15:03:46.711861+00:00,accounts.csv
ACC00000913,CUST000611,Savings,78789.8,INR,BR016,Closed,2018-11-24,2026-07-25 15:03:46.711861+00:00,accounts.csv
ACC00000914,CUST000612,Current,1595568.11,INR,BR014,Active,2025-07-04,2026-07-25 15:03:46.711861+00:00,accounts.csv
ACC00000915,CUST000612,Fixed Deposit,3695311.16,INR,BR002,Active,2022-03-28,2026-07-25 15:03:46.711861+00:00,accounts.csv
ACC00000916,CUST000613,Savings,244917.17,INR,BR008,Active,2019-03-23,2026-07-25 15:03:46.711861+00:00,accounts.csv
ACC00000917,CUST000614,Current,251414.87,INR,BR016,Active,2017-05-18,2026-07-25 15:03:46.711861+00:00,accounts.csv
ACC00000918,CUST000614,Current,1096133.72,INR,BR009,Active,2017-02-13,2026-07-25 15:03:46.711861+00:00,accounts.csv
ACC00000919,CUST000614,Current,1896914.12,INR,BR002,Dormant,2017-03-27,2026-07-25 15:03:46.711861+00:00,accounts.csv
ACC00000920,CUST000615,Savings,88348.89,INR,BR020,Active,2025-06-19,2026-07-25 15:03:46.711861+00:00,accounts.csv
ACC00000921,CUST000616,Current,472209.15,INR,BR010,Active,2025-06-21,2026-07-25 15:03:46.711861+00:00,accounts.csv
ACC00000922,CUST000616,Current,1381709.41,INR,BR017,Active,2025-04-01,2026-07-25 15:03:46.711861+00:00,accounts.csv
ACC00000923,CUST000616,Fixed Deposit,2322046.84,INR,BR006,Active,2023-05-09,2026-07-25 15:03:46.711861+00:00,accounts.csv
ACC00000924,CUST000617,Current,23359.49,INR,BR010,Active,2021-06-18,2026-07-25 15:03:46.711861+00:00,accounts.csv
ACC00000925,CUST000618,Savings,445405.29,INR,BR001,Active,2025-05-20,2026-07-25 15:03:46.711861+00:00,accounts.csv
ACC00000926,CUST000619,Current,1062056.66,INR,BR018,Active,2023-07-19,2026-07-25 15:03:46.711861+00:00,accounts.csv
ACC00000927,CUST000620,Fixed Deposit,4425983.86,INR,BR019,Active,2023-12-22,2026-07-25 15:03:46.711861+00:00,accounts.csv
ACC00000928,CUST000621,Savings,17185.75,INR,BR006,Dormant,2017-07-13,2026-07-25 15:03:46.711861+00:00,accounts.csv
ACC00000929,CUST000622,Current,1020455.62,INR,BR016,Active,2021-07-22,2026-07-25 15:03:46.711861+00:00,accounts.csv
ACC00000930,CUST000622,Current,1204712.25,INR,BR011,Active,2024-05-16,2026-07-25 15:03:46.711861+00:00,accounts.csv
ACC00000931,CUST000623,Fixed Deposit,1013862.38,INR,BR019,Active,2025-08-04,2026-07-25 15:03:46.711861+00:00,accounts.csv
ACC00000932,CUST000624,Current,704297.22,INR,BR005,Dormant,2020-10-09,2026-07-25 15:03:46.711861+00:00,accounts.csv
ACC00000933,CUST000624,Current,1835921.18,INR,BR010,Active,2024-10-29,2026-07-25 15:03:46.711861+00:00,accounts.csv
ACC00000934,CUST000625,Fixed Deposit,3062565.19,INR,BR006,Active,2022-08-11,2026-07-25 15:03:46.711861+00:00,accounts.csv
ACC00000935,CUST000625,Savings,487080.78,INR,BR003,Dormant,2020-06-02,2026-07-25 15:03:46.711861+00:00,accounts.csv
ACC00000936,CUST000625,Savings,443996.44,INR,BR016,Active,2021-02-04,2026-07-25 15:03:46.711861+00:00,accounts.csv
ACC00000937,CUST000626,Current,170509.97,INR,BR004,Active,2018-03-22,2026-07-25 15:03:46.711861+00:00,accounts.csv
ACC00000938,CUST000627,Current,1847703.16,INR,BR011,Active,2026-03-21,2026-07-25 15:03:46.711861+00:00,accounts.csv
ACC00000939,CUST000627,Fixed Deposit,4013788.09,INR,BR001,Active,2018-10-02,2026-07-25 15:03:46.711861+00:00,accounts.csv
ACC00000940,CUST000628,Current,1608029.08,INR,BR006,Active,2026-02-19,2026-07-25 15:03:46.711861+00:00,accounts.csv
ACC00000941,CUST000628,Current,533121.89,INR,BR020,Active,2025-11-21,2026-07-25 15:03:46.711861+00:00,accounts.csv
ACC00000942,CUST000628,Fixed Deposit,3029709.69,INR,BR004,Dormant,2018-06-26,2026-07-25 15:03:46.711861+00:00,accounts.csv
ACC00000943,CUST000629,Fixed Deposit,1693718.93,INR,BR013,Active,2018-04-27,2026-07-25 15:03:46.711861+00:00,accounts.csv
ACC00000944,CUST000630,Current,676225.81,INR,BR012,Active,2021-04-03,2026-07-25 15:03:46.711861+00:00,accounts.csv
ACC00000945,CUST000631,Current,1937561.44,INR,BR002,Active,2026-06-29,2026-07-25 15:03:46.711861+00:00,accounts.csv
ACC00000946,CUST000631,Savings,450457.43,INR,BR013,Active,2023-07-15,2026-07-25 15:03:46.711861+00:00,accounts.csv
ACC00000947,CUST000632,Current,1394700.88,INR,BR016,Active,2020-07-28,2026-07-25 15:03:46.711861+00:00,accounts.csv
ACC00000948,CUST000632,Current,1411788.5,INR,BR003,Active,2024-12-19,2026-07-25 15:03:46.711861+00:00,accounts.csv
ACC00000949,CUST000633,Current,1993304.53,INR,BR014,Active,2020-03-09,2026-07-25 15:03:46.711861+00:00,accounts.csv
ACC00000950,CUST000634,Current,1871203.65,INR,BR015,Active,2025-12-20,2026-07-25 15:03:46.711861+00:00,accounts.csv
ACC00000951,CUST000635,Current,56656.68,INR,BR012,Active,2020-02-23,2026-07-25 15:03:46.711861+00:00,accounts.csv
ACC00000952,CUST000636,Current,948531.14,INR,BR005,Active,2020-06-29,2026-07-25 15:03:46.711861+00:00,accounts.csv
ACC00000953,CUST000636,Fixed Deposit,1949244.99,INR,BR018,Active,2021-09-13,2026-07-25 15:03:46.711861+00:00,accounts.csv
ACC00000954,CUST000637,Current,959546.62,INR,BR010,Active,2025-11-18,2026-07-25 15:03:46.711861+00:00,accounts.csv
ACC00000955,CUST000638,Current,1012486.82,INR,BR006,Active,2020-02-13,2026-07-25 15:03:46.711861+00:00,accounts.csv
ACC00000956,CUST000638,Current,873685.88,INR,BR003,Active,2020-02-20,2026-07-25 15:03:46.711861+00:00,accounts.csv
ACC00000957,CUST000639,Current,1210751.36,INR,BR007,Active,2016-10-27,2026-07-25 15:03:46.711861+00:00,accounts.csv
ACC00000958,CUST000639,Fixed Deposit,4831401.88,INR,BR003,Dormant,2025-06-10,2026-07-25 15:03:46.711861+00:00,accounts.csv
ACC00000959,CUST000640,Savings,459427.23,INR,BR012,Active,2020-01-31,2026-07-25 15:03:46.711861+00:00,accounts.csv
ACC00000960,CUST000641,Current,502226.41,INR,BR018,Active,2026-05-15,2026-07-25 15:03:46.711861+00:00,accounts.csv
ACC00000961,CUST000641,Savings,481690.36,INR,BR011,Active,2021-12-18,2026-07-25 15:03:46.711861+00:00,accounts.csv
ACC00000962,CUST000642,Current,1372021.48,INR,BR008,Active,2022-03-04,2026-07-25 15:03:46.711861+00:00,accounts.csv
ACC00000963,CUST000643,Savings,428640.12,INR,BR008,Active,2019-09-07,2026-07-25 15:03:46.711861+00:00,accounts.csv
ACC00000964,CUST000644,Current,1076033.99,INR,BR019,Active,2017-08-18,2026-07-25 15:03:46.711861+00:00,accounts.csv
ACC00000965,CUST000644,Savings,496261.43,INR,BR007,Active,2021-06-07,2026-07-25 15:03:46.711861+00:00,accounts.csv
ACC00000966,CUST000645,Savings,395905.37,INR,BR012,Active,2017-09-13,2026-07-25 15:03:46.711861+00:00,accounts.csv
ACC00000967,CUST000646,Fixed Deposit,2994337.01,INR,BR009,Active,2018-07-16,2026-07-25 15:03:46.711861+00:00,accounts.csv
ACC00000968,CUST000647,Current,965550.21,INR,BR004,Active,2017-10-17,2026-07-25 15:03:46.711861+00:00,accounts.csv
ACC00000969,CUST000648,Savings,470405.64,INR,BR007,Active,2022-05-26,2026-07-25 15:03:46.711861+00:00,accounts.csv
ACC00000970,CUST000649,Fixed Deposit,479532.31,INR,BR008,Active,2024-04-13,2026-07-25 15:03:46.711861+00:00,accounts.csv
ACC00000971,CUST000650,Current,1622054.51,INR,BR007,Active,2023-02-17,2026-07-25 15:03:46.711861+00:00,accounts.csv
ACC00000972,CUST000650,Savings,58540.88,INR,BR012,Active,2020-03-03,2026-07-25 15:03:46.711861+00:00,accounts.csv
ACC00000973,CUST000651,Current,1767318.31,INR,BR012,Active,2020-09-01,2026-07-25 15:03:46.711861+00:00,accounts.csv
ACC00000974,CUST000651,Fixed Deposit,2562196.07,INR,BR016,Active,2022-01-15,2026-07-25 15:03:46.711861+00:00,accounts.csv
ACC00000975,CUST000652,Savings,36308.9,INR,BR001,Dormant,2025-04-19,2026-07-25 15:03:46.711861+00:00,accounts.csv
ACC00000976,CUST000652,Current,469130.77,INR,BR018,Active,2020-06-30,2026-07-25 15:03:46.711861+00:00,accounts.csv
ACC00000977,CUST000653,Current,927095.52,INR,BR017,Active,2018-03-26,2026-07-25 15:03:46.711861+00:00,accounts.csv
ACC00000978,CUST000654,Current,1119632.29,INR,BR017,Active,2020-06-28,2026-07-25 15:03:46.711861+00:00,accounts.csv
ACC00000979,CUST000655,Savings,446005.48,INR,BR006,Active,2026-03-02,2026-07-25 15:03:46.711861+00:00,accounts.csv
ACC00000980,CUST000656,Fixed Deposit,3401131.84,INR,BR016,Active,2026-05-22,2026-07-25 15:03:46.711861+00:00,accounts.csv
ACC00000981,CUST000656,Fixed Deposit,792523.72,INR,BR006,Active,2026-02-09,2026-07-25 15:03:46.711861+00:00,accounts.csv
ACC00000982,CUST000657,Current,1356611.65,INR,BR006,Active,2024-06-07,2026-07-25 15:03:46.711861+00:00,accounts.csv
ACC00000983,CUST000657,Fixed Deposit,654525.03,INR,BR004,Active,2017-09-24,2026-07-25 15:03:46.711861+00:00,accounts.csv
ACC00000984,CUST000658,Current,185051.9,INR,BR002,Active,2021-06-11,2026-07-25 15:03:46.711861+00:00,accounts.csv
ACC00000985,CUST000658,Fixed Deposit,2935279.21,INR,BR020,Active,2021-02-21,2026-07-25 15:03:46.711861+00:00,accounts.csv
ACC00000986,CUST000659,Savings,204846.3,INR,BR008,Active,2019-01-03,2026-07-25 15:03:46.711861+00:00,accounts.csv
ACC00000987,CUST000659,Savings,438343.72,INR,BR020,Active,2025-02-08,2026-07-25 15:03:46.711861+00:00,accounts.csv
ACC00000988,CUST000660,Fixed Deposit,513545.67,INR,BR014,Active,2024-09-29,2026-07-25 15:03:46.711861+00:00,accounts.csv
ACC00000989,CUST000660,Savings,246227.15,INR,BR020,Active,2016-12-09,2026-07-25 15:03:46.711861+00:00,accounts.csv
ACC00000990,CUST000660,Current,1212591.16,INR,BR001,Active,2023-12-29,2026-07-25 15:03:46.711861+00:00,accounts.csv
ACC00000991,CUST000661,Fixed Deposit,1018393.24,INR,BR015,Active,2024-09-30,2026-07-25 15:03:46.711861+00:00,accounts.csv
ACC00000992,CUST000662,Savings,281048.77,INR,BR012,Closed,2023-10-20,2026-07-25 15:03:46.711861+00:00,accounts.csv
ACC00000993,CUST000663,Current,1786936.92,INR,BR013,Active,2023-04-13,2026-07-25 15:03:46.711861+00:00,accounts.csv
ACC00000994,CUST000664,Savings,394117.16,INR,BR007,Active,2017-11-15,2026-07-25 15:03:46.711861+00:00,accounts.csv
ACC00000995,CUST000664,Current,694317.51,INR,BR009,Active,2021-03-12,2026-07-25 15:03:46.711861+00:00,accounts.csv
ACC00000996,CUST000664,Fixed Deposit,4844067.81,INR,BR014,Active,2021-02-25,2026-07-25 15:03:46.711861+00:00,accounts.csv
ACC00000997,CUST000665,Current,1337858.53,INR,BR012,Active,2018-02-26,2026-07-25 15:03:46.711861+00:00,accounts.csv
ACC00000998,CUST000666,Fixed Deposit,2528449.74,INR,BR013,Active,2020-09-19,2026-07-25 15:03:46.711861+00:00,accounts.csv
ACC00000999,CUST000667,Current,1115745.85,INR,BR018,Active,2020-07-14,2026-07-25 15:03:46.711861+00:00,accounts.csv
ACC00001000,CUST000667,Savings,305062.25,INR,BR007,Active,2025-01-05,2026-07-25 15:03:46.711861+00:00,accounts.csv
ACC00001001,CUST000667,Fixed Deposit,2940595.77,INR,BR005,Closed,2017-01-17,2026-07-25 15:03:46.711861+00:00,accounts.csv
ACC00001002,CUST000668,Current,1289823.81,INR,BR015,Active,2019-10-02,2026-07-25 15:03:46.711861+00:00,accounts.csv
ACC00001003,CUST000669,Savings,113506.7,INR,BR019,Active,2017-05-09,2026-07-25 15:03:46.711861+00:00,accounts.csv
ACC00001004,CUST000670,Savings,176360.98,INR,BR016,Dormant,2025-03-12,2026-07-25 15:03:46.711861+00:00,accounts.csv
ACC00001005,CUST000670,Fixed Deposit,2509194.63,INR,BR003,Active,2025-12-30,2026-07-25 15:03:46.711861+00:00,accounts.csv
ACC00001006,CUST000671,Savings,165931.82,INR,BR002,Active,2021-02-21,2026-07-25 15:03:46.711861+00:00,accounts.csv
ACC00001007,CUST000671,Savings,386143.25,INR,BR001,Active,2020-04-20,2026-07-25 15:03:46.711861+00:00,accounts.csv
ACC00001008,CUST000672,Fixed Deposit,3498057.43,INR,BR020,Active,2023-06-13,2026-07-25 15:03:46.711861+00:00,accounts.csv
ACC00001009,CUST000672,Current,1290090.63,INR,BR013,Active,2017-01-02,2026-07-25 15:03:46.711861+00:00,accounts.csv
ACC00001010,CUST000672,Current,667634.07,INR,BR003,Active,2018-09-10,2026-07-25 15:03:46.711861+00:00,accounts.csv
ACC00001011,CUST000673,Fixed Deposit,4250341.51,INR,BR002,Dormant,2017-09-18,2026-07-25 15:03:46.711861+00:00,accounts.csv
ACC00001012,CUST000674,Savings,226681.19,INR,BR018,Active,2017-10-01,2026-07-25 15:03:46.711861+00:00,accounts.csv
ACC00001013,CUST000675,Fixed Deposit,4444904.05,INR,BR016,Closed,2017-04-17,2026-07-25 15:03:46.711861+00:00,accounts.csv
ACC00001014,CUST000676,Savings,89756.9,INR,BR001,Active,2019-10-06,2026-07-25 15:03:46.711861+00:00,accounts.csv
ACC00001015,CUST000676,Current,1693169.34,INR,BR003,Dormant,2025-01-30,2026-07-25 15:03:46.711861+00:00,accounts.csv
ACC00001016,CUST000677,Current,1574570.33,INR,BR003,Active,2017-10-25,2026-07-25 15:03:46.711861+00:00,accounts.csv
ACC00001017,CUST000678,Fixed Deposit,3897043.69,INR,BR019,Active,2021-06-28,2026-07-25 15:03:46.711861+00:00,accounts.csv
ACC00001018,CUST000679,Fixed Deposit,1274438.22,INR,BR020,Closed,2022-04-20,2026-07-25 15:03:46.711861+00:00,accounts.csv
ACC00001019,CUST000680,Savings,251278.22,INR,BR016,Active,2024-11-20,2026-07-25 15:03:46.711861+00:00,accounts.csv
ACC00001020,CUST000681,Fixed Deposit,2311126.49,INR,BR017,Active,2017-08-10,2026-07-25 15:03:46.711861+00:00,accounts.csv
ACC00001021,CUST000682,Savings,239439.21,INR,BR006,Active,2020-11-25,2026-07-25 15:03:46.711861+00:00,accounts.csv
ACC00001022,CUST000682,Savings,184053.08,INR,BR003,Active,2020-06-01,2026-07-25 15:03:46.711861+00:00,accounts.csv
ACC00001023,CUST000683,Savings,196604.25,INR,BR018,Active,2024-12-25,2026-07-25 15:03:46.711861+00:00,accounts.csv
ACC00001024,CUST000684,Fixed Deposit,3361400.65,INR,BR010,Active,2018-03-11,2026-07-25 15:03:46.711861+00:00,accounts.csv
ACC00001025,CUST000685,Savings,7123.23,INR,BR011,Active,2017-08-16,2026-07-25 15:03:46.711861+00:00,accounts.csv
ACC00001026,CUST000686,Fixed Deposit,1528650.79,INR,BR003,Active,2016-10-13,2026-07-25 15:03:46.711861+00:00,accounts.csv
ACC00001027,CUST000687,Current,1143232.85,INR,BR006,Active,2023-03-14,2026-07-25 15:03:46.711861+00:00,accounts.csv
ACC00001028,CUST000687,Savings,69651.87,INR,BR014,Active,2020-11-27,2026-07-25 15:03:46.711861+00:00,accounts.csv
ACC00001029,CUST000688,Current,126369.41,INR,BR008,Active,2021-06-07,2026-07-25 15:03:46.711861+00:00,accounts.csv
ACC00001030,CUST000689,Savings,359769.68,INR,BR009,Active,2017-07-24,2026-07-25 15:03:46.711861+00:00,accounts.csv
ACC00001031,CUST000690,Current,269771.22,INR,BR016,Active,2023-06-07,2026-07-25 15:03:46.711861+00:00,accounts.csv
ACC00001032,CUST000691,Fixed Deposit,2953414.41,INR,BR015,Active,2021-05-13,2026-07-25 15:03:46.711861+00:00,accounts.csv
ACC00001033,CUST000691,Savings,24400.62,INR,BR016,Active,2024-02-20,2026-07-25 15:03:46.711861+00:00,accounts.csv
ACC00001034,CUST000692,Current,1069071.71,INR,BR009,Active,2020-01-13,2026-07-25 15:03:46.711861+00:00,accounts.csv
ACC00001035,CUST000692,Savings,119245.87,INR,BR019,Active,2020-12-17,2026-07-25 15:03:46.711861+00:00,accounts.csv
ACC00001036,CUST000693,Fixed Deposit,2361703.53,INR,BR012,Active,2019-08-08,2026-07-25 15:03:46.711861+00:00,accounts.csv
ACC00001037,CUST000694,Fixed Deposit,2348177.29,INR,BR012,Active,2026-03-29,2026-07-25 15:03:46.711861+00:00,accounts.csv
ACC00001038,CUST000695,Fixed Deposit,3730314.37,INR,BR002,Active,2017-01-31,2026-07-25 15:03:46.711861+00:00,accounts.csv
ACC00001039,CUST000696,Current,1605469.75,INR,BR014,Active,2020-02-05,2026-07-25 15:03:46.711861+00:00,accounts.csv
ACC00001040,CUST000697,Savings,247745.5,INR,BR003,Active,2025-02-08,2026-07-25 15:03:46.711861+00:00,accounts.csv
ACC00001041,CUST000698,Current,1932281.72,INR,BR007,Active,2022-09-09,2026-07-25 15:03:46.711861+00:00,accounts.csv
ACC00001042,CUST000699,Savings,407360.39,INR,BR015,Active,2024-06-22,2026-07-25 15:03:46.711861+00:00,accounts.csv
ACC00001043,CUST000699,Savings,45836.2,INR,BR001,Active,2025-12-20,2026-07-25 15:03:46.711861+00:00,accounts.csv
ACC00001044,CUST000699,Savings,442295.92,INR,BR019,Active,2019-04-07,2026-07-25 15:03:46.711861+00:00,accounts.csv
ACC00001045,CUST000700,Current,1779492.62,INR,BR020,Active,2017-11-03,2026-07-25 15:03:46.711861+00:00,accounts.csv
ACC00001046,CUST000701,Savings,139127.14,INR,BR017,Active,2019-11-05,2026-07-25 15:03:46.711861+00:00,accounts.csv
ACC00001047,CUST000701,Fixed Deposit,2286048.33,INR,BR009,Active,2024-11-23,2026-07-25 15:03:46.711861+00:00,accounts.csv
ACC00001048,CUST000702,Current,211657.36,INR,BR017,Active,2017-07-13,2026-07-25 15:03:46.711861+00:00,accounts.csv
ACC00001049,CUST000703,Savings,183078.63,INR,BR006,Active,2018-09-21,2026-07-25 15:03:46.711861+00:00,accounts.csv
ACC00001050,CUST000703,Fixed Deposit,4454388.54,INR,BR001,Active,2021-10-22,2026-07-25 15:03:46.711861+00:00,accounts.csv
ACC00001051,CUST000704,Fixed Deposit,4826336.62,INR,BR013,Active,2017-05-29,2026-07-25 15:03:46.711861+00:00,accounts.csv
ACC00001052,CUST000705,Current,847192.73,INR,BR006,Active,2024-11-08,2026-07-25 15:03:46.711861+00:00,accounts.csv
ACC00001053,CUST000705,Current,1650172.17,INR,BR013,Active,2020-09-19,2026-07-25 15:03:46.711861+00:00,accounts.csv
ACC00001054,CUST000706,Savings,475151.61,INR,BR017,Dormant,2018-12-12,2026-07-25 15:03:46.711861+00:00,accounts.csv
ACC00001055,CUST000707,Savings,402331.34,INR,BR016,Active,2017-02-08,2026-07-25 15:03:46.711861+00:00,accounts.csv
ACC00001056,CUST000707,Savings,154314.72,INR,BR005,Dormant,2016-10-21,2026-07-25 15:03:46.711861+00:00,accounts.csv
ACC00001057,CUST000707,Savings,383524.18,INR,BR014,Active,2020-12-23,2026-07-25 15:03:46.711861+00:00,accounts.csv
ACC00001058,CUST000708,Current,251260.8,INR,BR006,Active,2017-09-18,2026-07-25 15:03:46.711861+00:00,accounts.csv
ACC00001059,CUST000708,Savings,156746.91,INR,BR015,Active,2024-04-08,2026-07-25 15:03:46.711861+00:00,accounts.csv
ACC00001060,CUST000709,Fixed Deposit,4354147.86,INR,BR002,Active,2016-09-16,2026-07-25 15:03:46.711861+00:00,accounts.csv
ACC00001061,CUST000710,Savings,287492.86,INR,BR002,Active,2019-03-08,2026-07-25 15:03:46.711861+00:00,accounts.csv
ACC00001062,CUST000711,Current,232363.19,INR,BR013,Active,2022-05-05,2026-07-25 15:03:46.711861+00:00,accounts.csv
ACC00001063,CUST000711,Fixed Deposit,2583349.56,INR,BR007,Dormant,2017-07-16,2026-07-25 15:03:46.711861+00:00,accounts.csv
ACC00001064,CUST000711,Fixed Deposit,2443332.29,INR,BR018,Active,2019-05-28,2026-07-25 15:03:46.711861+00:00,accounts.csv
ACC00001065,CUST000712,Savings,382281.25,INR,BR016,Active,2022-08-05,2026-07-25 15:03:46.711861+00:00,accounts.csv
ACC00001066,CUST000713,Current,1977508.43,INR,BR009,Active,2018-01-16,2026-07-25 15:03:46.711861+00:00,accounts.csv
ACC00001067,CUST000714,Current,311295.19,INR,BR001,Active,2016-07-24,2026-07-25 15:03:46.711861+00:00,accounts.csv
ACC00001068,CUST000714,Current,1512621.59,INR,BR003,Active,2020-09-19,2026-07-25 15:03:46.711861+00:00,accounts.csv
ACC00001069,CUST000715,Fixed Deposit,4449150.83,INR,BR016,Active,2022-09-30,2026-07-25 15:03:46.711861+00:00,accounts.csv
ACC00001070,CUST000715,Savings,4941.38,INR,BR016,Active,2020-10-18,2026-07-25 15:03:46.711861+00:00,accounts.csv
ACC00001071,CUST000715,Current,1144213.37,INR,BR013,Active,2025-02-05,2026-07-25 15:03:46.711861+00:00,accounts.csv
ACC00001072,CUST000716,Fixed Deposit,2148543.56,INR,BR002,Active,2017-04-13,2026-07-25 15:03:46.711861+00:00,accounts.csv
ACC00001073,CUST000717,Fixed Deposit,916851.56,INR,BR010,Active,2023-06-03,2026-07-25 15:03:46.711861+00:00,accounts.csv
ACC00001074,CUST000717,Savings,361456.05,INR,BR011,Active,2017-11-30,2026-07-25 15:03:46.711861+00:00,accounts.csv
ACC00001075,CUST000717,Fixed Deposit,4634210.18,INR,BR013,Active,2020-08-16,2026-07-25 15:03:46.711861+00:00,accounts.csv
ACC00001076,CUST000718,Current,1446620.27,INR,BR009,Active,2023-01-14,2026-07-25 15:03:46.711861+00:00,accounts.csv
ACC00001077,CUST000719,Fixed Deposit,3352675.99,INR,BR010,Active,2020-09-21,2026-07-25 15:03:46.711861+00:00,accounts.csv
ACC00001078,CUST000720,Current,1144383.93,INR,BR010,Active,2023-09-14,2026-07-25 15:03:46.711861+00:00,accounts.csv
ACC00001079,CUST000720,Fixed Deposit,2055385.39,INR,BR011,Active,2019-06-17,2026-07-25 15:03:46.711861+00:00,accounts.csv
ACC00001080,CUST000721,Current,1510471.78,INR,BR006,Dormant,2020-05-08,2026-07-25 15:03:46.711861+00:00,accounts.csv
ACC00001081,CUST000722,Fixed Deposit,2214728.52,INR,BR003,Dormant,2022-10-22,2026-07-25 15:03:46.711861+00:00,accounts.csv
ACC00001082,CUST000723,Current,556196.98,INR,BR001,Closed,2022-08-27,2026-07-25 15:03:46.711861+00:00,accounts.csv
ACC00001083,CUST000723,Savings,138594.05,INR,BR011,Active,2026-07-10,2026-07-25 15:03:46.711861+00:00,accounts.csv
ACC00001084,CUST000723,Current,1494491.9,INR,BR007,Active,2026-01-08,2026-07-25 15:03:46.711861+00:00,accounts.csv
ACC00001085,CUST000724,Savings,489203.25,INR,BR017,Active,2025-05-09,2026-07-25 15:03:46.711861+00:00,accounts.csv
ACC00001086,CUST000724,Savings,196035.78,INR,BR015,Dormant,2020-12-07,2026-07-25 15:03:46.711861+00:00,accounts.csv
ACC00001087,CUST000725,Current,1552184.58,INR,BR014,Active,2026-04-15,2026-07-25 15:03:46.711861+00:00,accounts.csv
ACC00001088,CUST000725,Current,352749.42,INR,BR013,Active,2021-02-08,2026-07-25 15:03:46.711861+00:00,accounts.csv
ACC00001089,CUST000726,Current,1320070.31,INR,BR007,Active,2024-05-09,2026-07-25 15:03:46.711861+00:00,accounts.csv
ACC00001090,CUST000726,Fixed Deposit,4053848.6,INR,BR010,Active,2017-08-31,2026-07-25 15:03:46.711861+00:00,accounts.csv
ACC00001091,CUST000727,Savings,414143.86,INR,BR017,Active,2025-04-01,2026-07-25 15:03:46.711861+00:00,accounts.csv
ACC00001092,CUST000727,Fixed Deposit,4871038.98,INR,BR016,Active,2023-08-16,2026-07-25 15:03:46.711861+00:00,accounts.csv
ACC00001093,CUST000728,Current,368808.23,INR,BR008,Active,2024-08-31,2026-07-25 15:03:46.711861+00:00,accounts.csv
ACC00001094,CUST000729,Savings,179892.17,INR,BR009,Active,2019-03-13,2026-07-25 15:03:46.711861+00:00,accounts.csv
ACC00001095,CUST000730,Current,1351735.63,INR,BR005,Active,2026-03-06,2026-07-25 15:03:46.711861+00:00,accounts.csv
ACC00001096,CUST000731,Savings,350147.56,INR,BR013,Active,2016-12-10,2026-07-25 15:03:46.711861+00:00,accounts.csv
ACC00001097,CUST000732,Fixed Deposit,3870413.28,INR,BR006,Active,2023-07-26,2026-07-25 15:03:46.711861+00:00,accounts.csv
ACC00001098,CUST000733,Fixed Deposit,916614.61,INR,BR014,Active,2017-06-10,2026-07-25 15:03:46.711861+00:00,accounts.csv
ACC00001099,CUST000733,Savings,383800.69,INR,BR007,Dormant,2017-08-27,2026-07-25 15:03:46.711861+00:00,accounts.csv
ACC00001100,CUST000734,Current,1546104.1,INR,BR010,Active,2024-09-11,2026-07-25 15:03:46.711861+00:00,accounts.csv
ACC00001101,CUST000735,Savings,492738.38,INR,BR010,Active,2019-10-25,2026-07-25 15:03:46.711861+00:00,accounts.csv
ACC00001102,CUST000736,Fixed Deposit,2704995.9,INR,BR011,Closed,2024-01-11,2026-07-25 15:03:46.711861+00:00,accounts.csv
ACC00001103,CUST000737,Current,1007888.88,INR,BR008,Active,2022-05-17,2026-07-25 15:03:46.711861+00:00,accounts.csv
ACC00001104,CUST000738,Current,1766005.57,INR,BR017,Active,2025-07-29,2026-07-25 15:03:46.711861+00:00,accounts.csv
ACC00001105,CUST000739,Current,844906.55,INR,BR013,Active,2017-05-05,2026-07-25 15:03:46.711861+00:00,accounts.csv
ACC00001106,CUST000739,Savings,358702.2,INR,BR002,Active,2021-10-16,2026-07-25 15:03:46.711861+00:00,accounts.csv
ACC00001107,CUST000739,Fixed Deposit,3180860.46,INR,BR012,Active,2019-09-05,2026-07-25 15:03:46.711861+00:00,accounts.csv
ACC00001108,CUST000740,Savings,457659.73,INR,BR015,Active,2017-07-17,2026-07-25 15:03:46.711861+00:00,accounts.csv
ACC00001109,CUST000741,Savings,338667.24,INR,BR004,Active,2019-06-30,2026-07-25 15:03:46.711861+00:00,accounts.csv
ACC00001110,CUST000741,Savings,283434.07,INR,BR019,Active,2020-12-14,2026-07-25 15:03:46.711861+00:00,accounts.csv
ACC00001111,CUST000742,Fixed Deposit,2332486.23,INR,BR003,Active,2026-06-22,2026-07-25 15:03:46.711861+00:00,accounts.csv
ACC00001112,CUST000743,Fixed Deposit,3503784.14,INR,BR010,Active,2020-07-04,2026-07-25 15:03:46.711861+00:00,accounts.csv
ACC00001113,CUST000744,Current,1630729.17,INR,BR014,Active,2018-03-25,2026-07-25 15:03:46.711861+00:00,accounts.csv
ACC00001114,CUST000744,Fixed Deposit,2469966.81,INR,BR008,Active,2024-01-13,2026-07-25 15:03:46.711861+00:00,accounts.csv
ACC00001115,CUST000745,Current,1580549.71,INR,BR017,Active,2026-01-14,2026-07-25 15:03:46.711861+00:00,accounts.csv
ACC00001116,CUST000746,Savings,420567.01,INR,BR009,Active,2018-05-16,2026-07-25 15:03:46.711861+00:00,accounts.csv
ACC00001117,CUST000746,Savings,351943.92,INR,BR007,Active,2018-05-04,2026-07-25 15:03:46.711861+00:00,accounts.csv
ACC00001118,CUST000747,Savings,429595.88,INR,BR002,Active,2019-08-29,2026-07-25 15:03:46.711861+00:00,accounts.csv
ACC00001119,CUST000748,Savings,417725.21,INR,BR002,Active,2024-12-16,2026-07-25 15:03:46.711861+00:00,accounts.csv
ACC00001120,CUST000749,Savings,427940.97,INR,BR019,Active,2023-07-26,2026-07-25 15:03:46.711861+00:00,accounts.csv
ACC00001121,CUST000750,Current,482506.44,INR,BR006,Active,2018-11-08,2026-07-25 15:03:46.711861+00:00,accounts.csv
ACC00001122,CUST000751,Current,1072851.94,INR,BR018,Active,2022-03-06,2026-07-25 15:03:46.711861+00:00,accounts.csv
ACC00001123,CUST000752,Current,1024482.36,INR,BR019,Active,2016-07-29,2026-07-25 15:03:46.711861+00:00,accounts.csv
ACC00001124,CUST000753,Fixed Deposit,2693430.49,INR,BR017,Active,2024-05-08,2026-07-25 15:03:46.711861+00:00,accounts.csv
ACC00001125,CUST000754,Current,482140.4,INR,BR019,Active,2024-06-15,2026-07-25 15:03:46.711861+00:00,accounts.csv
ACC00001126,CUST000755,Fixed Deposit,1209834.49,INR,BR014,Active,2020-11-20,2026-07-25 15:03:46.711861+00:00,accounts.csv
ACC00001127,CUST000755,Savings,94958.38,INR,BR008,Active,2025-04-27,2026-07-25 15:03:46.711861+00:00,accounts.csv
ACC00001128,CUST000756,Savings,209784.58,INR,BR012,Dormant,2024-11-15,2026-07-25 15:03:46.711861+00:00,accounts.csv
ACC00001129,CUST000757,Current,190246.83,INR,BR002,Active,2018-01-28,2026-07-25 15:03:46.711861+00:00,accounts.csv
ACC00001130,CUST000758,Savings,74008.62,INR,BR019,Active,2024-06-19,2026-07-25 15:03:46.711861+00:00,accounts.csv
ACC00001131,CUST000759,Fixed Deposit,418376.38,INR,BR008,Closed,2017-12-20,2026-07-25 15:03:46.711861+00:00,accounts.csv
ACC00001132,CUST000759,Current,1537055.96,INR,BR003,Active,2025-10-07,2026-07-25 15:03:46.711861+00:00,accounts.csv
ACC00001133,CUST000760,Fixed Deposit,1145611.08,INR,BR017,Active,2024-02-26,2026-07-25 15:03:46.711861+00:00,accounts.csv
ACC00001134,CUST000761,Fixed Deposit,4592431.18,INR,BR015,Active,2023-12-24,2026-07-25 15:03:46.711861+00:00,accounts.csv
ACC00001135,CUST000762,Current,342997.35,INR,BR019,Active,2025-05-27,2026-07-25 15:03:46.711861+00:00,accounts.csv
ACC00001136,CUST000763,Fixed Deposit,3553107.89,INR,BR018,Active,2022-06-30,2026-07-25 15:03:46.711861+00:00,accounts.csv
ACC00001137,CUST000764,Savings,40042.04,INR,BR013,Active,2017-09-09,2026-07-25 15:03:46.711861+00:00,accounts.csv
ACC00001138,CUST000765,Fixed Deposit,2496455.79,INR,BR008,Active,2019-01-11,2026-07-25 15:03:46.711861+00:00,accounts.csv
ACC00001139,CUST000766,Current,610147.05,INR,BR020,Active,2019-03-03,2026-07-25 15:03:46.711861+00:00,accounts.csv
ACC00001140,CUST000767,Fixed Deposit,854612.86,INR,BR020,Active,2023-09-30,2026-07-25 15:03:46.711861+00:00,accounts.csv
ACC00001141,CUST000767,Fixed Deposit,4786982.03,INR,BR020,Active,2025-04-12,2026-07-25 15:03:46.711861+00:00,accounts.csv
ACC00001142,CUST000768,Savings,258000.79,INR,BR002,Active,2022-09-09,2026-07-25 15:03:46.711861+00:00,accounts.csv
ACC00001143,CUST000768,Current,1213846.25,INR,BR010,Active,2022-09-01,2026-07-25 15:03:46.711861+00:00,accounts.csv
ACC00001144,CUST000768,Fixed Deposit,2012663.92,INR,BR020,Active,2021-03-08,2026-07-25 15:03:46.711861+00:00,accounts.csv
ACC00001145,CUST000769,Current,749976.17,INR,BR011,Active,2025-07-08,2026-07-25 15:03:46.711861+00:00,accounts.csv
ACC00001146,CUST000770,Current,1048053.61,INR,BR018,Active,2022-10-18,2026-07-25 15:03:46.711861+00:00,accounts.csv
ACC00001147,CUST000770,Current,295744.05,INR,BR012,Active,2019-06-05,2026-07-25 15:03:46.711861+00:00,accounts.csv
ACC00001148,CUST000771,Current,146312.09,INR,BR020,Active,2018-01-16,2026-07-25 15:03:46.711861+00:00,accounts.csv
ACC00001149,CUST000772,Savings,36537.12,INR,BR018,Active,2020-03-01,2026-07-25 15:03:46.711861+00:00,accounts.csv
ACC00001150,CUST000773,Current,1597138.65,INR,BR018,Active,2017-01-11,2026-07-25 15:03:46.711861+00:00,accounts.csv
ACC00001151,CUST000773,Fixed Deposit,3899881.53,INR,BR020,Active,2019-11-18,2026-07-25 15:03:46.711861+00:00,accounts.csv
ACC00001152,CUST000774,Current,1866274.14,INR,BR004,Active,2024-08-20,2026-07-25 15:03:46.711861+00:00,accounts.csv
ACC00001153,CUST000775,Savings,434867.55,INR,BR001,Active,2025-09-08,2026-07-25 15:03:46.711861+00:00,accounts.csv
ACC00001154,CUST000775,Current,393239.44,INR,BR014,Active,2022-04-23,2026-07-25 15:03:46.711861+00:00,accounts.csv
ACC00001155,CUST000776,Fixed Deposit,2291644.16,INR,BR004,Active,2017-04-02,2026-07-25 15:03:46.711861+00:00,accounts.csv
ACC00001156,CUST000776,Current,1371724.11,INR,BR011,Active,2019-03-19,2026-07-25 15:03:46.711861+00:00,accounts.csv
ACC00001157,CUST000777,Fixed Deposit,1003174.74,INR,BR016,Active,2025-06-18,2026-07-25 15:03:46.711861+00:00,accounts.csv
ACC00001158,CUST000778,Fixed Deposit,496412.71,INR,BR013,Active,2017-01-20,2026-07-25 15:03:46.711861+00:00,accounts.csv
ACC00001159,CUST000779,Current,44808.3,INR,BR014,Active,2025-09-07,2026-07-25 15:03:46.711861+00:00,accounts.csv
ACC00001160,CUST000780,Current,381104.3,INR,BR019,Active,2020-09-12,2026-07-25 15:03:46.711861+00:00,accounts.csv
ACC00001161,CUST000781,Savings,203418.64,INR,BR011,Active,2018-10-08,2026-07-25 15:03:46.711861+00:00,accounts.csv
ACC00001162,CUST000782,Fixed Deposit,3037725.79,INR,BR015,Active,2017-02-03,2026-07-25 15:03:46.711861+00:00,accounts.csv
ACC00001163,CUST000783,Current,218654.94,INR,BR017,Active,2025-01-19,2026-07-25 15:03:46.711861+00:00,accounts.csv
ACC00001164,CUST000784,Current,1457392.1,INR,BR006,Active,2021-10-28,2026-07-25 15:03:46.711861+00:00,accounts.csv
ACC00001165,CUST000785,Savings,328342.64,INR,BR014,Active,2017-01-28,2026-07-25 15:03:46.711861+00:00,accounts.csv
ACC00001166,CUST000785,Fixed Deposit,1702153.63,INR,BR017,Active,2018-12-22,2026-07-25 15:03:46.711861+00:00,accounts.csv
ACC00001167,CUST000786,Current,500179.55,INR,BR006,Active,2026-01-28,2026-07-25 15:03:46.711861+00:00,accounts.csv
ACC00001168,CUST000787,Fixed Deposit,3797903.07,INR,BR015,Active,2023-12-14,2026-07-25 15:03:46.711861+00:00,accounts.csv
ACC00001169,CUST000787,Savings,38580.41,INR,BR003,Active,2024-07-20,2026-07-25 15:03:46.711861+00:00,accounts.csv
ACC00001170,CUST000788,Current,1346130.64,INR,BR020,Active,2020-09-25,2026-07-25 15:03:46.711861+00:00,accounts.csv
ACC00001171,CUST000788,Current,1023762.37,INR,BR002,Active,2017-10-04,2026-07-25 15:03:46.711861+00:00,accounts.csv
ACC00001172,CUST000789,Fixed Deposit,240308.42,INR,BR010,Active,2016-10-29,2026-07-25 15:03:46.711861+00:00,accounts.csv
ACC00001173,CUST000790,Fixed Deposit,3217212.95,INR,BR002,Active,2016-08-16,2026-07-25 15:03:46.711861+00:00,accounts.csv
ACC00001174,CUST000791,Fixed Deposit,4220759.48,INR,BR012,Active,2020-11-09,2026-07-25 15:03:46.711861+00:00,accounts.csv
ACC00001175,CUST000792,Fixed Deposit,2081693.64,INR,BR016,Active,2026-04-04,2026-07-25 15:03:46.711861+00:00,accounts.csv
ACC00001176,CUST000792,Savings,362018.22,INR,BR010,Active,2016-10-21,2026-07-25 15:03:46.711861+00:00,accounts.csv
ACC00001177,CUST000793,Savings,92544.27,INR,BR017,Active,2025-07-23,2026-07-25 15:03:46.711861+00:00,accounts.csv
ACC00001178,CUST000793,Current,1971896.29,INR,BR015,Active,2020-12-23,2026-07-25 15:03:46.711861+00:00,accounts.csv
ACC00001179,CUST000793,Savings,139575.12,INR,BR008,Active,2020-11-24,2026-07-25 15:03:46.711861+00:00,accounts.csv
ACC00001180,CUST000794,Fixed Deposit,711523.93,INR,BR012,Active,2021-03-24,2026-07-25 15:03:46.711861+00:00,accounts.csv
ACC00001181,CUST000794,Savings,209881.16,INR,BR020,Active,2021-01-13,2026-07-25 15:03:46.711861+00:00,accounts.csv
ACC00001182,CUST000795,Fixed Deposit,3038690.6,INR,BR016,Dormant,2025-12-07,2026-07-25 15:03:46.711861+00:00,accounts.csv
ACC00001183,CUST000796,Fixed Deposit,600737.71,INR,BR003,Active,2022-03-16,2026-07-25 15:03:46.711861+00:00,accounts.csv
ACC00001184,CUST000797,Savings,31803.38,INR,BR011,Active,2020-03-18,2026-07-25 15:03:46.711861+00:00,accounts.csv
ACC00001185,CUST000797,Current,609140.96,INR,BR020,Active,2020-03-20,2026-07-25 15:03:46.711861+00:00,accounts.csv
ACC00001186,CUST000798,Fixed Deposit,3122844.03,INR,BR019,Active,2023-09-18,2026-07-25 15:03:46.711861+00:00,accounts.csv
ACC00001187,CUST000799,Fixed Deposit,1383439.74,INR,BR008,Active,2025-08-22,2026-07-25 15:03:46.711861+00:00,accounts.csv
ACC00001188,CUST000800,Savings,262237.6,INR,BR003,Active,2025-05-23,2026-07-25 15:03:46.711861+00:00,accounts.csv
ACC00001189,CUST000800,Current,1633484.18,INR,BR007,Active,2023-10-04,2026-07-25 15:03:46.711861+00:00,accounts.csv
ACC00001190,CUST000800,Fixed Deposit,4739585.68,INR,BR008,Active,2016-09-25,2026-07-25 15:03:46.711861+00:00,accounts.csv
ACC00001191,CUST000801,Current,356173.04,INR,BR013,Active,2021-10-16,2026-07-25 15:03:46.711861+00:00,accounts.csv
ACC00001192,CUST000802,Fixed Deposit,3324927.2,INR,BR007,Active,2018-01-07,2026-07-25 15:03:46.711861+00:00,accounts.csv
ACC00001193,CUST000803,Savings,275392.56,INR,BR011,Active,2016-09-23,2026-07-25 15:03:46.711861+00:00,accounts.csv
ACC00001194,CUST000804,Savings,121092.33,INR,BR015,Active,2019-03-31,2026-07-25 15:03:46.711861+00:00,accounts.csv
ACC00001195,CUST000805,Savings,453519.93,INR,BR002,Active,2017-08-08,2026-07-25 15:03:46.711861+00:00,accounts.csv
ACC00001196,CUST000806,Current,1028315.75,INR,BR007,Active,2023-06-26,2026-07-25 15:03:46.711861+00:00,accounts.csv
ACC00001197,CUST000806,Fixed Deposit,4964913.64,INR,BR018,Dormant,2018-12-24,2026-07-25 15:03:46.711861+00:00,accounts.csv
ACC00001198,CUST000807,Savings,144503.33,INR,BR004,Active,2017-10-03,2026-07-25 15:03:46.711861+00:00,accounts.csv
ACC00001199,CUST000807,Current,490988.45,INR,BR016,Closed,2020-12-19,2026-07-25 15:03:46.711861+00:00,accounts.csv
ACC00001200,CUST000808,Current,1265613.11,INR,BR011,Active,2018-08-29,2026-07-25 15:03:46.711861+00:00,accounts.csv
ACC00001201,CUST000808,Fixed Deposit,4831977.41,INR,BR014,Active,2023-04-09,2026-07-25 15:03:46.711861+00:00,accounts.csv
ACC00001202,CUST000809,Savings,242114.19,INR,BR003,Active,2018-05-08,2026-07-25 15:03:46.711861+00:00,accounts.csv
ACC00001203,CUST000810,Current,1074840.59,INR,BR015,Active,2025-03-05,2026-07-25 15:03:46.711861+00:00,accounts.csv
ACC00001204,CUST000811,Current,1309788.08,INR,BR014,Active,2019-09-17,2026-07-25 15:03:46.711861+00:00,accounts.csv
ACC00001205,CUST000812,Fixed Deposit,1568754.18,INR,BR017,Active,2023-09-18,2026-07-25 15:03:46.711861+00:00,accounts.csv
ACC00001206,CUST000813,Fixed Deposit,1173919.93,INR,BR020,Dormant,2025-12-03,2026-07-25 15:03:46.711861+00:00,accounts.csv
ACC00001207,CUST000814,Fixed Deposit,2939850.4,INR,BR007,Active,2026-03-04,2026-07-25 15:03:46.711861+00:00,accounts.csv
ACC00001208,CUST000814,Fixed Deposit,4482189.18,INR,BR007,Active,2024-08-08,2026-07-25 15:03:46.711861+00:00,accounts.csv
ACC00001209,CUST000815,Fixed Deposit,4510142.93,INR,BR019,Active,2018-01-27,2026-07-25 15:03:46.711861+00:00,accounts.csv
ACC00001210,CUST000815,Fixed Deposit,4930888.77,INR,BR004,Active,2023-12-26,2026-07-25 15:03:46.711861+00:00,accounts.csv
ACC00001211,CUST000816,Current,1073403.96,INR,BR010,Active,2020-11-30,2026-07-25 15:03:46.711861+00:00,accounts.csv
ACC00001212,CUST000817,Current,1723020.25,INR,BR001,Active,2025-08-03,2026-07-25 15:03:46.711861+00:00,accounts.csv
ACC00001213,CUST000818,Current,1225402.81,INR,BR015,Closed,2017-06-29,2026-07-25 15:03:46.711861+00:00,accounts.csv
ACC00001214,CUST000819,Savings,282791.83,INR,BR009,Active,2022-10-18,2026-07-25 15:03:46.711861+00:00,accounts.csv
ACC00001215,CUST000819,Fixed Deposit,4163591.95,INR,BR009,Active,2021-11-05,2026-07-25 15:03:46.711861+00:00,accounts.csv
ACC00001216,CUST000820,Current,132043.35,INR,BR008,Active,2020-06-14,2026-07-25 15:03:46.711861+00:00,accounts.csv
ACC00001217,CUST000821,Savings,252751.29,INR,BR017,Active,2018-05-23,2026-07-25 15:03:46.711861+00:00,accounts.csv
ACC00001218,CUST000822,Savings,243240.89,INR,BR015,Active,2025-07-14,2026-07-25 15:03:46.711861+00:00,accounts.csv
ACC00001219,CUST000823,Current,681906.28,INR,BR004,Active,2025-06-05,2026-07-25 15:03:46.711861+00:00,accounts.csv
ACC00001220,CUST000824,Current,1400150.15,INR,BR018,Active,2024-02-04,2026-07-25 15:03:46.711861+00:00,accounts.csv
ACC00001221,CUST000824,Current,1825243.68,INR,BR017,Active,2024-05-11,2026-07-25 15:03:46.711861+00:00,accounts.csv
ACC00001222,CUST000824,Savings,323169.23,INR,BR015,Active,2023-02-28,2026-07-25 15:03:46.711861+00:00,accounts.csv
ACC00001223,CUST000825,Savings,171509.46,INR,BR020,Active,2017-08-14,2026-07-25 15:03:46.711861+00:00,accounts.csv
ACC00001224,CUST000826,Current,23089.41,INR,BR002,Active,2022-03-13,2026-07-25 15:03:46.711861+00:00,accounts.csv
ACC00001225,CUST000826,Current,1299831.93,INR,BR019,Active,2020-08-11,2026-07-25 15:03:46.711861+00:00,accounts.csv
ACC00001226,CUST000826,Fixed Deposit,1476978.06,INR,BR020,Active,2024-10-25,2026-07-25 15:03:46.711861+00:00,accounts.csv
ACC00001227,CUST000827,Fixed Deposit,3065606.54,INR,BR004,Active,2024-08-04,2026-07-25 15:03:46.711861+00:00,accounts.csv
ACC00001228,CUST000828,Current,1908110.62,INR,BR010,Active,2025-06-17,2026-07-25 15:03:46.711861+00:00,accounts.csv
ACC00001229,CUST000829,Fixed Deposit,3819435.55,INR,BR006,Active,2019-04-17,2026-07-25 15:03:46.711861+00:00,accounts.csv
ACC00001230,CUST000829,Current,920235.89,INR,BR003,Active,2021-02-21,2026-07-25 15:03:46.711861+00:00,accounts.csv
ACC00001231,CUST000830,Fixed Deposit,2165744.83,INR,BR020,Active,2019-10-06,2026-07-25 15:03:46.711861+00:00,accounts.csv
ACC00001232,CUST000830,Current,920386.34,INR,BR010,Active,2019-10-13,2026-07-25 15:03:46.711861+00:00,accounts.csv
ACC00001233,CUST000831,Fixed Deposit,949244.15,INR,BR006,Active,2024-02-15,2026-07-25 15:03:46.711861+00:00,accounts.csv
ACC00001234,CUST000832,Savings,310335.54,INR,BR015,Active,2020-06-16,2026-07-25 15:03:46.711861+00:00,accounts.csv
ACC00001235,CUST000832,Fixed Deposit,2949137.47,INR,BR016,Active,2016-09-30,2026-07-25 15:03:46.711861+00:00,accounts.csv
ACC00001236,CUST000832,Current,583945.4,INR,BR005,Active,2019-04-21,2026-07-25 15:03:46.711861+00:00,accounts.csv
ACC00001237,CUST000833,Fixed Deposit,495338.59,INR,BR003,Active,2021-04-20,2026-07-25 15:03:46.711861+00:00,accounts.csv
ACC00001238,CUST000833,Current,1645683.6,INR,BR009,Active,2019-09-22,2026-07-25 15:03:46.711861+00:00,accounts.csv
ACC00001239,CUST000833,Fixed Deposit,994673.27,INR,BR018,Active,2025-04-24,2026-07-25 15:03:46.711861+00:00,accounts.csv
ACC00001240,CUST000834,Fixed Deposit,4812716.8,INR,BR005,Active,2017-09-20,2026-07-25 15:03:46.711861+00:00,accounts.csv
ACC00001241,CUST000835,Savings,460377.53,INR,BR020,Active,2021-07-19,2026-07-25 15:03:46.711861+00:00,accounts.csv
ACC00001242,CUST000835,Current,1868528.36,INR,BR003,Active,2023-09-09,2026-07-25 15:03:46.711861+00:00,accounts.csv
ACC00001243,CUST000836,Fixed Deposit,3633610.83,INR,BR017,Active,2018-02-23,2026-07-25 15:03:46.711861+00:00,accounts.csv
ACC00001244,CUST000836,Current,540160.55,INR,BR010,Closed,2024-04-26,2026-07-25 15:03:46.711861+00:00,accounts.csv
ACC00001245,CUST000837,Savings,50355.23,INR,BR012,Active,2021-07-28,2026-07-25 15:03:46.711861+00:00,accounts.csv
ACC00001246,CUST000838,Savings,210584.57,INR,BR007,Active,2019-03-31,2026-07-25 15:03:46.711861+00:00,accounts.csv
ACC00001247,CUST000838,Fixed Deposit,3740975.81,INR,BR008,Active,2019-10-28,2026-07-25 15:03:46.711861+00:00,accounts.csv
ACC00001248,CUST000839,Current,1108793.06,INR,BR001,Active,2026-04-13,2026-07-25 15:03:46.711861+00:00,accounts.csv
ACC00001249,CUST000840,Savings,475488.13,INR,BR019,Active,2025-07-09,2026-07-25 15:03:46.711861+00:00,accounts.csv
ACC00001250,CUST000841,Savings,423724.34,INR,BR001,Active,2020-03-16,2026-07-25 15:03:46.711861+00:00,accounts.csv
ACC00001251,CUST000842,Fixed Deposit,1615216.33,INR,BR006,Active,2020-09-07,2026-07-25 15:03:46.711861+00:00,accounts.csv
ACC00001252,CUST000842,Fixed Deposit,2264570.19,INR,BR015,Active,2022-10-12,2026-07-25 15:03:46.711861+00:00,accounts.csv
ACC00001253,CUST000843,Savings,249916.34,INR,BR018,Active,2022-01-12,2026-07-25 15:03:46.711861+00:00,accounts.csv
ACC00001254,CUST000844,Current,393395.35,INR,BR014,Active,2023-12-30,2026-07-25 15:03:46.711861+00:00,accounts.csv
ACC00001255,CUST000844,Current,895584.61,INR,BR006,Active,2025-05-25,2026-07-25 15:03:46.711861+00:00,accounts.csv
ACC00001256,CUST000844,Savings,241045.16,INR,BR013,Active,2020-03-18,2026-07-25 15:03:46.711861+00:00,accounts.csv
ACC00001257,CUST000845,Current,860302.34,INR,BR009,Active,2020-11-11,2026-07-25 15:03:46.711861+00:00,accounts.csv
ACC00001258,CUST000846,Current,1001594.36,INR,BR008,Active,2021-03-14,2026-07-25 15:03:46.711861+00:00,accounts.csv
ACC00001259,CUST000847,Current,927679.15,INR,BR015,Dormant,2023-12-01,2026-07-25 15:03:46.711861+00:00,accounts.csv
ACC00001260,CUST000848,Fixed Deposit,1930988.56,INR,BR014,Active,2023-09-17,2026-07-25 15:03:46.711861+00:00,accounts.csv
ACC00001261,CUST000848,Current,1536615.72,INR,BR011,Active,2022-04-03,2026-07-25 15:03:46.711861+00:00,accounts.csv
ACC00001262,CUST000849,Current,36829.81,INR,BR008,Active,2016-12-01,2026-07-25 15:03:46.711861+00:00,accounts.csv
ACC00001263,CUST000850,Savings,338027.04,INR,BR014,Active,2018-03-23,2026-07-25 15:03:46.711861+00:00,accounts.csv
ACC00001264,CUST000851,Savings,87473.08,INR,BR012,Active,2025-07-25,2026-07-25 15:03:46.711861+00:00,accounts.csv
ACC00001265,CUST000852,Savings,292439.37,INR,BR017,Active,2022-05-13,2026-07-25 15:03:46.711861+00:00,accounts.csv
ACC00001266,CUST000853,Fixed Deposit,3154791.17,INR,BR001,Active,2021-01-05,2026-07-25 15:03:46.711861+00:00,accounts.csv
ACC00001267,CUST000853,Fixed Deposit,1076450.4,INR,BR004,Active,2016-12-01,2026-07-25 15:03:46.711861+00:00,accounts.csv
ACC00001268,CUST000854,Fixed Deposit,4251547.14,INR,BR020,Active,2023-03-11,2026-07-25 15:03:46.711861+00:00,accounts.csv
ACC00001269,CUST000854,Fixed Deposit,706753.09,INR,BR020,Active,2020-07-30,2026-07-25 15:03:46.711861+00:00,accounts.csv
ACC00001270,CUST000854,Fixed Deposit,4580877.79,INR,BR013,Active,2023-01-27,2026-07-25 15:03:46.711861+00:00,accounts.csv
ACC00001271,CUST000855,Fixed Deposit,2339900.92,INR,BR019,Active,2022-06-03,2026-07-25 15:03:46.711861+00:00,accounts.csv
ACC00001272,CUST000856,Savings,102491.8,INR,BR001,Active,2016-10-19,2026-07-25 15:03:46.711861+00:00,accounts.csv
ACC00001273,CUST000857,Current,337395.35,INR,BR007,Active,2016-12-03,2026-07-25 15:03:46.711861+00:00,accounts.csv
ACC00001274,CUST000857,Fixed Deposit,2313142.54,INR,BR007,Active,2025-10-03,2026-07-25 15:03:46.711861+00:00,accounts.csv
ACC00001275,CUST000858,Savings,85343.56,INR,BR008,Active,2018-10-16,2026-07-25 15:03:46.711861+00:00,accounts.csv
ACC00001276,CUST000858,Fixed Deposit,3498955.43,INR,BR017,Active,2026-07-15,2026-07-25 15:03:46.711861+00:00,accounts.csv
ACC00001277,CUST000858,Fixed Deposit,4242047.0,INR,BR017,Dormant,2022-02-26,2026-07-25 15:03:46.711861+00:00,accounts.csv
ACC00001278,CUST000859,Fixed Deposit,3345904.1,INR,BR004,Active,2020-03-26,2026-07-25 15:03:46.711861+00:00,accounts.csv
ACC00001279,CUST000860,Fixed Deposit,2173128.24,INR,BR011,Active,2024-04-12,2026-07-25 15:03:46.711861+00:00,accounts.csv
ACC00001280,CUST000861,Current,12601.05,INR,BR019,Active,2024-07-30,2026-07-25 15:03:46.711861+00:00,accounts.csv
ACC00001281,CUST000862,Savings,149220.42,INR,BR016,Active,2018-05-22,2026-07-25 15:03:46.711861+00:00,accounts.csv
ACC00001282,CUST000862,Savings,309790.92,INR,BR006,Active,2020-04-06,2026-07-25 15:03:46.711861+00:00,accounts.csv
ACC00001283,CUST000863,Current,1316383.96,INR,BR015,Dormant,2016-12-20,2026-07-25 15:03:46.711861+00:00,accounts.csv
ACC00001284,CUST000864,Fixed Deposit,1638892.88,INR,BR002,Active,2016-11-15,2026-07-25 15:03:46.711861+00:00,accounts.csv
ACC00001285,CUST000865,Current,1824061.47,INR,BR013,Closed,2026-06-18,2026-07-25 15:03:46.711861+00:00,accounts.csv
ACC00001286,CUST000866,Savings,3242.03,INR,BR017,Active,2024-04-16,2026-07-25 15:03:46.711861+00:00,accounts.csv
ACC00001287,CUST000866,Current,33234.83,INR,BR005,Active,2022-02-24,2026-07-25 15:03:46.711861+00:00,accounts.csv
ACC00001288,CUST000867,Fixed Deposit,3691180.21,INR,BR019,Active,2020-05-15,2026-07-25 15:03:46.711861+00:00,accounts.csv
ACC00001289,CUST000868,Savings,365724.43,INR,BR008,Active,2020-06-22,2026-07-25 15:03:46.711861+00:00,accounts.csv
ACC00001290,CUST000868,Savings,47875.77,INR,BR011,Active,2026-05-16,2026-07-25 15:03:46.711861+00:00,accounts.csv
ACC00001291,CUST000868,Current,664385.77,INR,BR008,Active,2023-04-08,2026-07-25 15:03:46.711861+00:00,accounts.csv
ACC00001292,CUST000869,Fixed Deposit,2293748.46,INR,BR019,Active,2021-06-07,2026-07-25 15:03:46.711861+00:00,accounts.csv
ACC00001293,CUST000870,Savings,334133.3,INR,BR008,Active,2024-06-24,2026-07-25 15:03:46.711861+00:00,accounts.csv
ACC00001294,CUST000871,Fixed Deposit,4947525.7,INR,BR013,Active,2022-02-15,2026-07-25 15:03:46.711861+00:00,accounts.csv
ACC00001295,CUST000872,Fixed Deposit,3135570.97,INR,BR002,Active,2017-11-27,2026-07-25 15:03:46.711861+00:00,accounts.csv
ACC00001296,CUST000873,Fixed Deposit,3442749.88,INR,BR001,Active,2023-05-05,2026-07-25 15:03:46.711861+00:00,accounts.csv
ACC00001297,CUST000874,Current,1001454.21,INR,BR011,Dormant,2022-03-25,2026-07-25 15:03:46.711861+00:00,accounts.csv
ACC00001298,CUST000875,Fixed Deposit,4847866.05,INR,BR020,Active,2025-10-14,2026-07-25 15:03:46.711861+00:00,accounts.csv
ACC00001299,CUST000875,Fixed Deposit,877474.06,INR,BR019,Active,2024-10-06,2026-07-25 15:03:46.711861+00:00,accounts.csv
ACC00001300,CUST000876,Current,584043.2,INR,BR006,Active,2026-03-01,2026-07-25 15:03:46.711861+00:00,accounts.csv
ACC00001301,CUST000876,Current,184348.61,INR,BR015,Active,2024-04-11,2026-07-25 15:03:46.711861+00:00,accounts.csv
ACC00001302,CUST000877,Fixed Deposit,444734.6,INR,BR013,Active,2022-03-18,2026-07-25 15:03:46.711861+00:00,accounts.csv
ACC00001303,CUST000878,Fixed Deposit,4467056.53,INR,BR015,Active,2022-05-31,2026-07-25 15:03:46.711861+00:00,accounts.csv
ACC00001304,CUST000878,Fixed Deposit,3758135.54,INR,BR007,Active,2025-03-09,2026-07-25 15:03:46.711861+00:00,accounts.csv
ACC00001305,CUST000878,Fixed Deposit,1089998.52,INR,BR006,Active,2025-03-13,2026-07-25 15:03:46.711861+00:00,accounts.csv
ACC00001306,CUST000879,Fixed Deposit,4936244.21,INR,BR012,Active,2017-05-01,2026-07-25 15:03:46.711861+00:00,accounts.csv
ACC00001307,CUST000879,Current,1393631.97,INR,BR018,Dormant,2016-09-24,2026-07-25 15:03:46.711861+00:00,accounts.csv
ACC00001308,CUST000879,Fixed Deposit,1216677.15,INR,BR002,Active,2022-04-24,2026-07-25 15:03:46.711861+00:00,accounts.csv
ACC00001309,CUST000880,Fixed Deposit,1511249.12,INR,BR001,Active,2023-03-05,2026-07-25 15:03:46.711861+00:00,accounts.csv
ACC00001310,CUST000881,Savings,50171.24,INR,BR001,Active,2026-07-14,2026-07-25 15:03:46.711861+00:00,accounts.csv
ACC00001311,CUST000882,Fixed Deposit,798903.41,INR,BR016,Active,2024-07-09,2026-07-25 15:03:46.711861+00:00,accounts.csv
ACC00001312,CUST000883,Savings,287732.47,INR,BR001,Active,2023-01-02,2026-07-25 15:03:46.711861+00:00,accounts.csv
ACC00001313,CUST000884,Current,102115.25,INR,BR007,Active,2022-03-20,2026-07-25 15:03:46.711861+00:00,accounts.csv
ACC00001314,CUST000885,Current,280667.96,INR,BR015,Active,2022-10-04,2026-07-25 15:03:46.711861+00:00,accounts.csv
ACC00001315,CUST000885,Savings,350892.44,INR,BR018,Active,2020-02-04,2026-07-25 15:03:46.711861+00:00,accounts.csv
ACC00001316,CUST000886,Savings,401311.08,INR,BR009,Closed,2018-08-18,2026-07-25 15:03:46.711861+00:00,accounts.csv
ACC00001317,CUST000886,Current,477116.72,INR,BR011,Active,2016-07-26,2026-07-25 15:03:46.711861+00:00,accounts.csv
ACC00001318,CUST000887,Fixed Deposit,1514350.27,INR,BR011,Active,2016-11-23,2026-07-25 15:03:46.711861+00:00,accounts.csv
ACC00001319,CUST000887,Current,1556055.73,INR,BR013,Active,2020-03-16,2026-07-25 15:03:46.711861+00:00,accounts.csv
ACC00001320,CUST000888,Current,845305.99,INR,BR003,Active,2024-08-16,2026-07-25 15:03:46.711861+00:00,accounts.csv
ACC00001321,CUST000889,Fixed Deposit,2023585.38,INR,BR010,Active,2023-12-25,2026-07-25 15:03:46.711861+00:00,accounts.csv
ACC00001322,CUST000889,Savings,136188.35,INR,BR004,Active,2018-08-16,2026-07-25 15:03:46.711861+00:00,accounts.csv
ACC00001323,CUST000890,Savings,229962.1,INR,BR005,Active,2022-01-16,2026-07-25 15:03:46.711861+00:00,accounts.csv
ACC00001324,CUST000891,Savings,211167.89,INR,BR007,Active,2017-01-24,2026-07-25 15:03:46.711861+00:00,accounts.csv
ACC00001325,CUST000892,Savings,294446.35,INR,BR008,Active,2021-08-15,2026-07-25 15:03:46.711861+00:00,accounts.csv
ACC00001326,CUST000892,Current,731023.97,INR,BR011,Active,2020-12-25,2026-07-25 15:03:46.711861+00:00,accounts.csv
ACC00001327,CUST000893,Current,1201866.62,INR,BR004,Active,2026-06-20,2026-07-25 15:03:46.711861+00:00,accounts.csv
ACC00001328,CUST000894,Fixed Deposit,669211.67,INR,BR020,Active,2020-08-29,2026-07-25 15:03:46.711861+00:00,accounts.csv
ACC00001329,CUST000894,Current,1756714.85,INR,BR014,Active,2024-03-09,2026-07-25 15:03:46.711861+00:00,accounts.csv
ACC00001330,CUST000895,Fixed Deposit,2854753.77,INR,BR007,Active,2024-03-15,2026-07-25 15:03:46.711861+00:00,accounts.csv
ACC00001331,CUST000896,Current,1464988.92,INR,BR018,Active,2021-02-01,2026-07-25 15:03:46.711861+00:00,accounts.csv
ACC00001332,CUST000897,Savings,35127.75,INR,BR011,Active,2026-05-20,2026-07-25 15:03:46.711861+00:00,accounts.csv
ACC00001333,CUST000898,Current,1533001.9,INR,BR019,Active,2018-12-16,2026-07-25 15:03:46.711861+00:00,accounts.csv
ACC00001334,CUST000898,Current,1401612.93,INR,BR003,Active,2018-09-12,2026-07-25 15:03:46.711861+00:00,accounts.csv
ACC00001335,CUST000899,Current,1667091.77,INR,BR003,Dormant,2025-09-22,2026-07-25 15:03:46.711861+00:00,accounts.csv
ACC00001336,CUST000900,Fixed Deposit,3265577.79,INR,BR012,Active,2024-06-25,2026-07-25 15:03:46.711861+00:00,accounts.csv
ACC00001337,CUST000901,Savings,343436.33,INR,BR012,Dormant,2024-12-26,2026-07-25 15:03:46.711861+00:00,accounts.csv
ACC00001338,CUST000901,Savings,218523.58,INR,BR002,Active,2023-04-16,2026-07-25 15:03:46.711861+00:00,accounts.csv
ACC00001339,CUST000902,Current,1577209.38,INR,BR005,Active,2023-07-27,2026-07-25 15:03:46.711861+00:00,accounts.csv
ACC00001340,CUST000903,Fixed Deposit,1300245.47,INR,BR003,Active,2021-12-08,2026-07-25 15:03:46.711861+00:00,accounts.csv
ACC00001341,CUST000903,Current,1170956.35,INR,BR019,Dormant,2019-05-29,2026-07-25 15:03:46.711861+00:00,accounts.csv
ACC00001342,CUST000904,Current,1243936.46,INR,BR020,Dormant,2019-06-23,2026-07-25 15:03:46.711861+00:00,accounts.csv
ACC00001343,CUST000905,Current,1809556.05,INR,BR016,Active,2020-06-15,2026-07-25 15:03:46.711861+00:00,accounts.csv
ACC00001344,CUST000906,Savings,270568.14,INR,BR019,Active,2024-01-14,2026-07-25 15:03:46.711861+00:00,accounts.csv
ACC00001345,CUST000907,Fixed Deposit,3777896.65,INR,BR003,Active,2017-01-17,2026-07-25 15:03:46.711861+00:00,accounts.csv
ACC00001346,CUST000907,Fixed Deposit,200851.84,INR,BR006,Closed,2021-02-10,2026-07-25 15:03:46.711861+00:00,accounts.csv
ACC00001347,CUST000908,Current,1124672.3,INR,BR013,Active,2025-11-23,2026-07-25 15:03:46.711861+00:00,accounts.csv
ACC00001348,CUST000909,Fixed Deposit,1668908.28,INR,BR010,Active,2017-11-07,2026-07-25 15:03:46.711861+00:00,accounts.csv
ACC00001349,CUST000910,Fixed Deposit,469196.95,INR,BR014,Active,2016-10-08,2026-07-25 15:03:46.711861+00:00,accounts.csv
ACC00001350,CUST000910,Fixed Deposit,347203.8,INR,BR006,Active,2024-08-02,2026-07-25 15:03:46.711861+00:00,accounts.csv
ACC00001351,CUST000911,Current,1447673.12,INR,BR010,Active,2023-03-16,2026-07-25 15:03:46.711861+00:00,accounts.csv
ACC00001352,CUST000912,Savings,176923.36,INR,BR004,Active,2025-03-31,2026-07-25 15:03:46.711861+00:00,accounts.csv
ACC00001353,CUST000912,Savings,98787.6,INR,BR016,Active,2025-09-28,2026-07-25 15:03:46.711861+00:00,accounts.csv
ACC00001354,CUST000913,Fixed Deposit,276987.87,INR,BR016,Dormant,2025-03-22,2026-07-25 15:03:46.711861+00:00,accounts.csv
ACC00001355,CUST000913,Current,338969.36,INR,BR013,Active,2022-07-29,2026-07-25 15:03:46.711861+00:00,accounts.csv
ACC00001356,CUST000914,Savings,189135.06,INR,BR020,Active,2017-05-30,2026-07-25 15:03:46.711861+00:00,accounts.csv
ACC00001357,CUST000915,Current,1912405.38,INR,BR014,Active,2023-02-19,2026-07-25 15:03:46.711861+00:00,accounts.csv
ACC00001358,CUST000916,Savings,280250.74,INR,BR009,Active,2024-04-02,2026-07-25 15:03:46.711861+00:00,accounts.csv
ACC00001359,CUST000917,Current,1249804.64,INR,BR017,Active,2024-01-18,2026-07-25 15:03:46.711861+00:00,accounts.csv
ACC00001360,CUST000918,Current,373406.7,INR,BR013,Active,2026-07-15,2026-07-25 15:03:46.711861+00:00,accounts.csv
ACC00001361,CUST000919,Fixed Deposit,1802692.61,INR,BR009,Active,2022-09-13,2026-07-25 15:03:46.711861+00:00,accounts.csv
ACC00001362,CUST000920,Savings,93151.95,INR,BR009,Active,2026-03-30,2026-07-25 15:03:46.711861+00:00,accounts.csv
ACC00001363,CUST000921,Savings,333086.17,INR,BR001,Active,2020-12-05,2026-07-25 15:03:46.711861+00:00,accounts.csv
ACC00001364,CUST000922,Fixed Deposit,4255075.45,INR,BR002,Active,2020-10-26,2026-07-25 15:03:46.711861+00:00,accounts.csv
ACC00001365,CUST000923,Fixed Deposit,383453.24,INR,BR012,Active,2019-02-24,2026-07-25 15:03:46.711861+00:00,accounts.csv
ACC00001366,CUST000924,Current,1238154.92,INR,BR017,Active,2025-07-21,2026-07-25 15:03:46.711861+00:00,accounts.csv
ACC00001367,CUST000924,Fixed Deposit,3385096.42,INR,BR004,Dormant,2018-04-17,2026-07-25 15:03:46.711861+00:00,accounts.csv
ACC00001368,CUST000925,Fixed Deposit,4707026.13,INR,BR011,Active,2020-01-01,2026-07-25 15:03:46.711861+00:00,accounts.csv
ACC00001369,CUST000925,Savings,236428.76,INR,BR011,Active,2017-10-05,2026-07-25 15:03:46.711861+00:00,accounts.csv
ACC00001370,CUST000926,Savings,216752.66,INR,BR016,Active,2024-11-11,2026-07-25 15:03:46.711861+00:00,accounts.csv
ACC00001371,CUST000927,Current,1952860.3,INR,BR011,Active,2017-07-30,2026-07-25 15:03:46.711861+00:00,accounts.csv
ACC00001372,CUST000928,Savings,81206.27,INR,BR004,Active,2022-12-05,2026-07-25 15:03:46.711861+00:00,accounts.csv
ACC00001373,CUST000929,Fixed Deposit,2626977.38,INR,BR008,Active,2019-10-24,2026-07-25 15:03:46.711861+00:00,accounts.csv
ACC00001374,CUST000930,Savings,93012.97,INR,BR006,Active,2026-02-12,2026-07-25 15:03:46.711861+00:00,accounts.csv
ACC00001375,CUST000930,Savings,360582.08,INR,BR010,Dormant,2020-09-16,2026-07-25 15:03:46.711861+00:00,accounts.csv
ACC00001376,CUST000930,Fixed Deposit,4538452.59,INR,BR019,Active,2017-02-09,2026-07-25 15:03:46.711861+00:00,accounts.csv
ACC00001377,CUST000931,Current,62685.79,INR,BR006,Active,2022-01-24,2026-07-25 15:03:46.711861+00:00,accounts.csv
ACC00001378,CUST000931,Savings,421435.88,INR,BR015,Active,2017-10-11,2026-07-25 15:03:46.711861+00:00,accounts.csv
ACC00001379,CUST000932,Current,1388294.65,INR,BR014,Active,2025-06-30,2026-07-25 15:03:46.711861+00:00,accounts.csv
ACC00001380,CUST000933,Current,1834354.19,INR,BR008,Active,2023-09-29,2026-07-25 15:03:46.711861+00:00,accounts.csv
ACC00001381,CUST000934,Savings,373478.79,INR,BR012,Active,2017-10-21,2026-07-25 15:03:46.711861+00:00,accounts.csv
ACC00001382,CUST000935,Fixed Deposit,2817166.7,INR,BR015,Dormant,2020-06-12,2026-07-25 15:03:46.711861+00:00,accounts.csv
ACC00001383,CUST000936,Fixed Deposit,2658724.99,INR,BR002,Active,2016-08-17,2026-07-25 15:03:46.711861+00:00,accounts.csv
ACC00001384,CUST000936,Current,433776.5,INR,BR017,Active,2021-06-29,2026-07-25 15:03:46.711861+00:00,accounts.csv
ACC00001385,CUST000937,Fixed Deposit,3417576.85,INR,BR001,Active,2022-07-30,2026-07-25 15:03:46.711861+00:00,accounts.csv
ACC00001386,CUST000938,Current,1623915.28,INR,BR014,Active,2023-11-04,2026-07-25 15:03:46.711861+00:00,accounts.csv
ACC00001387,CUST000938,Fixed Deposit,368658.9,INR,BR013,Active,2021-09-16,2026-07-25 15:03:46.711861+00:00,accounts.csv
ACC00001388,CUST000939,Savings,483343.36,INR,BR012,Active,2025-04-28,2026-07-25 15:03:46.711861+00:00,accounts.csv
ACC00001389,CUST000940,Savings,235570.03,INR,BR010,Active,2018-08-08,2026-07-25 15:03:46.711861+00:00,accounts.csv
ACC00001390,CUST000941,Fixed Deposit,3595971.15,INR,BR003,Active,2017-03-15,2026-07-25 15:03:46.711861+00:00,accounts.csv
ACC00001391,CUST000941,Fixed Deposit,1370538.08,INR,BR003,Active,2024-04-18,2026-07-25 15:03:46.711861+00:00,accounts.csv
ACC00001392,CUST000941,Fixed Deposit,100724.95,INR,BR018,Active,2018-05-29,2026-07-25 15:03:46.711861+00:00,accounts.csv
ACC00001393,CUST000942,Current,1980458.19,INR,BR010,Active,2020-05-26,2026-07-25 15:03:46.711861+00:00,accounts.csv
ACC00001394,CUST000942,Savings,277142.77,INR,BR014,Closed,2024-04-06,2026-07-25 15:03:46.711861+00:00,accounts.csv
ACC00001395,CUST000943,Fixed Deposit,4783247.18,INR,BR001,Active,2018-05-27,2026-07-25 15:03:46.711861+00:00,accounts.csv
ACC00001396,CUST000943,Savings,122402.36,INR,BR002,Active,2018-05-05,2026-07-25 15:03:46.711861+00:00,accounts.csv
ACC00001397,CUST000944,Fixed Deposit,4915018.45,INR,BR019,Active,2021-09-02,2026-07-25 15:03:46.711861+00:00,accounts.csv
ACC00001398,CUST000945,Current,172950.98,INR,BR009,Active,2021-01-27,2026-07-25 15:03:46.711861+00:00,accounts.csv
ACC00001399,CUST000946,Fixed Deposit,4090218.99,INR,BR010,Active,2019-02-02,2026-07-25 15:03:46.711861+00:00,accounts.csv
ACC00001400,CUST000947,Current,861744.71,INR,BR003,Active,2024-03-02,2026-07-25 15:03:46.711861+00:00,accounts.csv
ACC00001401,CUST000947,Fixed Deposit,66778.0,INR,BR010,Active,2025-01-21,2026-07-25 15:03:46.711861+00:00,accounts.csv
ACC00001402,CUST000947,Current,1028962.12,INR,BR015,Active,2023-07-03,2026-07-25 15:03:46.711861+00:00,accounts.csv
ACC00001403,CUST000948,Savings,326326.1,INR,BR009,Active,2025-09-03,2026-07-25 15:03:46.711861+00:00,accounts.csv
ACC00001404,CUST000949,Current,520788.18,INR,BR002,Dormant,2026-01-19,2026-07-25 15:03:46.711861+00:00,accounts.csv
ACC00001405,CUST000949,Fixed Deposit,1194592.85,INR,BR020,Active,2025-12-16,2026-07-25 15:03:46.711861+00:00,accounts.csv
ACC00001406,CUST000950,Savings,468811.38,INR,BR009,Active,2020-09-21,2026-07-25 15:03:46.711861+00:00,accounts.csv
ACC00001407,CUST000950,Fixed Deposit,2108102.1,INR,BR006,Dormant,2024-08-05,2026-07-25 15:03:46.711861+00:00,accounts.csv
ACC00001408,CUST000951,Current,396495.3,INR,BR002,Active,2024-08-10,2026-07-25 15:03:46.711861+00:00,accounts.csv
ACC00001409,CUST000951,Fixed Deposit,1238831.53,INR,BR011,Active,2020-05-06,2026-07-25 15:03:46.711861+00:00,accounts.csv
ACC00001410,CUST000952,Current,1461341.08,INR,BR006,Active,2024-04-21,2026-07-25 15:03:46.711861+00:00,accounts.csv
ACC00001411,CUST000953,Current,1027326.92,INR,BR018,Active,2024-10-07,2026-07-25 15:03:46.711861+00:00,accounts.csv
ACC00001412,CUST000954,Fixed Deposit,4491717.97,INR,BR007,Active,2025-01-19,2026-07-25 15:03:46.711861+00:00,accounts.csv
ACC00001413,CUST000955,Fixed Deposit,4324803.64,INR,BR005,Active,2017-01-12,2026-07-25 15:03:46.711861+00:00,accounts.csv
ACC00001414,CUST000956,Current,1910612.61,INR,BR009,Active,2019-05-18,2026-07-25 15:03:46.711861+00:00,accounts.csv
ACC00001415,CUST000957,Current,1680961.4,INR,BR015,Dormant,2022-08-01,2026-07-25 15:03:46.711861+00:00,accounts.csv
ACC00001416,CUST000957,Current,232302.33,INR,BR005,Active,2020-06-03,2026-07-25 15:03:46.711861+00:00,accounts.csv
ACC00001417,CUST000958,Current,1579181.15,INR,BR009,Active,2016-10-09,2026-07-25 15:03:46.711861+00:00,accounts.csv
ACC00001418,CUST000958,Current,1297089.23,INR,BR011,Dormant,2019-03-15,2026-07-25 15:03:46.711861+00:00,accounts.csv
ACC00001419,CUST000959,Current,412392.92,INR,BR005,Dormant,2020-08-18,2026-07-25 15:03:46.711861+00:00,accounts.csv
ACC00001420,CUST000960,Savings,482381.23,INR,BR007,Active,2025-02-07,2026-07-25 15:03:46.711861+00:00,accounts.csv
ACC00001421,CUST000960,Fixed Deposit,2840646.74,INR,BR018,Active,2016-08-21,2026-07-25 15:03:46.711861+00:00,accounts.csv
ACC00001422,CUST000961,Fixed Deposit,1255672.75,INR,BR014,Active,2021-08-12,2026-07-25 15:03:46.711861+00:00,accounts.csv
ACC00001423,CUST000962,Current,1660910.68,INR,BR018,Closed,2018-10-07,2026-07-25 15:03:46.711861+00:00,accounts.csv
ACC00001424,CUST000963,Fixed Deposit,595947.64,INR,BR019,Active,2024-07-05,2026-07-25 15:03:46.711861+00:00,accounts.csv
ACC00001425,CUST000963,Savings,405331.98,INR,BR011,Dormant,2019-03-14,2026-07-25 15:03:46.711861+00:00,accounts.csv
ACC00001426,CUST000964,Fixed Deposit,238450.22,INR,BR005,Active,2022-10-05,2026-07-25 15:03:46.711861+00:00,accounts.csv
ACC00001427,CUST000964,Fixed Deposit,2359249.67,INR,BR016,Active,2025-09-17,2026-07-25 15:03:46.711861+00:00,accounts.csv
ACC00001428,CUST000965,Fixed Deposit,4972395.89,INR,BR016,Active,2025-01-16,2026-07-25 15:03:46.711861+00:00,accounts.csv
ACC00001429,CUST000965,Fixed Deposit,2492446.08,INR,BR016,Active,2020-09-21,2026-07-25 15:03:46.711861+00:00,accounts.csv
ACC00001430,CUST000965,Fixed Deposit,4765765.91,INR,BR008,Active,2024-12-05,2026-07-25 15:03:46.711861+00:00,accounts.csv
ACC00001431,CUST000966,Current,244261.29,INR,BR005,Active,2026-06-09,2026-07-25 15:03:46.711861+00:00,accounts.csv
ACC00001432,CUST000966,Current,1983570.25,INR,BR004,Active,2016-11-18,2026-07-25 15:03:46.711861+00:00,accounts.csv
ACC00001433,CUST000967,Savings,115932.81,INR,BR007,Active,2020-05-29,2026-07-25 15:03:46.711861+00:00,accounts.csv
ACC00001434,CUST000968,Savings,128734.86,INR,BR007,Active,2026-03-30,2026-07-25 15:03:46.711861+00:00,accounts.csv
ACC00001435,CUST000969,Current,1296406.87,INR,BR016,Active,2020-09-27,2026-07-25 15:03:46.711861+00:00,accounts.csv
ACC00001436,CUST000970,Fixed Deposit,4871497.63,INR,BR002,Active,2018-01-04,2026-07-25 15:03:46.711861+00:00,accounts.csv
ACC00001437,CUST000970,Current,1197932.74,INR,BR014,Active,2018-01-13,2026-07-25 15:03:46.711861+00:00,accounts.csv
ACC00001438,CUST000971,Fixed Deposit,2806063.6,INR,BR019,Active,2018-06-07,2026-07-25 15:03:46.711861+00:00,accounts.csv
ACC00001439,CUST000972,Fixed Deposit,132519.61,INR,BR006,Active,2025-02-11,2026-07-25 15:03:46.711861+00:00,accounts.csv
ACC00001440,CUST000973,Current,744695.72,INR,BR004,Active,2022-05-04,2026-07-25 15:03:46.711861+00:00,accounts.csv
ACC00001441,CUST000973,Savings,468295.41,INR,BR001,Active,2020-07-19,2026-07-25 15:03:46.711861+00:00,accounts.csv
ACC00001442,CUST000974,Current,25927.05,INR,BR017,Active,2026-06-22,2026-07-25 15:03:46.711861+00:00,accounts.csv
ACC00001443,CUST000975,Current,935134.33,INR,BR018,Active,2021-12-24,2026-07-25 15:03:46.711861+00:00,accounts.csv
ACC00001444,CUST000975,Savings,297396.59,INR,BR012,Dormant,2018-12-26,2026-07-25 15:03:46.711861+00:00,accounts.csv
ACC00001445,CUST000975,Current,605298.39,INR,BR007,Active,2023-03-12,2026-07-25 15:03:46.711861+00:00,accounts.csv
ACC00001446,CUST000976,Fixed Deposit,421969.66,INR,BR020,Active,2023-02-05,2026-07-25 15:03:46.711861+00:00,accounts.csv
ACC00001447,CUST000977,Fixed Deposit,1929966.63,INR,BR001,Active,2022-09-09,2026-07-25 15:03:46.711861+00:00,accounts.csv
ACC00001448,CUST000977,Current,717138.83,INR,BR016,Active,2026-02-10,2026-07-25 15:03:46.711861+00:00,accounts.csv
ACC00001449,CUST000978,Savings,471579.47,INR,BR007,Active,2022-08-04,2026-07-25 15:03:46.711861+00:00,accounts.csv
ACC00001450,CUST000978,Savings,247452.08,INR,BR005,Active,2017-01-30,2026-07-25 15:03:46.711861+00:00,accounts.csv
ACC00001451,CUST000978,Fixed Deposit,2070601.61,INR,BR018,Active,2021-12-08,2026-07-25 15:03:46.711861+00:00,accounts.csv
ACC00001452,CUST000979,Current,487049.2,INR,BR010,Active,2018-07-09,2026-07-25 15:03:46.711861+00:00,accounts.csv
ACC00001453,CUST000980,Fixed Deposit,1444290.65,INR,BR011,Closed,2019-02-18,2026-07-25 15:03:46.711861+00:00,accounts.csv
ACC00001454,CUST000980,Fixed Deposit,4478440.96,INR,BR018,Active,2021-01-04,2026-07-25 15:03:46.711861+00:00,accounts.csv
ACC00001455,CUST000981,Savings,196033.57,INR,BR018,Active,2023-12-04,2026-07-25 15:03:46.711861+00:00,accounts.csv
ACC00001456,CUST000982,Fixed Deposit,4684143.76,INR,BR011,Active,2020-05-09,2026-07-25 15:03:46.711861+00:00,accounts.csv
ACC00001457,CUST000983,Current,793542.81,INR,BR008,Active,2022-07-15,2026-07-25 15:03:46.711861+00:00,accounts.csv
ACC00001458,CUST000984,Current,379177.9,INR,BR005,Active,2024-12-15,2026-07-25 15:03:46.711861+00:00,accounts.csv
ACC00001459,CUST000984,Savings,221344.84,INR,BR004,Active,2021-07-09,2026-07-25 15:03:46.711861+00:00,accounts.csv
ACC00001460,CUST000984,Savings,450242.19,INR,BR001,Active,2018-03-02,2026-07-25 15:03:46.711861+00:00,accounts.csv
ACC00001461,CUST000985,Current,1695216.82,INR,BR005,Active,2021-09-26,2026-07-25 15:03:46.711861+00:00,accounts.csv
ACC00001462,CUST000986,Savings,92381.56,INR,BR008,Active,2017-08-01,2026-07-25 15:03:46.711861+00:00,accounts.csv
ACC00001463,CUST000986,Fixed Deposit,363270.82,INR,BR013,Active,2021-08-25,2026-07-25 15:03:46.711861+00:00,accounts.csv
ACC00001464,CUST000987,Current,1138684.97,INR,BR007,Active,2020-07-26,2026-07-25 15:03:46.711861+00:00,accounts.csv
ACC00001465,CUST000988,Fixed Deposit,626451.22,INR,BR017,Active,2016-09-16,2026-07-25 15:03:46.711861+00:00,accounts.csv
ACC00001466,CUST000988,Current,1174952.28,INR,BR007,Active,2026-07-13,2026-07-25 15:03:46.711861+00:00,accounts.csv
ACC00001467,CUST000988,Savings,46364.73,INR,BR017,Active,2019-11-24,2026-07-25 15:03:46.711861+00:00,accounts.csv
ACC00001468,CUST000989,Current,1927214.57,INR,BR001,Active,2024-07-27,2026-07-25 15:03:46.711861+00:00,accounts.csv
ACC00001469,CUST000990,Fixed Deposit,4352308.14,INR,BR008,Active,2020-04-01,2026-07-25 15:03:46.711861+00:00,accounts.csv
ACC00001470,CUST000990,Fixed Deposit,4262068.61,INR,BR014,Active,2022-07-17,2026-07-25 15:03:46.711861+00:00,accounts.csv
ACC00001471,CUST000991,Savings,458463.76,INR,BR016,Active,2018-02-08,2026-07-25 15:03:46.711861+00:00,accounts.csv
ACC00001472,CUST000991,Fixed Deposit,2162719.62,INR,BR010,Active,2021-04-11,2026-07-25 15:03:46.711861+00:00,accounts.csv
ACC00001473,CUST000992,Savings,190712.2,INR,BR012,Dormant,2019-06-28,2026-07-25 15:03:46.711861+00:00,accounts.csv
ACC00001474,CUST000993,Savings,234843.68,INR,BR014,Active,2025-04-13,2026-07-25 15:03:46.711861+00:00,accounts.csv
ACC00001475,CUST000993,Fixed Deposit,4929240.23,INR,BR008,Active,2019-10-12,2026-07-25 15:03:46.711861+00:00,accounts.csv
ACC00001476,CUST000994,Savings,137640.75,INR,BR012,Active,2018-09-07,2026-07-25 15:03:46.711861+00:00,accounts.csv
ACC00001477,CUST000994,Savings,57215.03,INR,BR019,Active,2022-05-19,2026-07-25 15:03:46.711861+00:00,accounts.csv
ACC00001478,CUST000994,Current,1551670.89,INR,BR008,Active,2018-10-19,2026-07-25 15:03:46.711861+00:00,accounts.csv
ACC00001479,CUST000995,Fixed Deposit,3466576.67,INR,BR003,Active,2017-02-26,2026-07-25 15:03:46.711861+00:00,accounts.csv
ACC00001480,CUST000996,Savings,310717.97,INR,BR007,Active,2025-06-14,2026-07-25 15:03:46.711861+00:00,accounts.csv
ACC00001481,CUST000996,Savings,398509.38,INR,BR016,Active,2024-06-15,2026-07-25 15:03:46.711861+00:00,accounts.csv
ACC00001482,CUST000996,Current,1919796.0,INR,BR007,Active,2019-05-06,2026-07-25 15:03:46.711861+00:00,accounts.csv
ACC00001483,CUST000997,Savings,143306.45,INR,BR015,Active,2025-06-07,2026-07-25 15:03:46.711861+00:00,accounts.csv
ACC00001484,CUST000998,Current,1459608.67,INR,BR004,Dormant,2026-02-03,2026-07-25 15:03:46.711861+00:00,accounts.csv
ACC00001485,CUST000998,Fixed Deposit,1374291.23,INR,BR018,Closed,2019-10-12,2026-07-25 15:03:46.711861+00:00,accounts.csv
ACC00001486,CUST000999,Savings,146798.98,INR,BR001,Active,2023-08-12,2026-07-25 15:03:46.711861+00:00,accounts.csv
ACC00001487,CUST001000,Savings,325600.5,INR,BR019,Active,2018-11-16,2026-07-25 15:03:46.711861+00:00,accounts.csv
