customer_id,first_name,last_name,gender,date_of_birth,email,phone_number,pan_number,aadhaar_number,city,state,created_date
CUST000001,Teerth,Parmar,Male,1984-06-14,eesha26@example.com,+912109090499,EJTPP5798M,XXXX-XXXX-7605,Imphal,Haryana,2023-06-10
CUST000002,Indrajit,Bajaj,Male,1998-07-17,yjhaveri@example.org,+914433449131,AVHPB1862W,XXXX-XXXX-5883,Yamunanagar,Odisha,2020-05-13
CUST000003,Upma,Sharma,Female,2002-04-25,sahniayaan@example.com,2025955923,LIEPS7153A,XXXX-XXXX-3369,Unnao,Tripura,2022-09-16
CUST000004,Utkarsh,Nair,Male,1961-12-12,minhasbrijesh@example.com,3287198625,WFFPN2771D,XXXX-XXXX-2692,Amritsar,Uttarakhand,2022-01-30
CUST000005,Liam,Agrawal,Male,1986-09-29,jason30@example.net,+913793893234,DZZPA1079H,XXXX-XXXX-5569,Begusarai,Karnataka,2020-05-16
CUST000006,Anusha,Ravi,Female,1966-04-16,osankar@example.org,02393578342,QQTPR7896R,XXXX-XXXX-0131,Panihati,Uttarakhand,2025-05-27
CUST000007,Yashvi,Ghose,Female,1985-02-25,surikaran@example.com,+913899840000,VWGPG3375E,XXXX-XXXX-7799,Gudivada,Gujarat,2021-10-24
CUST000008,Neha,Dash,Female,1975-01-07,ivala@example.com,4709671216,KLJPD2294H,XXXX-XXXX-8708,Gwalior,Arunachal Pradesh,2024-02-13
CUST000009,Zashil,Desai,Male,1960-06-05,yash19@example.com,+918958104222,HHXPD4011H,XXXX-XXXX-0015,Jalna,Assam,2025-03-04
CUST000010,Ekta,Edwin,Female,1978-01-13,balveer02@example.org,+914742254887,PAKPE3809B,XXXX-XXXX-2993,Belgaum,Maharashtra,2023-01-16
CUST000011,Sachi,Gala,Female,1992-07-26,nathanwable@example.net,+917818265690,PYBPG4559C,XXXX-XXXX-0238,Howrah,Manipur,2026-01-02
CUST000012,Dominic,Shanker,Male,2004-03-25,harshsahota@example.org,+913033722389,YHMPS6326L,XXXX-XXXX-0164,Howrah,Gujarat,2024-08-01
CUST000013,Laban,Amble,Male,1967-10-23,wvasa@example.net,+914036485733,BYDPA6837D,XXXX-XXXX-9181,Bally,Odisha,2020-08-23
CUST000014,Kritika,Tandon,Female,2008-06-21,sanghvimason@example.com,05189777855,KMQPT8413D,XXXX-XXXX-6164,Bathinda,Mizoram,2025-05-22
CUST000015,Maanas,Chahal,Male,1998-03-17,ronith91@example.com,1372125259,YDZPC6589Y,XXXX-XXXX-3965,Danapur,Kerala,2026-06-29
CUST000016,Advik,Wason,Male,1975-06-14,achhabra@example.com,9809244838,KIZPW6260V,XXXX-XXXX-8943,Kirari Suleman Nagar,Sikkim,2024-09-20
CUST000017,Bhavna,Talwar,Female,1963-08-18,uchahal@example.com,8490518995,DPGPT9944W,XXXX-XXXX-5398,Gorakhpur,Kerala,2022-06-10
CUST000018,Tarak,Pant,Male,1966-10-13,settynisha@example.net,+915737545563,FCQPP7545V,XXXX-XXXX-6690,Nellore,Sikkim,2025-09-04
CUST000019,Rayaan,Kata,Male,1968-01-14,sridharharshil@example.net,7452893028,NCRPK7795S,XXXX-XXXX-6761,Bhagalpur,Haryana,2025-07-01
CUST000020,Isha,Mallick,Female,1963-01-26,chasmum32@example.net,8657915505,AELPM1596W,XXXX-XXXX-1637,Kalyan-Dombivli,Karnataka,2026-07-02
CUST000021,Gayathri,Mahal,Female,1987-08-20,hardik01@example.net,09374038570,UIDPM7108Z,XXXX-XXXX-0388,Tiruvottiyur,Uttar Pradesh,2024-02-05
CUST000022,Omisha,Oommen,Female,1986-09-19,dayamai10@example.net,04454096482,WXIPO9619R,XXXX-XXXX-2705,Bharatpur,Karnataka,2026-04-25
CUST000023,Nandini,Pillai,Female,1965-10-18,devikamanne@example.com,+911681727756,HSPPP3571W,XXXX-XXXX-3327,Maheshtala,Punjab,2021-10-30
CUST000024,Gopal,Saraf,Male,1973-08-06,kannanpallavi@example.org,+915720845198,IHMPS3242Q,XXXX-XXXX-4400,Patna,Karnataka,2024-12-10
CUST000025,Girish,Chatterjee,Male,1994-10-21,dattashivansh@example.org,0917588806,YAXPC5568B,XXXX-XXXX-6344,Ozhukarai,Chhattisgarh,2020-01-14
CUST000026,Meera,Baral,Female,2000-01-01,ishanijaggi@example.org,+914247268034,KQRPB6394A,XXXX-XXXX-6600,Gandhidham,Manipur,2021-05-22
CUST000027,Naksh,Tata,Male,1973-03-13,bandinirja@example.org,+916879599656,WUSPT3233G,XXXX-XXXX-9694,Alappuzha,Gujarat,2026-06-18
CUST000028,Wahab,Kaul,Male,1968-07-28,subramanianowen@example.com,+913763868359,BIEPK5015Q,XXXX-XXXX-2120,Rohtak,Uttar Pradesh,2020-07-21
CUST000029,Manthan,Raman,Male,1999-07-01,wbanik@example.org,+917768344861,RRQPR6662Y,XXXX-XXXX-1790,Ludhiana,Tamil Nadu,2025-09-13
CUST000030,Wriddhish,Parikh,Male,1973-02-21,kalpitdani@example.com,08910354653,QQIPP3911K,XXXX-XXXX-4230,Howrah,Manipur,2024-01-06
CUST000031,Azad,Munshi,Male,1994-07-26,harsh77@example.com,8010776050,SRZPM3132R,XXXX-XXXX-7976,Allahabad,Punjab,2020-02-20
CUST000032,Bhavini,Sidhu,Female,1990-01-04,ekajabahl@example.org,5549610278,EXYPS8066L,XXXX-XXXX-5514,Kishanganj,Karnataka,2024-08-13
CUST000033,Aadhya,Kannan,Female,1970-02-17,udoctor@example.net,+910193952395,ZNHPK3776A,XXXX-XXXX-0604,Ajmer,Karnataka,2023-01-07
CUST000034,Maanav,Sandal,Male,1982-05-18,ndugar@example.net,2112539052,YOQPS5631E,XXXX-XXXX-7477,Yamunanagar,Himachal Pradesh,2021-01-08
CUST000035,Gagan,Krishnan,Male,1980-10-28,christopher15@example.net,00510393353,XEYPK8887K,XXXX-XXXX-2559,North Dumdum,Mizoram,2026-02-09
CUST000036,Zaid,Shankar,Male,1975-09-19,zarnanatt@example.org,1356217007,QYTPS4482L,XXXX-XXXX-0377,Bhiwani,Tamil Nadu,2025-07-21
CUST000037,Sudiksha,Chakraborty,Female,1970-07-16,samakshsunder@example.org,03283900443,XNNPC8537W,XXXX-XXXX-2580,Bhiwani,Madhya Pradesh,2024-09-30
CUST000038,Yadavi,Ben,Female,1995-08-18,lohit29@example.net,+918720374922,WYKPB9459Y,XXXX-XXXX-8648,Patiala,Assam,2020-01-19
CUST000039,Vedika,Doshi,Female,1980-09-19,shrofftanvi@example.net,+912007311612,OBJPD4408B,XXXX-XXXX-9637,Dehri,Kerala,2023-05-12
CUST000040,Hardik,Loke,Male,2003-04-18,nishahans@example.net,2821578336,PCGPL6770F,XXXX-XXXX-0919,Anantapuram,Kerala,2026-01-22
CUST000041,Ranbir,Boase,Male,1963-04-27,meghamadan@example.org,06383257725,OMOPB8814Q,XXXX-XXXX-1811,Srikakulam,Chhattisgarh,2023-02-11
CUST000042,Balveer,Kale,Male,1985-02-17,imarandyal@example.org,00299285542,NYOPK7833E,XXXX-XXXX-6321,Hospet,Rajasthan,2025-10-03
CUST000043,Barkha,Pathak,Female,1969-01-16,zmuni@example.com,05690701569,BGBPP7105W,XXXX-XXXX-6201,Raurkela Industrial Township,West Bengal,2021-11-13
CUST000044,Lavanya,Srinivas,Female,1981-03-06,faqidbhalla@example.com,02790892738,XYFPS5255L,XXXX-XXXX-2902,Mathura,Gujarat,2020-11-10
CUST000045,Ryan,Pillai,Male,1990-06-11,balanikita@example.com,05551900320,QLBPP1816L,XXXX-XXXX-0522,Raiganj,Tamil Nadu,2022-11-11
CUST000046,Rohan,Bains,Male,1997-03-20,samaksh01@example.net,8215913859,PSOPB8617Y,XXXX-XXXX-7073,Alappuzha,Assam,2022-09-13
CUST000047,Mason,Loke,Male,1968-10-04,patilsaanvi@example.net,+918479546451,YJRPL4621A,XXXX-XXXX-0667,Narasaraopet,Bihar,2025-09-20
CUST000048,Avni,Dave,Female,1968-05-04,umangswamy@example.net,+918675710835,NKXPD5944S,XXXX-XXXX-4856,Bally,Uttar Pradesh,2025-08-21
CUST000049,Siya,Varughese,Female,1979-07-25,ganeshkamala@example.org,4889715617,ZNUPV3612W,XXXX-XXXX-3989,Sirsa,Arunachal Pradesh,2024-01-11
CUST000050,Nilima,Pau,Female,1959-03-10,xdubey@example.org,0957111681,WNVPP8155G,XXXX-XXXX-8707,Vadodara,Kerala,2023-03-11
CUST000051,Yashica,Balakrishnan,Female,1993-04-22,shanadvaith@example.org,0094764618,VWUPB1099T,XXXX-XXXX-7105,Mehsana,Meghalaya,2025-03-20
CUST000052,Kalpit,Mangat,Male,1971-06-13,tmaster@example.net,08725894926,EOLPM3216T,XXXX-XXXX-8442,Bhalswa Jahangir Pur,Odisha,2023-04-07
CUST000053,Anya,Sood,Female,1988-07-14,keeryadavi@example.net,+912980249825,UFRPS9262W,XXXX-XXXX-7441,Sikar,Kerala,2026-03-11
CUST000054,Girindra,Bajaj,Male,1983-06-27,diyawagle@example.com,05789505957,CNAPB2896I,XXXX-XXXX-9399,Tiruchirappalli,Kerala,2025-11-06
CUST000055,Anya,Sheth,Female,2002-10-10,bhavnalata@example.com,5839069140,ZXAPS2598Y,XXXX-XXXX-0237,Kochi,Jharkhand,2021-10-15
CUST000056,Chandani,Gara,Female,1986-02-21,pranav06@example.com,+914335970696,TJYPG9839V,XXXX-XXXX-4468,Thanjavur,Goa,2021-10-21
CUST000057,Tristan,Khurana,Male,1973-05-22,mekhala05@example.com,+911198294409,TLTPK8790H,XXXX-XXXX-5347,Bangalore,Goa,2020-04-24
CUST000058,Samar,Swamy,Male,1988-01-05,ati12@example.org,01018537221,HJWPS9755S,XXXX-XXXX-7197,Bidar,Mizoram,2021-01-06
CUST000059,Vedhika,Wason,Female,2007-07-29,aashi33@example.org,00664656917,SFSPW0452Q,XXXX-XXXX-6905,Bongaigaon,Andhra Pradesh,2020-04-23
CUST000060,Jonathan,Sama,Male,1994-06-17,ethan05@example.com,05184749797,CTBPS1665J,XXXX-XXXX-5668,Surendranagar Dudhrej,West Bengal,2021-10-09
CUST000061,Nisha,Dugal,Female,1981-02-11,omisha52@example.org,9993084010,IXGPD8654T,XXXX-XXXX-1016,Mehsana,Kerala,2024-05-03
CUST000062,Harish,Natarajan,Male,1991-07-18,ipradhan@example.net,+910616017931,XSHPN7579J,XXXX-XXXX-8201,Kottayam,Uttar Pradesh,2026-04-06
CUST000063,Dev,Sandal,Male,2001-07-04,siddharth81@example.com,09573049515,SPEPS6242L,XXXX-XXXX-7506,Rourkela,Sikkim,2024-06-23
CUST000064,Yochana,Nagi,Female,2004-10-28,aarini63@example.com,02756798669,BXBPN2485O,XXXX-XXXX-9361,Pune,Karnataka,2025-04-24
CUST000065,Tejas,Bora,Male,2006-09-15,gavinkade@example.org,+915863632420,YDZPB1689W,XXXX-XXXX-1203,Ajmer,Arunachal Pradesh,2021-12-01
CUST000066,Lekha,Rajan,Female,1955-08-21,niharikaprabhakar@example.net,9408836623,CPCPR8940T,XXXX-XXXX-7695,Kumbakonam,Jharkhand,2025-09-13
CUST000067,Rachana,Iyengar,Female,1996-08-13,yagate@example.org,+916629060302,FZQPI4692E,XXXX-XXXX-9521,Ahmednagar,Haryana,2021-01-09
CUST000068,Ekani,Rout,Female,1974-06-08,samaudyati@example.com,+911272587372,LKXPR4330Y,XXXX-XXXX-3360,Hapur,Madhya Pradesh,2020-09-04
CUST000069,Chandani,Batta,Female,1960-05-01,behlvihaan@example.net,01743358113,SUPPB1263P,XXXX-XXXX-6808,Nandyal,Gujarat,2020-12-14
CUST000070,Wriddhish,Ramakrishnan,Male,1972-08-25,pdubey@example.org,+912921646486,FSGPR7761L,XXXX-XXXX-0456,Singrauli,Jharkhand,2023-12-30
CUST000071,Gautami,Viswanathan,Female,1985-06-28,bhavya78@example.org,+910734465587,KPWPV2393S,XXXX-XXXX-6872,Hubli–Dharwad,Odisha,2022-09-27
CUST000072,Vamakshi,Dewan,Female,2007-01-20,sboase@example.org,0213413515,DNPPD2954B,XXXX-XXXX-7147,Rohtak,Meghalaya,2024-03-09
CUST000073,Bhavika,Malhotra,Female,1974-12-31,edeep@example.org,00554201534,SGKPM3778I,XXXX-XXXX-0483,Udupi,Punjab,2024-12-18
CUST000074,Hardik,Batra,Male,2003-08-01,khatrijanya@example.net,1482903607,SEWPB0135C,XXXX-XXXX-5379,Kota,Chhattisgarh,2020-04-28
CUST000075,Upasna,Taneja,Female,1996-02-06,ayush89@example.net,07936188797,CIDPT3033W,XXXX-XXXX-1974,Agra,Goa,2025-06-27
CUST000076,Osha,Buch,Female,1982-09-21,rohan82@example.org,04824271486,KZRPB2081H,XXXX-XXXX-1763,Miryalaguda,Goa,2026-04-15
CUST000077,Pooja,Bajaj,Female,1985-03-07,pnaik@example.com,0323326334,SLKPB6195T,XXXX-XXXX-5591,Danapur,Haryana,2020-01-12
CUST000078,Qarin,Kade,Male,1965-01-20,rdeep@example.org,+917185680559,BAAPK0537I,XXXX-XXXX-7199,Jodhpur,Tamil Nadu,2021-12-30
CUST000079,Sai,Magar,Female,1966-07-15,mannankavya@example.org,+911899010641,LUWPM2903W,XXXX-XXXX-9791,Etawah,Manipur,2021-05-07
CUST000080,Tanvi,Ravel,Female,2001-09-15,arya84@example.net,9890469802,WLUPR7272P,XXXX-XXXX-5431,Baranagar,Gujarat,2022-12-06
CUST000081,Bimala,Ramachandran,Female,1999-09-27,qchopra@example.net,8910966409,LLNPR6594H,XXXX-XXXX-1386,Kottayam,Tamil Nadu,2020-04-11
CUST000082,Akshay,Pall,Male,1988-03-23,shivanshbrahmbhatt@example.org,01556745287,YVQPP4453R,XXXX-XXXX-0747,Mahbubnagar,Andhra Pradesh,2022-10-02
CUST000083,Nathaniel,Chowdhury,Male,2006-10-02,dayalnaveen@example.org,4581614504,PXCPC4103F,XXXX-XXXX-9506,Mango,Kerala,2022-07-25
CUST000084,Vasudha,Karnik,Female,1993-03-04,narayanrachita@example.com,4593132991,ESTPK2873B,XXXX-XXXX-3369,Raebareli,Goa,2022-11-04
CUST000085,Ekantika,Atwal,Female,1978-07-04,wbhasin@example.net,+910144025085,ASKPA7198D,XXXX-XXXX-3358,Tirunelveli,Odisha,2023-03-07
CUST000086,Zashil,Rastogi,Male,2002-01-14,qsubramanian@example.com,6621821956,DUQPR6402L,XXXX-XXXX-3005,Medininagar,Kerala,2024-01-05
CUST000087,Sathvik,Magar,Male,1979-06-01,manbir64@example.net,7591363211,YBUPM3215C,XXXX-XXXX-7503,Surendranagar Dudhrej,Odisha,2025-05-30
CUST000088,Raksha,Patil,Female,1999-10-16,mitteromaja@example.org,+911026073222,HQEPP4438E,XXXX-XXXX-6777,Srikakulam,Karnataka,2025-09-04
CUST000089,Warjas,Murthy,Male,1963-12-08,robert05@example.org,9811843734,KXTPM3244E,XXXX-XXXX-0534,Motihari,Gujarat,2025-11-11
CUST000090,Baljiwan,Sule,Male,1958-12-20,xpalan@example.com,7350522535,ANZPS8863G,XXXX-XXXX-3479,Mau,Telangana,2024-04-13
CUST000091,Sachi,Comar,Female,1983-10-03,jason03@example.com,0778091690,YBBPC1117N,XXXX-XXXX-1444,Sambhal,Maharashtra,2022-12-02
CUST000092,Chandresh,Chhabra,Male,1973-07-04,abhimanyumishra@example.org,+918874012625,YJZPC4034W,XXXX-XXXX-5139,Morbi,Goa,2025-08-06
CUST000093,Tanveer,Pau,Male,2005-10-25,pushtighosh@example.org,+914396928949,WOBPP6304D,XXXX-XXXX-9235,Karnal,Maharashtra,2021-08-26
CUST000094,Vincent,Jain,Male,1964-06-25,uchoudhury@example.com,01074026629,USFPJ2554A,XXXX-XXXX-8193,Shimla,Bihar,2023-02-14
CUST000095,Nisha,Mohanty,Female,1957-09-03,patlawidisha@example.com,9555466244,BBCPM2354W,XXXX-XXXX-2877,Sasaram,Sikkim,2023-06-03
CUST000096,Ekta,Ramakrishnan,Female,1992-07-12,mmody@example.net,+914973247753,QGVPR2136E,XXXX-XXXX-5583,Barasat,Maharashtra,2025-08-03
CUST000097,Jagat,Talwar,Male,2007-07-30,sampathurishilla@example.org,03361352301,PFGPT1337V,XXXX-XXXX-5303,Ramagundam,Bihar,2024-11-06
CUST000098,Falguni,Saha,Female,1978-10-29,raaginikannan@example.org,09618641236,ICGPS9756U,XXXX-XXXX-2210,Ranchi,Madhya Pradesh,2021-03-29
CUST000099,Aashi,Subramanian,Female,1998-06-07,meghaprabhu@example.org,+915770130459,ESZPS0418O,XXXX-XXXX-3358,Berhampur,Kerala,2025-05-18
CUST000100,Libni,Bir,Female,1975-11-13,mraman@example.net,00084864693,CCQPB7160S,XXXX-XXXX-2354,Suryapet,Maharashtra,2023-02-22
CUST000101,Laksh,Talwar,Male,1983-10-31,vsubramaniam@example.org,07524722887,AMMPT8336B,XXXX-XXXX-8455,Kavali,West Bengal,2020-11-15
CUST000102,Hemani,Kala,Female,1995-11-22,yashodaluthra@example.net,+910921853702,DDPPK5395V,XXXX-XXXX-9747,Hapur,Mizoram,2025-08-07
CUST000103,Arjun,Puri,Male,1982-04-16,benjamindutt@example.net,+911004643359,GKSPP8253N,XXXX-XXXX-6382,Nagercoil,Gujarat,2023-10-08
CUST000104,Amaira,Jani,Female,2001-05-31,rudra14@example.net,01094524063,XYWPJ7663K,XXXX-XXXX-4293,Karawal Nagar,Kerala,2021-04-04
CUST000105,Hemang,Rai,Male,1990-11-10,jyoti65@example.net,+910539571320,MDXPR1541K,XXXX-XXXX-0813,Moradabad,Tripura,2024-03-17
CUST000106,Jalsa,Bhattacharyya,Female,1967-03-23,zashil14@example.com,+910317913672,YGDPB7168D,XXXX-XXXX-9805,Nandyal,Assam,2022-05-22
CUST000107,Gautami,Gulati,Female,1986-08-25,ojasyogi@example.org,00537448680,HYBPG1645B,XXXX-XXXX-0170,Dhule,Nagaland,2022-05-18
CUST000108,David,Sastry,Male,1957-08-12,sathepratyush@example.com,03968573876,BEWPS0393L,XXXX-XXXX-2450,Jabalpur,Haryana,2025-12-27
CUST000109,Lohit,Sundaram,Male,1986-11-09,anshbal@example.com,04819055297,SRIPS8932A,XXXX-XXXX-8460,Burhanpur,Maharashtra,2025-03-30
CUST000110,Rachit,Shan,Male,1998-06-09,ishwar04@example.org,8167682717,JJJPS8097R,XXXX-XXXX-9836,Jamshedpur,Jharkhand,2025-05-27
CUST000111,Gavin,Brar,Male,1969-02-13,lilachandra@example.net,+916058977225,AFRPB7914O,XXXX-XXXX-1781,Medininagar,Tripura,2024-06-26
CUST000112,Kritika,Jain,Female,1975-02-19,kgrover@example.net,9598904419,ZRHPJ6577Z,XXXX-XXXX-0027,Bhatpara,Goa,2025-03-26
CUST000113,Vansha,Ratta,Female,1957-05-19,chanchalgopal@example.net,+919944345684,SCWPR0666H,XXXX-XXXX-3168,Ludhiana,Andhra Pradesh,2022-09-02
CUST000114,Varsha,Bhavsar,Female,1979-07-27,nandini38@example.net,9693772543,JKIPB4209T,XXXX-XXXX-7964,Rourkela,Punjab,2022-04-15
CUST000115,Janya,Brar,Female,1974-05-19,tarashah@example.com,+916533484932,GOPPB9004B,XXXX-XXXX-0162,Karawal Nagar,Rajasthan,2020-07-05
CUST000116,Kashvi,Sachdeva,Female,1999-08-01,raagini05@example.com,+917709329668,SMOPS0150O,XXXX-XXXX-4015,Thrissur,Haryana,2021-12-02
CUST000117,Omkaar,Basak,Male,1976-06-13,lilarastogi@example.net,09336987511,TWNPB9304O,XXXX-XXXX-0025,Agra,Punjab,2021-10-13
CUST000118,Aarush,Dani,Male,2007-03-08,nitesh06@example.net,2876617218,JCBPD0813I,XXXX-XXXX-6074,Navi Mumbai,Andhra Pradesh,2023-08-21
CUST000119,Leela,Morar,Female,1981-12-13,varenyabora@example.com,0757366828,ZPEPM9428K,XXXX-XXXX-2185,Tirupati,Rajasthan,2021-10-16
CUST000120,Abha,Barman,Female,1971-05-17,madanlaban@example.com,04292138619,MTCPB5204Y,XXXX-XXXX-8951,Coimbatore,Jharkhand,2021-05-31
CUST000121,Barkha,Das,Female,1989-08-26,murthyrobert@example.net,+912162732749,JEXPD2296Q,XXXX-XXXX-0355,Kirari Suleman Nagar,Manipur,2026-06-02
CUST000122,Warjas,Comar,Male,1986-02-28,asavant@example.com,3912969174,NVGPC7435A,XXXX-XXXX-7878,North Dumdum,Telangana,2023-06-18
CUST000123,Falak,Amble,Female,1965-12-10,bhattacharyyarishi@example.org,9944423626,DKTPA1697Y,XXXX-XXXX-0087,Dehri,Rajasthan,2025-06-23
CUST000124,Upma,Sarraf,Female,1988-02-16,pillayyamini@example.net,9475420241,YIUPS0640J,XXXX-XXXX-7373,Thane,Madhya Pradesh,2021-04-09
CUST000125,Ubika,Dora,Female,2007-06-24,borahekanta@example.com,04379027530,WBRPD8859B,XXXX-XXXX-6985,Mango,Manipur,2020-04-26
CUST000126,Pahal,Pandit,Female,1976-02-07,samuel10@example.org,0364383600,LGBPP2840M,XXXX-XXXX-6405,Saharsa,Haryana,2024-12-14
CUST000127,Ojas,Memon,Male,1961-07-30,kapadiaubika@example.org,04873981807,VNCPM9104E,XXXX-XXXX-0939,Madanapalle,Madhya Pradesh,2025-07-09
CUST000128,Samarth,Parikh,Male,1990-01-05,girish56@example.org,+919051917107,JRLPP5530D,XXXX-XXXX-3020,Surat,Himachal Pradesh,2021-07-02
CUST000129,Alka,Bhavsar,Female,1995-08-01,chatura27@example.net,06719958829,PZRPB6284A,XXXX-XXXX-9115,Bikaner,West Bengal,2023-05-15
CUST000130,Nirja,Sachdeva,Female,1960-08-09,mallekani@example.com,6849278001,INRPS7890S,XXXX-XXXX-2253,Ongole,Andhra Pradesh,2021-04-09
CUST000131,Harshil,Sinha,Male,1978-12-29,tuppal@example.com,+911288483891,XMAPS1141F,XXXX-XXXX-8283,Aizawl,Meghalaya,2026-07-06
CUST000132,Shaurya,Mital,Male,1997-05-07,saumya64@example.com,01518306768,SZLPM6102Y,XXXX-XXXX-7321,Dharmavaram,Tamil Nadu,2025-07-07
CUST000133,Kevin,Dave,Male,1966-07-05,xmuni@example.com,00872611050,KVFPD7506E,XXXX-XXXX-0989,Jalna,Uttarakhand,2021-10-07
CUST000134,Naksh,Sandal,Male,1983-04-01,ranbir66@example.com,+912487879689,GANPS4970L,XXXX-XXXX-1331,Agartala,West Bengal,2025-09-05
CUST000135,Pushti,Palla,Female,1981-05-20,tankgarima@example.net,+910008765173,ZMEPP6472J,XXXX-XXXX-2601,Ozhukarai,Odisha,2022-01-16
CUST000136,Ubika,Gupta,Female,1974-01-19,semaarav@example.net,09875219864,SDZPG5393T,XXXX-XXXX-6700,Vijayawada,Haryana,2023-09-07
CUST000137,Reyansh,Gupta,Male,2008-02-18,raviyuvraj@example.com,03108019141,YCEPG5710X,XXXX-XXXX-5547,Bhagalpur,Uttar Pradesh,2023-04-16
CUST000138,Bachittar,Chaudhuri,Male,1987-07-31,deepa22@example.org,+911694299857,VVFPC3739F,XXXX-XXXX-7731,Naihati,Bihar,2025-01-21
CUST000139,Ria,Balan,Female,1978-12-17,liam63@example.org,+914668778387,YBLPB4402Y,XXXX-XXXX-4827,Bhilwara,Tripura,2026-03-09
CUST000140,Aradhana,Mallick,Female,1969-04-07,waidagandhi@example.net,08401536147,OPVPM5786U,XXXX-XXXX-3030,Gudivada,Chhattisgarh,2023-01-21
CUST000141,Laban,Khosla,Male,1973-09-01,wridesh92@example.com,+915933615979,JAUPK4145X,XXXX-XXXX-6753,Deoghar,Meghalaya,2021-05-09
CUST000142,Rishi,Kant,Male,1985-08-02,faras24@example.net,8988528569,OUJPK8073K,XXXX-XXXX-4718,Hazaribagh,Jharkhand,2021-09-03
CUST000143,Faras,Bath,Male,1980-03-05,chakradharben@example.org,2455057580,PCFPB5951W,XXXX-XXXX-6044,Gopalpur,Goa,2024-09-17
CUST000144,Rudra,Bhalla,Male,1957-01-01,mammenmitali@example.com,+911024586575,XPRPB5375R,XXXX-XXXX-3847,Mirzapur,Arunachal Pradesh,2025-07-05
CUST000145,Andrew,Dhawan,Male,1982-12-04,lvarma@example.com,+916355908341,MZEPD7308L,XXXX-XXXX-6197,Warangal,Jharkhand,2020-04-25
CUST000146,Kai,Bains,Male,1976-10-19,poojakota@example.net,06022993265,XLPPB3269B,XXXX-XXXX-0037,Tirupati,Gujarat,2025-06-02
CUST000147,Triveni,Balay,Female,1997-04-27,gopal51@example.org,+916180382967,CZYPB3925N,XXXX-XXXX-5873,Raebareli,Maharashtra,2025-03-04
CUST000148,Zashil,Kala,Male,2005-01-31,lallarajeshri@example.com,5291246198,QICPK5485R,XXXX-XXXX-2703,Udaipur,Arunachal Pradesh,2020-07-25
CUST000149,Jyoti,Parikh,Female,1955-08-26,kantridhi@example.com,+917446655256,DSMPP5815T,XXXX-XXXX-9275,Aurangabad,Punjab,2021-12-11
CUST000150,Praneel,Madan,Male,1995-02-06,lavanyaloke@example.org,7291723118,KCJPM2940X,XXXX-XXXX-1951,Jaipur,Maharashtra,2024-12-30
CUST000151,Ojasvi,Mani,Female,1980-08-11,radhikakhare@example.org,06365883838,XUEPM5130V,XXXX-XXXX-2010,Akola,Bihar,2026-04-06
CUST000152,Libni,Buch,Female,1996-07-29,nidrasandhu@example.net,+910304883598,VHUPB2503E,XXXX-XXXX-4397,Kozhikode,Kerala,2022-10-02
CUST000153,Naveen,Behl,Male,1969-07-27,vasanadhingra@example.net,00950276889,KVXPB6965C,XXXX-XXXX-9106,Jamnagar,Andhra Pradesh,2022-12-17
CUST000154,Eshana,Bedi,Female,1977-01-22,vidhipathak@example.net,+914999589486,EZCPB2704I,XXXX-XXXX-1874,Bikaner,Andhra Pradesh,2026-01-31
CUST000155,Adweta,Dayal,Female,1960-09-30,ybir@example.com,3060611943,OJEPD4669F,XXXX-XXXX-2263,Nizamabad,Himachal Pradesh,2021-04-19
CUST000156,Chatresh,Shere,Male,1981-12-10,tanishyohannan@example.com,7780785183,DJSPS2485T,XXXX-XXXX-4160,Aurangabad,Uttar Pradesh,2022-10-09
CUST000157,Anthony,Garg,Male,1987-05-15,krishnasama@example.org,+911996648060,AGNPG1178U,XXXX-XXXX-2890,Begusarai,Haryana,2021-10-20
CUST000158,Aarnav,Saran,Male,2005-08-03,bawanachiket@example.net,9993943502,AXDPS6399N,XXXX-XXXX-3973,Raebareli,Bihar,2022-10-18
CUST000159,Advika,Sem,Female,1998-11-30,rajatakhurana@example.net,0773242902,ETYPS9037U,XXXX-XXXX-0760,Warangal,Goa,2020-03-05
CUST000160,Ishanvi,Dewan,Female,1991-10-28,jaibakshi@example.net,01824094171,UKHPD7869H,XXXX-XXXX-9345,Gorakhpur,Uttar Pradesh,2026-02-23
CUST000161,Jeevika,Deep,Female,1979-12-05,damyantibala@example.org,1353632554,TAZPD4188M,XXXX-XXXX-2684,Ratlam,Manipur,2024-05-09
CUST000162,Pooja,Mane,Female,1995-10-13,davidbumb@example.org,8024992428,NQSPM0828H,XXXX-XXXX-2629,Davanagere,Odisha,2020-04-21
CUST000163,Yashvi,Dara,Female,1977-01-23,gsheth@example.org,05517095162,DULPD5406N,XXXX-XXXX-7345,Gwalior,Jharkhand,2023-09-28
CUST000164,Amaira,Bhatnagar,Female,2008-07-14,chamanram@example.net,03140742708,PHYPB3744V,XXXX-XXXX-2843,Mangalore,Rajasthan,2024-07-17
CUST000165,Mahika,Patla,Female,1987-12-20,eprakash@example.com,8983811478,LIQPP0120W,XXXX-XXXX-4470,Darbhanga,Goa,2024-05-12
CUST000166,Krisha,Warrior,Female,1991-09-15,ggolla@example.org,6620026323,ZJEPW6816U,XXXX-XXXX-5718,Begusarai,Bihar,2020-01-20
CUST000167,Manbir,Ravel,Male,2001-03-21,bathoeshi@example.net,0734441040,CFGPR0923T,XXXX-XXXX-0745,Jhansi,Andhra Pradesh,2024-05-15
CUST000168,Indali,Narain,Female,1963-10-05,aachal31@example.org,0297712595,CPIPN2848G,XXXX-XXXX-1774,Jehanabad,Gujarat,2023-03-03
CUST000169,Widisha,Singh,Female,1957-03-20,luckynatt@example.com,+910657547522,MEZPS4772A,XXXX-XXXX-9866,Shimla,Mizoram,2024-01-31
CUST000170,Harita,Bhatia,Female,1971-11-10,andrewbera@example.net,+916964686967,EYCPB1084J,XXXX-XXXX-4622,Katni,Nagaland,2023-06-17
CUST000171,Alka,Kari,Female,1965-05-01,esundaram@example.net,02239155359,OEJPK8411Y,XXXX-XXXX-7988,Sonipat,Haryana,2020-06-06
CUST000172,Warhi,Dube,Female,1998-12-08,vsama@example.net,06745556312,XWQPD9050I,XXXX-XXXX-4210,Nagercoil,Arunachal Pradesh,2021-11-20
CUST000173,Brijesh,Setty,Male,1992-01-19,qarin86@example.org,+915206069437,EYXPS1386D,XXXX-XXXX-2724,Jhansi,Assam,2020-04-20
CUST000174,Charles,Bail,Male,1978-06-16,gaurikarpe@example.com,07644652339,ZFDPB6063E,XXXX-XXXX-1122,Tinsukia,Bihar,2025-06-17
CUST000175,Lipika,Bhagat,Female,1979-10-21,aahana42@example.org,2741854453,OHAPB7220B,XXXX-XXXX-9662,Parbhani,Maharashtra,2020-10-17
CUST000176,Rachita,Wagle,Female,2005-08-28,liamkanda@example.net,+918236190024,SWJPW7889M,XXXX-XXXX-7062,Hyderabad,Nagaland,2021-06-15
CUST000177,Naksh,Gokhale,Male,1958-12-12,ckrishna@example.net,+913358087259,YBNPG0934U,XXXX-XXXX-6656,Shimoga,Arunachal Pradesh,2021-06-03
CUST000178,Amol,Brahmbhatt,Male,1968-04-20,vihaankakar@example.org,+911800938095,IXVPB0940U,XXXX-XXXX-7591,Muzaffarpur,Punjab,2025-10-17
CUST000179,Ayush,Karpe,Male,1975-09-13,vrana@example.org,09711933699,RMIPK8174J,XXXX-XXXX-4642,Barasat,Maharashtra,2023-05-22
CUST000180,Bhanumati,Nair,Female,1992-08-10,guptaidika@example.org,+917287698226,NFYPN5514P,XXXX-XXXX-0639,Mirzapur,Tamil Nadu,2023-10-24
CUST000181,Wakeeta,Pau,Female,1968-04-15,goledev@example.com,7825781364,MYWPP6609I,XXXX-XXXX-9503,Cuttack,Andhra Pradesh,2020-02-26
CUST000182,Jeevika,Garg,Female,1986-12-08,ujohal@example.net,01350675589,RWDPG0647Q,XXXX-XXXX-7621,Agra,Rajasthan,2021-07-24
CUST000183,Saumya,Raju,Female,1979-03-09,jhazilmil@example.net,+915253587472,EKBPR0165O,XXXX-XXXX-5228,Mangalore,Chhattisgarh,2021-03-31
CUST000184,Laksh,Bassi,Male,2007-09-16,darsh11@example.org,4505805601,TCPPB4866T,XXXX-XXXX-2463,Singrauli,Gujarat,2025-12-22
CUST000185,Dominic,Upadhyay,Male,1957-04-15,mgopal@example.net,3971462588,VIGPU2769F,XXXX-XXXX-4804,Anantapur,Madhya Pradesh,2020-06-13
CUST000186,Falak,Dani,Female,1979-11-23,dkumar@example.net,4805088548,BSMPD0730M,XXXX-XXXX-1153,Mathura,Manipur,2026-02-04
CUST000187,Libni,Muni,Female,1998-03-10,yashawiniahluwalia@example.net,4772609205,RAAPM7167P,XXXX-XXXX-7639,Ludhiana,Tripura,2024-11-18
CUST000188,Xavier,Kala,Male,1990-10-23,nirja36@example.com,7574991691,EGOPK8908N,XXXX-XXXX-3424,Mangalore,Assam,2022-04-23
CUST000189,Lila,Panchal,Female,1975-03-23,krisha33@example.com,06203774174,CROPP0654U,XXXX-XXXX-6081,Singrauli,Kerala,2020-08-31
CUST000190,Anthony,Puri,Male,1994-02-28,mohangaurang@example.net,9436632995,TIFPP7448W,XXXX-XXXX-7590,Mahbubnagar,Punjab,2023-07-02
CUST000191,Qabil,Raja,Male,1996-10-01,jagrati46@example.org,+918049915655,INZPR5636K,XXXX-XXXX-0139,Ballia,Uttar Pradesh,2025-09-12
CUST000192,Ayushman,Shukla,Male,1960-03-23,dwagle@example.org,00310633221,AXCPS0295P,XXXX-XXXX-6764,Dindigul,Jharkhand,2020-10-12
CUST000193,Robert,Palla,Male,1981-05-29,agarwaloliver@example.net,0280732365,SNVPP9677J,XXXX-XXXX-5636,Barasat,Manipur,2020-03-30
CUST000194,Tripti,Singhal,Female,2003-09-12,eiravatichacko@example.net,00505331446,ESFPS4181K,XXXX-XXXX-3168,Ramgarh,Tripura,2022-07-24
CUST000195,Charvi,Sinha,Female,2003-03-03,dipta10@example.com,9765777861,EYFPS3202P,XXXX-XXXX-4482,Machilipatnam,Mizoram,2021-04-24
CUST000196,Tripti,Ram,Female,2007-12-24,itripathi@example.com,+918506971919,FHJPR6510L,XXXX-XXXX-3378,Tirunelveli,Maharashtra,2023-10-30
CUST000197,Harshil,Baral,Male,2004-10-29,iacharya@example.com,05067818226,WSWPB2886O,XXXX-XXXX-0941,Junagadh,Maharashtra,2023-04-18
CUST000198,Garima,Majumdar,Female,1967-12-24,maanavrege@example.org,7349986668,VVIPM6701Z,XXXX-XXXX-7238,Burhanpur,Jharkhand,2025-02-11
CUST000199,Sara,Shetty,Female,1985-10-07,wasonurvashi@example.net,09487047591,VVWPS1051A,XXXX-XXXX-1112,Kolhapur,Manipur,2022-11-23
CUST000200,Lajita,Madan,Female,1995-05-12,sawhneyveer@example.com,5815038868,SOCPM4568P,XXXX-XXXX-4419,Gaya,Punjab,2024-10-27
CUST000201,Elijah,Kurian,Male,1969-08-16,baghyawati13@example.org,1357832193,LEYPK5489Q,XXXX-XXXX-7809,Sri Ganganagar,Assam,2021-03-21
CUST000202,Tanvi,Bose,Female,1965-11-25,kmammen@example.com,04855471279,ZYBPB1494A,XXXX-XXXX-4638,Amravati,Odisha,2024-01-16
CUST000203,Chanakya,Palla,Male,1999-11-16,hsachdeva@example.org,8080480434,LSUPP3812Z,XXXX-XXXX-0042,Raurkela Industrial Township,Gujarat,2022-02-26
CUST000204,Jonathan,Raghavan,Male,1982-06-14,gautam78@example.org,0760130016,XWIPR6875L,XXXX-XXXX-6193,Katni,Nagaland,2024-09-26
CUST000205,Nikita,Talwar,Female,1996-10-24,bishakha22@example.org,09987073066,CNJPT2520U,XXXX-XXXX-6459,Akola,Uttarakhand,2021-12-12
CUST000206,Devika,Chandran,Female,1993-09-23,tganesh@example.org,8042560476,VRXPC4381P,XXXX-XXXX-9145,Imphal,Odisha,2023-12-31
CUST000207,Bimala,Kapoor,Female,1964-02-28,hkrishnan@example.com,2542866556,QUYPK5781K,XXXX-XXXX-9018,Latur,Haryana,2020-01-26
CUST000208,Kevin,Dara,Male,1975-12-22,chaudryomisha@example.net,4920640870,JWVPD4623F,XXXX-XXXX-6138,Madanapalle,Maharashtra,2020-05-25
CUST000209,Jagat,Nigam,Male,1958-05-05,maanasgopal@example.org,6915411159,GLKPN7378E,XXXX-XXXX-9253,Hosur,Bihar,2024-05-24
CUST000210,Yochana,Dewan,Female,1964-09-24,lgoyal@example.net,02183810155,STJPD2727R,XXXX-XXXX-1163,Aligarh,Sikkim,2022-03-27
CUST000211,Chatresh,Bath,Male,1964-10-18,eiravati54@example.net,+918485289097,RZOPB9714O,XXXX-XXXX-0341,Tiruppur,Mizoram,2020-06-21
CUST000212,Shivansh,Bhatnagar,Male,2008-01-29,zehaansani@example.org,3700055384,SKEPB6603L,XXXX-XXXX-1919,Kozhikode,Goa,2022-08-29
CUST000213,Joshua,Mistry,Male,1974-09-28,bishakhanadig@example.org,06638193661,XLKPM7481D,XXXX-XXXX-8115,Kurnool,Jharkhand,2024-04-19
CUST000214,Udyati,Walia,Female,1962-12-25,nidra04@example.com,03751249583,UJGPW8381E,XXXX-XXXX-4537,Panchkula,Haryana,2022-02-28
CUST000215,Yutika,Patla,Female,1971-02-09,zraj@example.com,1955974872,SQVPP8633X,XXXX-XXXX-5657,Udupi,Gujarat,2023-10-06
CUST000216,Manthan,Tak,Male,1982-04-04,balvan49@example.com,1810984580,PUTPT6317D,XXXX-XXXX-1645,Panihati,Odisha,2024-09-15
CUST000217,Nisha,Sodhi,Female,1978-07-31,brajan@example.net,+915241703258,PYPPS2887F,XXXX-XXXX-6257,Panihati,Gujarat,2020-12-16
CUST000218,Tejas,Kaul,Male,2006-05-07,ishita61@example.net,02355938446,PAAPK9398U,XXXX-XXXX-7400,Bardhaman,Meghalaya,2022-11-01
CUST000219,Baghyawati,Mukherjee,Female,1973-11-12,siya49@example.com,3655134145,WNMPM5159A,XXXX-XXXX-0534,Etawah,Chhattisgarh,2024-03-12
CUST000220,Inaya,Thakur,Female,1956-05-28,soodfrederick@example.com,01932866976,STWPT7403C,XXXX-XXXX-5075,Mysore,Kerala,2024-07-22
CUST000221,Qushi,Sachdev,Female,1956-06-09,wahabdalia@example.com,6303874612,CMAPS6973D,XXXX-XXXX-8960,Junagadh,Goa,2024-03-19
CUST000222,Yutika,Deo,Female,1973-12-14,damini10@example.org,08337629778,OZNPD5529C,XXXX-XXXX-2373,Hapur,Kerala,2020-09-21
CUST000223,Tejas,Sridhar,Male,1957-03-18,unarang@example.org,9788286938,KACPS9373M,XXXX-XXXX-4968,Guntakal,Odisha,2022-01-29
CUST000224,Ekbal,Biswas,Male,1965-08-29,balendra67@example.com,+916769569954,AKLPB5906E,XXXX-XXXX-2666,Ulhasnagar,Jharkhand,2023-04-14
CUST000225,Lila,Chaudhry,Female,1976-07-10,lilabhagat@example.net,07931833694,XIHPC6978Z,XXXX-XXXX-5770,Jammu,Rajasthan,2021-05-22
CUST000226,Advik,Peri,Male,1980-08-08,damyantikhatri@example.net,03578512989,VWLPP1153G,XXXX-XXXX-6228,New Delhi,Assam,2025-12-08
CUST000227,Qasim,Devi,Male,1986-08-31,dakshesh20@example.com,+914742612410,HVFPD6889O,XXXX-XXXX-5025,Saharsa,Odisha,2023-06-19
CUST000228,Mohini,Zachariah,Female,2005-09-06,zayyanlalla@example.org,04716237446,XPIPZ9065X,XXXX-XXXX-0928,Khora ,Uttar Pradesh,2020-04-22
CUST000229,Oscar,Ganguly,Male,1990-02-01,kapurmahika@example.com,01575906864,XVKPG5633Y,XXXX-XXXX-0623,Alappuzha,Himachal Pradesh,2020-10-03
CUST000230,Kavya,Bhargava,Female,2005-08-27,elijahom@example.org,9576879577,KHNPB3237E,XXXX-XXXX-7828,Ghaziabad,Tamil Nadu,2020-02-10
CUST000231,Chatresh,Singh,Male,2003-10-07,vmaharaj@example.org,2349147723,CUGPS5284B,XXXX-XXXX-8279,Etawah,Haryana,2020-10-19
CUST000232,Mekhala,Bose,Female,1978-12-03,mallfaris@example.org,7117254956,BTTPB8312Y,XXXX-XXXX-2956,Machilipatnam,Manipur,2025-04-11
CUST000233,Kashish,Bala,Female,1982-12-25,aayush73@example.net,6926639503,VOZPB7272N,XXXX-XXXX-7679,Kottayam,Odisha,2023-10-13
CUST000234,Samuel,Majumdar,Male,1995-03-09,anair@example.org,7084823752,BAIPM2209H,XXXX-XXXX-8878,Phagwara,Telangana,2023-02-23
CUST000235,Anvi,Deshmukh,Female,1961-11-25,mohinidhar@example.org,1366797951,RQQPD6767L,XXXX-XXXX-2813,Vellore,Uttar Pradesh,2020-12-20
CUST000236,Chasmum,Ratti,Female,1991-04-05,nathankaran@example.com,4246146656,FMIPR9344H,XXXX-XXXX-1120,Tenali,Nagaland,2020-11-16
CUST000237,Bina,Lal,Female,1996-02-22,apatil@example.org,07741693876,RIJPL9212Q,XXXX-XXXX-2444,Hindupur,Assam,2023-11-06
CUST000238,Manbir,Singhal,Male,1976-11-02,dhararadhana@example.org,09252245123,GYPPS5032O,XXXX-XXXX-2730,Ujjain,Tripura,2021-01-15
CUST000239,Nisha,Upadhyay,Female,1980-12-01,zloyal@example.com,+919026797311,CNGPU7712I,XXXX-XXXX-6317,Unnao,Tamil Nadu,2026-06-04
CUST000240,Qarin,Sule,Male,1986-10-24,krishna74@example.com,0781899826,AGYPS2679B,XXXX-XXXX-2889,Kamarhati,West Bengal,2026-06-11
CUST000241,Jeevika,Krishnan,Female,1988-02-12,joshiomaja@example.org,+911169429889,AZHPK6339J,XXXX-XXXX-8987,Karnal,Himachal Pradesh,2025-07-26
CUST000242,Abha,Contractor,Female,1975-04-05,ikbal24@example.org,02307932897,SWNPC3896C,XXXX-XXXX-1209,Silchar,Uttarakhand,2023-12-08
CUST000243,Ethan,Munshi,Male,2007-11-06,qpathak@example.com,8273556334,JDXPM2031G,XXXX-XXXX-8349,Eluru,Odisha,2024-06-06
CUST000244,Aryan,Modi,Male,2002-04-22,timothy71@example.net,8785950114,WREPM1059S,XXXX-XXXX-9615,Tiruppur,Goa,2023-01-07
CUST000245,Bhavya,Agate,Female,2004-05-01,hayerjanaki@example.com,+919354132287,AHDPA7178G,XXXX-XXXX-9819,Eluru,Maharashtra,2020-05-06
CUST000246,Samuel,Varma,Male,1984-12-07,umang18@example.com,0956724964,QAPPV1746H,XXXX-XXXX-3634,Rajpur Sonarpur,Andhra Pradesh,2025-07-02
CUST000247,Bachittar,Krishna,Male,1987-10-26,divyadhar@example.org,+919066861754,XBUPK3060H,XXXX-XXXX-1266,Navi Mumbai,Karnataka,2020-10-07
CUST000248,Adya,Kothari,Female,1988-09-02,fmaster@example.org,09150795818,ZOGPK4475T,XXXX-XXXX-0547,Bharatpur,Telangana,2023-06-05
CUST000249,Udyati,Chokshi,Female,1981-07-14,libniseth@example.com,+917716632808,JCXPC1792S,XXXX-XXXX-4839,Sultan Pur Majra,Punjab,2023-03-20
CUST000250,Gavin,Salvi,Male,1976-03-28,qbadami@example.org,+919541240898,XWCPS6207X,XXXX-XXXX-8366,Noida,Karnataka,2023-07-18
CUST000251,Vasatika,Master,Female,1967-01-06,nnarasimhan@example.net,6743493077,PGUPM2836E,XXXX-XXXX-8982,Bareilly,Madhya Pradesh,2023-09-14
CUST000252,Oviya,Dhingra,Female,2008-01-13,chakradev27@example.org,05631994761,CFPPD8207G,XXXX-XXXX-1852,Gandhidham,Mizoram,2024-09-07
CUST000253,Panini,Yogi,Female,1979-07-29,itailor@example.net,+919242082480,BEMPY6212J,XXXX-XXXX-2947,Chapra,Madhya Pradesh,2021-11-06
CUST000254,Neel,Varty,Male,1963-03-26,kaladass@example.org,01088314991,BUPPV0948Q,XXXX-XXXX-4290,Kharagpur,Himachal Pradesh,2024-05-10
CUST000255,Indali,Uppal,Female,1969-07-13,poojaapte@example.org,00963932827,UUWPU3954I,XXXX-XXXX-9595,Tumkur,Maharashtra,2022-10-01
CUST000256,Ranbir,Nagar,Male,2001-10-22,upma98@example.org,8658309977,GGXPN2903R,XXXX-XXXX-3036,Maheshtala,Kerala,2024-08-24
CUST000257,George,Mallick,Male,2006-03-19,banerjeesamuel@example.com,7082804494,KKBPM0043G,XXXX-XXXX-1537,Sagar,Madhya Pradesh,2022-01-29
CUST000258,Utkarsh,Dua,Male,2006-05-27,devika92@example.com,9681285149,MAVPD6730W,XXXX-XXXX-5759,Erode,Nagaland,2026-07-12
CUST000259,Mason,Desai,Male,1962-04-20,kchander@example.org,+915819227781,CWWPD7756K,XXXX-XXXX-1119,Karimnagar,Goa,2022-12-12
CUST000260,Urmi,Nagarajan,Female,1974-12-22,ranveer98@example.net,+918731247432,VFQPN3736C,XXXX-XXXX-3533,Ambarnath,Rajasthan,2024-08-18
CUST000261,Yug,Wali,Male,2007-07-24,yacharya@example.com,+918545582655,OSTPW1860A,XXXX-XXXX-8897,Kishanganj,Punjab,2020-12-15
CUST000262,Warda,Patel,Female,1994-09-16,keernathan@example.org,7633964396,SBZPP3771Z,XXXX-XXXX-2864,Hosur,Manipur,2020-03-05
CUST000263,Ekanta,Patla,Female,1995-01-01,dharmeera@example.org,+913047517022,ZDKPP6974U,XXXX-XXXX-3371,Jamalpur,Madhya Pradesh,2021-11-10
CUST000264,Falguni,Kashyap,Female,1963-12-22,chowdhuryelijah@example.org,4841853797,KFWPK7229A,XXXX-XXXX-8533,Jabalpur,Chhattisgarh,2022-09-14
CUST000265,Quincy,Patla,Male,1993-11-14,pratyushranganathan@example.com,08068783411,BLMPP4049T,XXXX-XXXX-7224,Munger,Karnataka,2021-03-03
CUST000266,Krishna,Srinivas,Male,1999-11-15,bosejanya@example.com,07533788604,AMPPS5242L,XXXX-XXXX-4476,Fatehpur,Rajasthan,2022-11-06
CUST000267,Rachit,Murty,Male,1969-02-03,manannayak@example.net,+915726532951,UQYPM2105X,XXXX-XXXX-6978,Panihati,Madhya Pradesh,2020-06-19
CUST000268,Reva,Hayer,Female,2004-08-12,vinaya26@example.org,09162700939,INLPH0386P,XXXX-XXXX-8195,Sonipat,Jharkhand,2025-06-24
CUST000269,Christopher,Wason,Male,1964-01-29,rattanbalhaar@example.com,05370401600,JSEPW0677R,XXXX-XXXX-7284,Machilipatnam,Jharkhand,2021-08-11
CUST000270,Lakshmi,Venkatesh,Female,2004-03-28,ikbalbedi@example.com,+918870519146,XFRPV0203X,XXXX-XXXX-1024,Chinsurah,Manipur,2025-03-11
CUST000271,Kritika,Chand,Female,1988-05-26,lilavenkataraman@example.net,03695194269,AIEPC1018R,XXXX-XXXX-9943,Motihari,Tamil Nadu,2021-12-29
CUST000272,Arunima,Som,Female,1970-10-20,darazaid@example.com,+911432300369,TFPPS0184S,XXXX-XXXX-7140,Moradabad,Kerala,2021-08-03
CUST000273,Edhitha,Panchal,Female,1986-12-06,lakshitkale@example.com,06456992279,FHJPP3641U,XXXX-XXXX-0490,Ahmednagar,Tripura,2022-12-23
CUST000274,Riya,Sibal,Female,1984-08-15,fchadha@example.org,+914241207885,LOEPS4495S,XXXX-XXXX-7007,Mehsana,Chhattisgarh,2024-08-21
CUST000275,Sai,Anand,Female,1975-07-31,vincent53@example.net,09116441948,JJYPA6320O,XXXX-XXXX-8507,Dhule,Rajasthan,2025-04-16
CUST000276,Ekani,Agate,Female,1991-02-09,biswasjonathan@example.com,+913812373562,SFZPA5818L,XXXX-XXXX-0106,Kakinada,Telangana,2025-06-01
CUST000277,Max,Pathak,Male,1960-11-05,unninayak@example.org,00316601598,IOAPP6151X,XXXX-XXXX-2588,Bihar Sharif,Manipur,2024-09-02
CUST000278,Bhavika,Wagle,Female,1990-08-18,jhaveriwidisha@example.com,0422454066,RLHPW0833O,XXXX-XXXX-4385,Patiala,Uttar Pradesh,2023-05-04
CUST000279,Vinaya,Lala,Female,1999-10-22,yashawinibora@example.net,8630926137,JVPPL9222M,XXXX-XXXX-5928,Secunderabad,Tripura,2023-02-07
CUST000280,Faraj,Bhalla,Male,2005-07-06,edhitharoy@example.net,03443269976,MPIPB9281E,XXXX-XXXX-6495,Bathinda,Sikkim,2026-06-29
CUST000281,Udant,Kalita,Male,2005-05-28,jhaveriyashodhara@example.com,05234392852,NSSPK5234B,XXXX-XXXX-3922,Durgapur,Kerala,2021-12-11
CUST000282,Ranveer,Hora,Male,1967-12-07,mravel@example.org,7056777451,CUFPH2148M,XXXX-XXXX-3910,Bangalore,Mizoram,2020-10-23
CUST000283,Tara,Oza,Female,1972-03-17,nikitasinghal@example.com,09857595468,PAKPO8844K,XXXX-XXXX-7837,Kottayam,Maharashtra,2025-05-01
CUST000284,Teerth,Dube,Male,1961-12-09,darsh99@example.net,+911020991838,MLOPD7592T,XXXX-XXXX-2125,Kota,Arunachal Pradesh,2025-07-03
CUST000285,Zansi,Devan,Female,1987-08-04,daliaridhi@example.com,7513246130,KTKPD4431E,XXXX-XXXX-8847,Purnia,Tripura,2024-09-09
CUST000286,Kiaan,Agate,Male,1975-01-31,vgole@example.com,08807354143,GCZPA8376Q,XXXX-XXXX-7083,Jaunpur,Meghalaya,2021-09-02
CUST000287,Zaid,Shan,Male,1957-10-17,rsami@example.org,+914322909181,TTZPS3990R,XXXX-XXXX-3621,Madhyamgram,Tripura,2023-10-26
CUST000288,Chaaya,Bajaj,Female,1980-07-17,vritti73@example.com,09230378990,RYRPB9514A,XXXX-XXXX-5927,Amaravati,Kerala,2020-11-13
CUST000289,Pushti,Rau,Female,1989-07-09,jhalakchatterjee@example.com,03873249298,TGVPR5114T,XXXX-XXXX-2642,Durg,Rajasthan,2022-08-12
CUST000290,Aadhya,Mistry,Female,1995-08-10,anamikakhosla@example.com,+913088339185,UZFPM9816X,XXXX-XXXX-7483,Proddatur,Jharkhand,2026-04-15
CUST000291,Ranbir,Virk,Male,1971-02-20,abaria@example.com,4829131731,EVXPV4159T,XXXX-XXXX-3411,Durg,Nagaland,2020-05-02
CUST000292,Chatura,Sule,Male,2008-05-09,ikbal85@example.net,4133997907,IUHPS3160Z,XXXX-XXXX-4048,Rohtak,Telangana,2021-10-08
CUST000293,Pallavi,Virk,Female,2003-05-12,maharajchaman@example.org,+918376756228,EEHPV2945B,XXXX-XXXX-0658,Navi Mumbai,Nagaland,2026-01-30
CUST000294,Lila,Sidhu,Female,1994-04-06,fiyazkaur@example.org,00900543432,LDMPS8637Q,XXXX-XXXX-6297,Nagaon,Himachal Pradesh,2025-12-02
CUST000295,Wahab,Pillay,Male,1962-01-06,omishasandhu@example.net,09264407497,TGAPP4992V,XXXX-XXXX-6013,Aurangabad,Tripura,2024-07-26
CUST000296,Libni,Kamdar,Female,1968-04-01,varsha00@example.org,03191641282,LOPPK1343Q,XXXX-XXXX-5025,Bhind,Tripura,2020-09-24
CUST000297,Deepa,Thaker,Female,1996-12-21,shivansh40@example.net,8393081692,PDGPT4480Q,XXXX-XXXX-8285,Siwan,West Bengal,2024-06-30
CUST000298,Teerth,Sha,Male,1987-07-30,khoslavrishti@example.net,+910094158279,GFPPS5977Y,XXXX-XXXX-3460,Noida,Chhattisgarh,2024-07-29
CUST000299,Varsha,Kanda,Female,1968-05-10,ssankaran@example.com,+917406156767,ECDPK5081P,XXXX-XXXX-4608,Morbi,Rajasthan,2024-10-12
CUST000300,Vamakshi,Ahluwalia,Female,1996-11-05,guptapushti@example.org,+914788730251,GCOPA5792G,XXXX-XXXX-1647,Nizamabad,Punjab,2022-05-17
CUST000301,Geetika,Bhargava,Female,1964-01-15,xiti17@example.org,+919664395642,YYTPB6058Y,XXXX-XXXX-0768,Nangloi Jat,Sikkim,2024-06-13
CUST000302,Anita,Ahluwalia,Female,1980-05-08,yash52@example.net,7657098006,AFKPA0381F,XXXX-XXXX-0382,Akola,Meghalaya,2021-02-26
CUST000303,Abhimanyu,Bahri,Male,1960-09-21,chakradev73@example.net,01661701753,MDOPB9963M,XXXX-XXXX-1786,Karaikudi,Haryana,2023-06-01
CUST000304,Avni,Rastogi,Female,2004-04-27,kabir90@example.org,+916504287800,HXKPR2608D,XXXX-XXXX-4612,Gopalpur,Telangana,2020-08-30
CUST000305,Aarush,Ramachandran,Male,2000-06-21,kadakiatamanna@example.org,00647745925,HOSPR4654T,XXXX-XXXX-6260,Dehri,Telangana,2020-12-22
CUST000306,Daksh,D’Alia,Male,2002-05-07,yashoda63@example.net,4279517292,JTYPD5381V,XXXX-XXXX-0317,Salem,Arunachal Pradesh,2022-11-13
CUST000307,Yamini,Thaman,Female,1975-11-03,logan93@example.org,+918562039072,NYMPT1926R,XXXX-XXXX-3065,Bhubaneswar,Uttar Pradesh,2024-11-20
CUST000308,Jalsa,Narain,Female,1970-07-30,chawlavyanjana@example.org,5335456388,HHGPN3201X,XXXX-XXXX-7353,Kalyan-Dombivli,Andhra Pradesh,2024-08-08
CUST000309,Hema,Gara,Female,2001-10-01,nathzayyan@example.org,01767258475,UXAPG4414Y,XXXX-XXXX-4073,Narasaraopet,Karnataka,2021-12-31
CUST000310,Sanya,Chaudry,Female,2002-03-01,tristan38@example.net,5871913210,HRCPC2755S,XXXX-XXXX-3154,Guwahati,Telangana,2023-04-10
CUST000311,Nihal,Randhawa,Male,1958-06-06,xchana@example.com,08747937044,PGVPR2964N,XXXX-XXXX-6466,Panihati,Kerala,2021-05-19
CUST000312,Forum,Upadhyay,Female,2004-01-28,zmutti@example.org,2343295819,LDPPU7606K,XXXX-XXXX-5480,Tadepalligudem,Sikkim,2024-08-22
CUST000313,Viraj,Minhas,Male,2007-01-11,idoshi@example.net,3538066793,DXRPM9951K,XXXX-XXXX-1544,Kharagpur,Nagaland,2025-10-05
CUST000314,Siddharth,Batta,Male,1969-05-08,ebhatt@example.com,+919124874536,HZNPB1194I,XXXX-XXXX-4640,Sonipat,Bihar,2024-03-15
CUST000315,Ishani,Tailor,Female,1962-04-12,npradhan@example.com,+919066607638,ZVVPT0475M,XXXX-XXXX-6998,Warangal,Gujarat,2020-07-07
CUST000316,Vasana,Jani,Female,1994-08-23,chakrikalall@example.net,7705808103,LDBPJ3753Y,XXXX-XXXX-1471,Aurangabad,Karnataka,2020-04-17
CUST000317,Chanchal,Bath,Female,1997-02-26,wakeetabansal@example.com,03240400654,FTKPB4143M,XXXX-XXXX-8221,Tadipatri,Jharkhand,2026-03-12
CUST000318,Indali,Barad,Female,1968-07-26,rsandhu@example.org,01335873989,BLAPB9267V,XXXX-XXXX-1246,Phusro,Tamil Nadu,2024-05-23
CUST000319,Theodore,Naidu,Male,1980-01-05,soniekbal@example.com,05790745785,VYKPN2598L,XXXX-XXXX-5262,Eluru,Chhattisgarh,2021-05-11
CUST000320,David,Buch,Male,2005-09-15,advik12@example.org,2213556586,QSKPB5278F,XXXX-XXXX-1145,Deoghar,Sikkim,2021-06-27
CUST000321,Dalaja,Dey,Female,1959-04-18,somsamaksh@example.net,+914999843740,XXRPD0049B,XXXX-XXXX-3864,Vellore,Kerala,2020-08-18
CUST000322,Tripti,Pandit,Female,1968-03-14,ganesanmekhala@example.org,8144731523,JNTPP2109L,XXXX-XXXX-0514,Dhule,Assam,2023-10-09
CUST000323,Azaan,Om,Male,1974-05-15,dshah@example.com,06607321200,QRZPO8757G,XXXX-XXXX-0077,Orai,Himachal Pradesh,2025-11-15
CUST000324,Anirudh,Issac,Male,1982-06-14,urvashichanda@example.org,4262290842,JSJPI6037Z,XXXX-XXXX-9092,Kanpur,Jharkhand,2021-07-26
CUST000325,Megha,Natt,Female,1975-07-05,pratyush17@example.org,+912089710583,PGPPN7757N,XXXX-XXXX-5689,Fatehpur,Goa,2025-03-30
CUST000326,Vidhi,Loyal,Female,1977-11-18,xde@example.com,+918405295839,YKAPL2886C,XXXX-XXXX-7964,New Delhi,Karnataka,2023-07-11
CUST000327,Osha,Banik,Female,2007-02-20,psidhu@example.net,3550622082,JWOPB0242O,XXXX-XXXX-0016,Indore,Assam,2021-12-07
CUST000328,Abha,Ram,Female,1968-06-27,indrajithalder@example.com,06787843861,SOLPR3433Z,XXXX-XXXX-2208,Barasat,Nagaland,2022-07-16
CUST000329,Dominic,Prakash,Male,1967-11-05,wyattpalla@example.net,06797934652,GNOPP7057R,XXXX-XXXX-9965,Tiruppur,Tripura,2021-07-08
CUST000330,Alexander,Sant,Male,1974-03-27,asule@example.net,05459709491,QBBPS8169A,XXXX-XXXX-1933,Aurangabad,Meghalaya,2026-06-15
CUST000331,Onveer,Sani,Male,1977-10-21,ektaprabhu@example.com,02161178533,PRJPS2930Z,XXXX-XXXX-8075,Chandigarh,Himachal Pradesh,2021-06-13
CUST000332,Warhi,Nadig,Female,1999-08-29,xkale@example.org,7037935213,GPEPN0256A,XXXX-XXXX-6252,Orai,Arunachal Pradesh,2020-01-10
CUST000333,Urmi,Desai,Female,2000-06-02,xalaksankar@example.com,+910801614015,MFLPD2223F,XXXX-XXXX-4403,Munger,Uttar Pradesh,2025-12-16
CUST000334,Manthan,Deshmukh,Male,1958-11-22,zachariahchampak@example.com,06431086615,CSQPD9035M,XXXX-XXXX-3100,Bidar,Tripura,2023-03-21
CUST000335,Maanav,Suresh,Male,1963-09-17,imaran52@example.org,07848792419,IYVPS0768Y,XXXX-XXXX-5481,Motihari,Bihar,2024-07-26
CUST000336,Advika,Kapadia,Female,1959-09-09,harrisonkeer@example.net,+912223733565,XWHPK9877F,XXXX-XXXX-2858,Guwahati,Himachal Pradesh,2026-07-22
CUST000337,Daksha,Deol,Female,1987-03-25,panditindali@example.org,9316875306,KMYPD6366H,XXXX-XXXX-0084,Bongaigaon,Manipur,2024-09-09
CUST000338,Om,Sodhi,Male,1987-07-16,fdoctor@example.org,2026279062,NGEPS5241C,XXXX-XXXX-2363,Darbhanga,Rajasthan,2022-11-22
CUST000339,Oscar,Mani,Male,1956-04-08,ratwal@example.org,+912765362493,JNBPM0387D,XXXX-XXXX-9215,Karimnagar,Kerala,2020-05-29
CUST000340,Reva,Date,Female,1998-01-29,yohannantripti@example.net,8068998195,VMVPD0327U,XXXX-XXXX-5815,Ajmer,Odisha,2024-07-23
CUST000341,Faqid,Ramakrishnan,Male,1956-06-26,hmann@example.org,+914015839754,ITQPR3387M,XXXX-XXXX-8661,Firozabad,Rajasthan,2024-03-26
CUST000342,Yashodhara,Ramanathan,Female,1982-12-25,samakshbhandari@example.net,05855887307,NQBPR4426J,XXXX-XXXX-9536,Dehri,Haryana,2022-04-28
CUST000343,Zarna,Raghavan,Female,1979-08-21,jasonmisra@example.net,4412894486,UOWPR6959F,XXXX-XXXX-8129,Tadepalligudem,Maharashtra,2025-09-17
CUST000344,Hiral,Rajagopal,Female,1993-11-13,atharvdubey@example.com,8485563741,TROPR3984N,XXXX-XXXX-1278,Kharagpur,Uttarakhand,2026-07-21
CUST000345,Fiyaz,Jha,Male,1989-04-15,ahayer@example.net,8287307554,VYCPJ9495V,XXXX-XXXX-6943,Bangalore,Haryana,2023-10-30
CUST000346,Bhanumati,Bhatnagar,Female,1999-11-23,kapoordevika@example.org,+910307492559,GVJPB3242N,XXXX-XXXX-0863,Jaunpur,Himachal Pradesh,2024-12-08
CUST000347,Abeer,Nagar,Male,1986-06-01,sanaya33@example.com,+916516854743,YNCPN2512E,XXXX-XXXX-9703,Guntakal,Sikkim,2025-02-12
CUST000348,Zaid,Bhandari,Male,2004-01-07,maurora@example.org,+914655300526,BFAPB8317M,XXXX-XXXX-2902,Rampur,Goa,2021-09-14
CUST000349,Amrita,Bhandari,Female,2003-07-02,osharma@example.com,0721602848,XOOPB5150Q,XXXX-XXXX-4438,Saharanpur,Telangana,2021-01-10
CUST000350,Neelima,Sharma,Female,1993-03-04,nidhi78@example.com,+916151528491,VKOPS7336X,XXXX-XXXX-5630,Hospet,Haryana,2020-03-07
CUST000351,Siya,Maharaj,Female,1964-06-23,hkothari@example.org,04237111652,AMMPM4327O,XXXX-XXXX-2500,Arrah,Rajasthan,2023-06-09
CUST000352,William,Saini,Male,1996-03-18,qganesh@example.net,+911820812015,COOPS3287O,XXXX-XXXX-0140,Bhind,Jharkhand,2023-10-16
CUST000353,Krisha,Hayre,Female,2001-04-26,dakshapandya@example.org,07086742804,LRGPH6166L,XXXX-XXXX-4334,Mau,Telangana,2023-12-30
CUST000354,Banjeet,Bandi,Male,1974-05-16,enarang@example.org,2576148420,JMZPB6084T,XXXX-XXXX-5329,Jaunpur,Mizoram,2025-01-03
CUST000355,Darpan,Jha,Male,1975-12-21,isanghvi@example.net,6052587547,DGZPJ6965M,XXXX-XXXX-3117,Kirari Suleman Nagar,Nagaland,2025-02-01
CUST000356,Ria,Parsa,Female,1971-11-12,mandaluke@example.com,9404604156,DHOPP3682E,XXXX-XXXX-6449,Ramgarh,Rajasthan,2024-01-11
CUST000357,Rohan,Natarajan,Male,1986-06-27,deepviraj@example.org,7638775462,ARIPN0836T,XXXX-XXXX-2292,Sagar,Gujarat,2024-03-08
CUST000358,Gavin,Savant,Male,1994-08-04,enaidu@example.org,03440403391,SLSPS5720Z,XXXX-XXXX-0479,Jammu,Bihar,2026-06-09
CUST000359,Zashil,Khanna,Male,1968-10-27,panditanirudh@example.org,+910248642145,WVJPK9010F,XXXX-XXXX-1538,Dibrugarh,Bihar,2024-10-17
CUST000360,Vanya,Bahri,Female,2000-03-24,dakshadara@example.net,+911227364223,UOFPB1645U,XXXX-XXXX-2100,Bilaspur,Arunachal Pradesh,2024-12-22
CUST000361,Chakradhar,Gara,Male,1986-03-31,hemangzacharia@example.org,8364521671,KVGPG4219H,XXXX-XXXX-6121,Buxar,Kerala,2023-08-30
CUST000362,Yochana,Shanker,Female,1992-02-28,msathe@example.org,5698148503,JSUPS6560D,XXXX-XXXX-1835,Gurgaon,Telangana,2021-06-04
CUST000363,Wakeeta,Bhalla,Female,1973-11-25,gautam08@example.net,09279108624,KNPPB0608W,XXXX-XXXX-4295,Warangal,Punjab,2021-12-27
CUST000364,Chanakya,Korpal,Male,1968-04-19,dassanirudh@example.com,03889546988,UDZPK0978Q,XXXX-XXXX-1405,Bhusawal,Arunachal Pradesh,2022-04-02
CUST000365,Jonathan,Ratta,Male,2003-12-23,deepagrewal@example.net,03326152309,KXYPR2703I,XXXX-XXXX-7495,Malegaon,Jharkhand,2026-02-07
CUST000366,Daksh,Mandal,Male,1992-11-04,benjamin45@example.org,5756760317,CNBPM4513E,XXXX-XXXX-0157,Bardhaman,Jharkhand,2020-05-03
CUST000367,Advaith,Verma,Male,1958-03-10,alexanderbera@example.com,+914601327487,JPUPV1201M,XXXX-XXXX-9014,Pune,Mizoram,2020-02-07
CUST000368,Leena,Sridhar,Female,1996-04-02,joommen@example.org,06543911934,PTSPS7005R,XXXX-XXXX-9283,Jhansi,Uttar Pradesh,2020-07-31
CUST000369,Damyanti,Gupta,Female,1960-08-14,oliveriyer@example.com,05348029218,JATPG4790N,XXXX-XXXX-0987,Mau,Uttarakhand,2021-08-22
CUST000370,Yashodhara,Malhotra,Female,1988-03-28,nrege@example.com,8607807161,EYLPM6674X,XXXX-XXXX-0710,Ichalkaranji,Andhra Pradesh,2021-06-26
CUST000371,Amara,Saha,Female,1956-09-16,ekantika71@example.com,3382991490,CKEPS8068H,XXXX-XXXX-7941,Phusro,Chhattisgarh,2024-12-16
CUST000372,Dakshesh,Chand,Male,2001-07-12,prishadugar@example.org,02652601911,HVXPC3825Q,XXXX-XXXX-8982,Hindupur,Meghalaya,2021-05-20
CUST000373,David,Dayal,Male,1989-02-15,rayaan93@example.com,06242283668,CFMPD5472C,XXXX-XXXX-4895,Karimnagar,Odisha,2020-06-02
CUST000374,Ayaan,Bail,Male,1970-06-14,saijoshi@example.net,+919728401094,ZLQPB0662A,XXXX-XXXX-5403,Rajpur Sonarpur,Tamil Nadu,2023-09-15
CUST000375,Raghav,Sekhon,Male,1976-03-16,garima24@example.org,+911046824700,ALWPS8858F,XXXX-XXXX-4539,Kulti,Chhattisgarh,2025-01-02
CUST000376,Advaith,Kadakia,Male,1997-09-05,vprabhakar@example.org,7605914376,ICUPK3408I,XXXX-XXXX-3594,Proddatur,Haryana,2023-09-23
CUST000377,Jatin,Varughese,Male,1977-08-02,aprasad@example.org,1810729687,YVVPV7783E,XXXX-XXXX-0972,Madanapalle,Rajasthan,2020-10-28
CUST000378,Warjas,Sura,Male,2000-12-15,om73@example.org,+915471789517,QRLPS8396C,XXXX-XXXX-0502,Sikar,Haryana,2022-10-31
CUST000379,Max,Mukherjee,Male,1991-10-12,daraadvay@example.org,3575216038,YVKPM9838O,XXXX-XXXX-6973,Salem,Kerala,2025-08-20
CUST000380,Damini,Venkatesh,Female,1973-01-27,maya91@example.net,+919555894301,FSSPV9615W,XXXX-XXXX-5093,Erode,Tamil Nadu,2020-09-11
CUST000381,Gautam,Bora,Male,1969-06-18,charnathan@example.org,00417349266,TWRPB2018K,XXXX-XXXX-0736,Orai,Jharkhand,2022-02-15
CUST000382,Jagvi,Parmer,Female,1991-09-08,hchopra@example.net,2280139784,YCPPP9180A,XXXX-XXXX-9654,Kadapa,Meghalaya,2020-11-10
CUST000383,Radhika,Shankar,Female,1977-09-30,bwalia@example.net,8361879506,PGFPS5913T,XXXX-XXXX-8685,Aurangabad,West Bengal,2020-07-09
CUST000384,Xalak,Jayaraman,Female,1968-12-15,vihaan26@example.org,1571969039,GWJPJ3845W,XXXX-XXXX-7247,Orai,Gujarat,2024-09-02
CUST000385,Nidhi,Kibe,Female,1964-05-27,advikdhar@example.net,9334210909,ZTMPK1038Q,XXXX-XXXX-2252,Guwahati,West Bengal,2025-01-18
CUST000386,Sanaya,Naidu,Female,1988-02-14,ckhare@example.net,9488172871,RSXPN2738E,XXXX-XXXX-8270,Ichalkaranji,Goa,2023-08-23
CUST000387,Yoshita,Ben,Female,1966-02-05,madhavipanchal@example.com,+917501380795,THZPB5529V,XXXX-XXXX-8913,Jabalpur,Meghalaya,2021-12-29
CUST000388,Bahadurjit,Ganesh,Male,1986-06-15,zmemon@example.org,08959252160,NYWPG9421V,XXXX-XXXX-5280,Varanasi,Meghalaya,2025-01-31
CUST000389,Aachal,Varkey,Female,1973-06-25,ravelqabil@example.net,09990732709,NNDPV1421F,XXXX-XXXX-4279,Tadipatri,Maharashtra,2023-10-08
CUST000390,Qadim,Chopra,Male,1984-12-31,bajwaudant@example.org,06613795697,GHUPC5676W,XXXX-XXXX-5351,Mango,Rajasthan,2020-12-20
CUST000391,Harinakshi,Koshy,Female,1995-03-01,ibassi@example.com,0656061620,MZQPK5650B,XXXX-XXXX-1926,Raichur,Kerala,2026-07-05
CUST000392,Warinder,Balakrishnan,Male,1972-11-04,riya52@example.com,1343739228,EVNPB7158K,XXXX-XXXX-1395,Begusarai,Telangana,2024-07-03
CUST000393,Triya,Om,Female,1962-06-24,riamisra@example.org,07322450649,WNQPO8138S,XXXX-XXXX-4232,Rourkela,Odisha,2023-07-16
CUST000394,Saumya,Chana,Female,1966-01-23,nadigyadavi@example.com,03107387423,NLEPC8334Y,XXXX-XXXX-2261,Ramagundam,Haryana,2021-10-04
CUST000395,Chanakya,Ben,Male,2003-02-19,gautampillai@example.net,+916843610915,LXPPB1676U,XXXX-XXXX-0750,Chinsurah,Jharkhand,2020-07-03
CUST000396,Samarth,Kohli,Male,1971-10-21,choudharyalexander@example.org,+917368342576,UTXPK9590E,XXXX-XXXX-3596,Pali,Odisha,2021-10-02
CUST000397,Manbir,Sant,Male,1967-04-27,hayerbaljiwan@example.com,05049654445,MWTPS8290K,XXXX-XXXX-4554,Noida,Nagaland,2022-08-07
CUST000398,Champak,Bhavsar,Male,1970-03-15,walivaishnavi@example.org,5798282206,JNAPB7080Y,XXXX-XXXX-4977,Karawal Nagar,Odisha,2020-09-25
CUST000399,Qadim,Iyer,Male,1958-10-19,umang80@example.org,+917761102734,JRGPI2875Q,XXXX-XXXX-3711,Panipat,Rajasthan,2026-06-16
CUST000400,Patrick,Ganguly,Male,1996-01-19,joshua55@example.net,9822296211,SAVPG8847V,XXXX-XXXX-5059,Bardhaman,Arunachal Pradesh,2023-12-14
CUST000401,Netra,Loyal,Female,1972-11-08,thakkarishita@example.net,04588638345,DMSPL7340B,XXXX-XXXX-4455,Mango,Haryana,2022-01-29
CUST000402,Ekantika,Bansal,Female,1990-06-08,gautam34@example.net,05734093318,MWPPB4818A,XXXX-XXXX-4142,Malegaon,Madhya Pradesh,2024-09-28
CUST000403,Brinda,Bal,Female,2000-09-24,hemanisagar@example.com,3650219958,LLOPB8396B,XXXX-XXXX-2267,Tirupati,Haryana,2024-10-30
CUST000404,Udyati,Din,Female,1959-06-15,auroravasana@example.org,6811243294,XRPPD6456Q,XXXX-XXXX-3612,Aurangabad,Bihar,2020-07-06
CUST000405,Upma,Sahota,Female,1989-12-04,jaggikashish@example.com,1619058003,WOXPS9748J,XXXX-XXXX-9872,Kamarhati,Jharkhand,2023-08-31
CUST000406,Qushi,Bahl,Female,1965-11-25,ojasdewan@example.com,02742011746,AQTPB4203F,XXXX-XXXX-6497,Shahjahanpur,Andhra Pradesh,2025-05-14
CUST000407,Teerth,Dugar,Male,1983-05-12,anjaliboase@example.net,09884853228,CDDPD7870B,XXXX-XXXX-4352,Anand,Uttar Pradesh,2025-05-13
CUST000408,Yash,Bhandari,Male,1996-07-08,jacob91@example.net,05986367886,UHQPB8372R,XXXX-XXXX-1199,Ajmer,Assam,2023-08-14
CUST000409,Ronith,Dewan,Male,2002-11-10,arinravel@example.net,+911526682486,STRPD7335I,XXXX-XXXX-5946,Siliguri,Jharkhand,2022-06-30
CUST000410,Aishani,Dhawan,Female,1969-11-21,kaurvasatika@example.net,+917831061848,LMTPD9933G,XXXX-XXXX-0459,Ahmednagar,Assam,2024-07-31
CUST000411,Ekaraj,Kohli,Male,1973-10-02,aanne@example.org,01939183762,HRJPK6732S,XXXX-XXXX-9594,Akola,Meghalaya,2025-10-18
CUST000412,Ranveer,Dyal,Male,1994-12-01,meghanadalal@example.net,9994541242,ZWXPD6297U,XXXX-XXXX-8399,Mango,Arunachal Pradesh,2021-08-01
CUST000413,Omaja,Barad,Female,1968-07-25,aarna09@example.com,05307304013,VDBPB0561Q,XXXX-XXXX-7856,Kavali,Odisha,2025-12-19
CUST000414,Harshil,Kala,Male,1973-02-15,nirja35@example.org,9935052793,ADDPK6397E,XXXX-XXXX-7874,Bhavnagar,Uttar Pradesh,2022-12-08
CUST000415,Ishwar,Atwal,Male,1993-07-29,sacharkavya@example.com,+916174836502,DQSPA9471F,XXXX-XXXX-6782,Bhatpara,Haryana,2025-07-28
CUST000416,Ekansh,Tandon,Male,1970-06-29,gulatiishwar@example.org,03100960509,VEHPT2055Q,XXXX-XXXX-9186,Amroha,Assam,2022-12-19
CUST000417,Priya,Menon,Female,2002-01-12,oscar71@example.com,02455278818,MVZPM1366V,XXXX-XXXX-7582,Korba,Tamil Nadu,2026-05-19
CUST000418,Mekhala,Grover,Female,2005-08-06,balhaar84@example.com,05911642686,FTNPG5756Y,XXXX-XXXX-3874,Siwan,Punjab,2026-03-29
CUST000419,Dalaja,Hayre,Female,1983-08-16,leela91@example.net,+917542459634,QOMPH4999X,XXXX-XXXX-8272,Machilipatnam,Telangana,2020-03-22
CUST000420,Jagdish,Ramachandran,Male,1975-07-04,mohammed25@example.com,07858131607,GHMPR0591A,XXXX-XXXX-1306,Buxar,Odisha,2021-02-05
CUST000421,Varsha,Barad,Female,1958-04-28,anvi53@example.com,9332194043,OEQPB5149F,XXXX-XXXX-6426,Mahbubnagar,Mizoram,2025-11-17
CUST000422,Yashodhara,Dixit,Female,1960-08-06,jananinarang@example.org,+917572318970,FULPD9498B,XXXX-XXXX-6606,Salem,Assam,2025-02-07
CUST000423,Jackson,Banik,Male,1994-08-24,nagarajanbachittar@example.org,+919896762201,PLYPB1058C,XXXX-XXXX-6897,Ujjain,Odisha,2022-08-16
CUST000424,Faras,Menon,Male,1956-04-03,xiyengar@example.org,5452996804,BGSPM1592E,XXXX-XXXX-1431,Ulhasnagar,Punjab,2023-05-05
CUST000425,Jeremiah,Raman,Male,1974-08-02,xnayar@example.net,+917604718832,BDUPR4019Z,XXXX-XXXX-3255,Vijayawada,Himachal Pradesh,2025-10-17
CUST000426,Deepa,Pathak,Female,1968-10-25,nachiketsharma@example.org,+918981378960,NIWPP8125U,XXXX-XXXX-4212,Akola,Madhya Pradesh,2020-12-25
CUST000427,Nihal,Rattan,Male,1957-04-02,gaviniyer@example.org,0669445282,FFSPR3596T,XXXX-XXXX-4617,Ramagundam,Tripura,2022-03-29
CUST000428,Sanaya,Dasgupta,Female,1971-06-26,natarajannathan@example.com,09452458340,RBLPD6610K,XXXX-XXXX-6516,Bijapur,Goa,2025-06-16
CUST000429,Wishi,Tank,Female,1995-05-18,deolshaurya@example.net,08373243616,UUOPT7849H,XXXX-XXXX-6633,Tenali,Nagaland,2024-01-22
CUST000430,Robert,Patla,Male,2002-06-13,ybhalla@example.com,+915121732554,MNFPP6040L,XXXX-XXXX-7330,Gaya,Odisha,2022-01-19
CUST000431,Veer,Bhatt,Male,1998-06-22,dsoni@example.org,00384739971,OSZPB9542W,XXXX-XXXX-3848,Katni,Andhra Pradesh,2022-03-17
CUST000432,Ikshita,Nadig,Female,1983-06-10,seshadriishita@example.net,5726272280,PJQPN5504O,XXXX-XXXX-5019,Pondicherry,Punjab,2025-07-04
CUST000433,Yutika,Pau,Female,1982-01-08,gillbalhaar@example.com,1452861296,EEMPP0766F,XXXX-XXXX-2404,Sangli-Miraj & Kupwad,Himachal Pradesh,2020-07-20
CUST000434,Thomas,Aggarwal,Male,1971-06-25,raopooja@example.com,1039905928,FQNPA5518U,XXXX-XXXX-3841,Gudivada,Himachal Pradesh,2024-04-29
CUST000435,Praneel,Mitter,Male,1977-01-11,varughesedevika@example.com,08566951376,FCUPM2877H,XXXX-XXXX-0022,Bellary,Assam,2022-07-08
CUST000436,Om,Swaminathan,Male,1967-08-18,dkorpal@example.net,07645257437,QMYPS5549B,XXXX-XXXX-9517,Madhyamgram,Rajasthan,2023-01-23
CUST000437,Zarna,Cheema,Female,1977-07-28,sunderamrita@example.net,05854437892,FRBPC8018G,XXXX-XXXX-3329,Bhimavaram,Mizoram,2023-06-27
CUST000438,Girindra,Dara,Male,1955-12-19,jananikale@example.org,+910644603414,NIUPD8840Z,XXXX-XXXX-0991,Motihari,Goa,2026-02-23
CUST000439,Omisha,Anand,Female,1975-02-05,william91@example.org,6207966633,YDKPA1719I,XXXX-XXXX-6774,Kozhikode,West Bengal,2025-08-30
CUST000440,Neel,Shukla,Male,1981-07-21,tchoudhry@example.net,+911122798346,SLEPS0548E,XXXX-XXXX-1223,Kochi,Maharashtra,2020-01-06
CUST000441,Urvi,Ravi,Female,1996-01-20,balayashvi@example.com,+919044418873,ZJWPR4063R,XXXX-XXXX-2544,Lucknow,Nagaland,2026-07-19
CUST000442,Hritik,Sekhon,Male,1968-09-07,guharajata@example.org,5316040757,DBHPS0201Y,XXXX-XXXX-8308,Danapur,Manipur,2021-06-24
CUST000443,Irya,Misra,Female,1975-06-24,eiravatibahl@example.com,9791589446,ECTPM7975B,XXXX-XXXX-2201,Raichur,Rajasthan,2023-02-09
CUST000444,Odika,Dada,Female,1982-08-16,jalsa37@example.com,00867153846,XRIPD8163J,XXXX-XXXX-6770,Danapur,Jharkhand,2024-08-21
CUST000445,Jagdish,Vohra,Male,1987-07-06,jeremiah16@example.org,09653630069,WNTPV6745L,XXXX-XXXX-5607,Bhimavaram,Chhattisgarh,2022-01-09
CUST000446,Jalsa,Naidu,Female,1970-03-15,girindra62@example.com,3292269750,LNDPN8339Q,XXXX-XXXX-2292,Jamnagar,Assam,2025-04-18
CUST000447,Siddharth,Sandal,Male,1991-09-01,kvohra@example.org,06366496328,LUWPS2027T,XXXX-XXXX-9630,Mangalore,Himachal Pradesh,2022-11-03
CUST000448,Unni,Patla,Female,1977-02-12,laban75@example.org,05201642632,VSRPP2324Q,XXXX-XXXX-1838,Mumbai,Karnataka,2021-12-02
CUST000449,Kavya,Kapadia,Female,1959-04-04,rohanvohra@example.net,+910664171813,AKMPK2277Y,XXXX-XXXX-9529,Serampore,Meghalaya,2022-10-04
CUST000450,Eshana,Wagle,Female,1999-10-12,bassifinn@example.com,4806708812,LFQPW3172D,XXXX-XXXX-8351,Kottayam,Gujarat,2020-02-14
CUST000451,Siddharth,Johal,Male,1977-10-05,nirja20@example.net,1777802753,FNUPJ5474P,XXXX-XXXX-8502,Ahmednagar,Uttar Pradesh,2024-03-21
CUST000452,Ekta,Chopra,Female,1982-04-08,raghavanmitali@example.net,06807732728,UBHPC6928H,XXXX-XXXX-6203,Erode,Karnataka,2021-04-04
CUST000453,Kavya,Master,Female,1991-12-19,chandani35@example.org,3530925937,ABGPM4549W,XXXX-XXXX-3706,Erode,Odisha,2025-11-03
CUST000454,Ekani,Talwar,Female,1973-11-04,dgarg@example.net,05201567679,MSYPT3078X,XXXX-XXXX-9738,Ghaziabad,Arunachal Pradesh,2025-10-31
CUST000455,Xalak,Chawla,Female,1956-05-30,jackson37@example.org,1208123532,IAUPC0765G,XXXX-XXXX-5391,Baranagar,Karnataka,2025-03-29
CUST000456,Yash,Din,Male,1961-12-06,wshah@example.net,+919569562741,OFXPD1004N,XXXX-XXXX-4288,Bilaspur,Telangana,2022-07-25
CUST000457,Bhavika,Dhawan,Female,1994-05-19,zaitra80@example.net,1586325730,TVUPD1596D,XXXX-XXXX-8921,Alwar,Rajasthan,2022-07-18
CUST000458,Teerth,Ganesan,Male,1963-12-04,warhi62@example.com,06276787639,YJPPG6198X,XXXX-XXXX-2551,Barasat,Karnataka,2021-11-25
CUST000459,Jagat,Sathe,Male,2005-04-05,samakshtrivedi@example.org,00997458325,EIJPS1700L,XXXX-XXXX-3834,Pondicherry,Bihar,2025-05-13
CUST000460,Anvi,Cherian,Female,1987-12-18,ekantikachanda@example.org,+910523037444,HEGPC6232S,XXXX-XXXX-6830,Cuttack,Madhya Pradesh,2025-11-25
CUST000461,Chandran,Naik,Male,1975-08-21,chawlaridhi@example.org,0275028959,DLQPN2985J,XXXX-XXXX-2700,Guntakal,Chhattisgarh,2022-05-27
CUST000462,Geetika,Chadha,Female,1957-09-28,urishillabhagat@example.net,00142571681,LYWPC6442I,XXXX-XXXX-8625,Narasaraopet,Punjab,2023-08-22
CUST000463,Dominic,Menon,Male,1964-08-23,amblebrinda@example.com,00227054648,NEBPM3022A,XXXX-XXXX-3726,Singrauli,Tripura,2021-01-08
CUST000464,Liam,Bir,Male,2002-08-05,aadiwason@example.com,01560650811,HFOPB7133O,XXXX-XXXX-1401,Rampur,Gujarat,2025-07-08
CUST000465,Jagvi,Prashad,Female,2006-01-14,neelshankar@example.com,08076773593,BFXPP1695G,XXXX-XXXX-5786,Navi Mumbai,Tamil Nadu,2024-12-28
CUST000466,Forum,Muni,Female,1982-04-22,andraviraj@example.org,+916793247177,CHXPM5820B,XXXX-XXXX-2525,Bally,Kerala,2020-03-08
CUST000467,Ubika,Deshpande,Female,1968-06-07,turvikrish@example.net,+912800143933,DJUPD5394W,XXXX-XXXX-6937,Hospet,Andhra Pradesh,2023-10-25
CUST000468,Zinal,Dara,Female,1959-11-03,gourijaya@example.org,+918014067969,KTDPD4236R,XXXX-XXXX-2163,Bhatpara,Punjab,2020-02-10
CUST000469,Sara,Chowdhury,Female,1992-11-27,deydalbir@example.org,3982058254,RXYPC1794E,XXXX-XXXX-5056,Kochi,Uttar Pradesh,2020-10-05
CUST000470,Kamya,Mittal,Female,1961-07-27,dugarhitesh@example.com,09353598973,ZBUPM3138E,XXXX-XXXX-0837,Salem,Chhattisgarh,2025-04-18
CUST000471,Saksham,Sule,Male,1986-04-15,chakradharmanne@example.com,6955272826,VQXPS1479I,XXXX-XXXX-1012,Tadipatri,West Bengal,2026-01-21
CUST000472,Osha,Patil,Female,1963-07-14,ganeshsai@example.org,08114997740,SFZPP6048E,XXXX-XXXX-1642,Guntur,Assam,2025-03-09
CUST000473,Shaurya,Krishnan,Male,1991-05-24,virajsaran@example.com,04640988522,EHGPK9288V,XXXX-XXXX-6786,Bahraich,Assam,2025-01-20
CUST000474,Janaki,Raman,Female,1983-12-21,radhika98@example.net,3547619048,LWEPR6437P,XXXX-XXXX-4081,Raipur,Rajasthan,2022-12-18
CUST000475,Fariq,Kumar,Male,2001-09-17,xiti60@example.com,7346884301,CVDPK1653U,XXXX-XXXX-1007,Serampore,Madhya Pradesh,2020-01-08
CUST000476,Tanish,Bora,Male,1955-08-03,bchauhan@example.com,9967017175,VLQPB4564X,XXXX-XXXX-8732,Phusro,Sikkim,2020-02-17
CUST000477,Ria,Mahal,Female,1970-03-13,wpandit@example.com,06329015577,DEOPM1202Y,XXXX-XXXX-5088,Aurangabad,Manipur,2023-12-26
CUST000478,Aarnav,Kalita,Male,1965-02-01,kamyanarasimhan@example.com,03624150202,UIQPK2434L,XXXX-XXXX-6574,Belgaum,Tripura,2025-05-10
CUST000479,Megha,Chaudhary,Female,1970-11-05,vasanabedi@example.net,+918094457856,LELPC7716X,XXXX-XXXX-0819,Bellary,Nagaland,2020-02-23
CUST000480,Aadhya,Mukhopadhyay,Female,1987-11-12,chhabrajairaj@example.net,2817773996,JDLPM8983F,XXXX-XXXX-8609,Khammam,Chhattisgarh,2021-02-17
CUST000481,Aarush,Shere,Male,1989-10-24,nagibhavya@example.com,4313475173,GVOPS3965O,XXXX-XXXX-7830,Bhiwani,Jharkhand,2021-09-12
CUST000482,Ojasvi,Shukla,Female,1979-03-21,hansjoshua@example.org,6774572877,IVQPS6358U,XXXX-XXXX-4497,Kollam,Meghalaya,2025-02-28
CUST000483,Balendra,Minhas,Male,1964-10-11,baljiwan96@example.org,0704840389,ZEYPM0375Z,XXXX-XXXX-3997,Bardhaman,Odisha,2025-07-01
CUST000484,Warda,Srivastava,Female,1966-04-25,parmarradha@example.org,5038291198,YXHPS7288M,XXXX-XXXX-1279,Salem,Arunachal Pradesh,2021-07-23
CUST000485,Isha,Lall,Female,1975-11-08,hkapoor@example.net,+911262177054,VDQPL1316F,XXXX-XXXX-5395,Pudukkottai,Punjab,2022-01-25
CUST000486,Reyansh,Swamy,Male,1997-08-30,fgulati@example.com,3266834624,FFWPS7575N,XXXX-XXXX-0139,Etawah,Maharashtra,2024-06-13
CUST000487,Aarnav,Viswanathan,Male,1966-07-11,aachal34@example.com,+914716603713,WUXPV5694N,XXXX-XXXX-1622,Khora ,Uttar Pradesh,2025-10-20
CUST000488,Pushti,Mannan,Female,2001-07-04,randhawaviraj@example.com,+916575005087,AVUPM5140D,XXXX-XXXX-7451,Gaya,Sikkim,2020-06-14
CUST000489,Theodore,Deep,Male,1985-01-07,karchampak@example.org,08982894985,SNXPD7282X,XXXX-XXXX-5236,Vijayanagaram,West Bengal,2024-04-24
CUST000490,Vritti,Ramesh,Female,1973-07-28,fjani@example.com,00485333498,TYLPR4463I,XXXX-XXXX-8470,Sangli-Miraj & Kupwad,Bihar,2023-05-07
CUST000491,Maya,Batra,Female,1977-11-11,hthakkar@example.org,09680504275,COBPB3304A,XXXX-XXXX-9820,Dehri,Karnataka,2024-09-10
CUST000492,Meera,Pai,Female,1983-08-27,latagautam@example.com,7064279670,GXLPP2274I,XXXX-XXXX-5639,Ulhasnagar,Maharashtra,2023-02-25
CUST000493,Bhavika,Oommen,Female,1965-12-29,lukebora@example.net,+910329891360,GDMPO3785T,XXXX-XXXX-7384,Sagar,Rajasthan,2026-06-01
CUST000494,Edhitha,Parekh,Female,1971-03-31,samiwahab@example.net,+916119746946,CPDPP6422I,XXXX-XXXX-2098,Kottayam,Punjab,2024-09-16
CUST000495,Udyati,Nanda,Female,1991-08-09,ekavirkarpe@example.net,4041363448,YJVPN4480Z,XXXX-XXXX-7743,Hazaribagh,Karnataka,2021-06-05
CUST000496,Tanveer,Tiwari,Male,1998-10-26,bsachdev@example.com,00971213289,NMYPT9979F,XXXX-XXXX-3614,Noida,Mizoram,2025-11-20
CUST000497,Pooja,Palla,Female,1972-07-02,abeer58@example.org,1179274196,SSNPP9424T,XXXX-XXXX-2422,Raichur,Chhattisgarh,2022-11-19
CUST000498,Oni,Sridhar,Female,1975-08-21,chakradhar32@example.org,6157512840,DONPS7414U,XXXX-XXXX-5371,Maheshtala,Jharkhand,2026-06-26
CUST000499,Ojasvi,Borah,Female,1991-11-30,binatripathi@example.org,03007691423,RRYPB3223V,XXXX-XXXX-9115,Ahmednagar,Tamil Nadu,2022-02-15
CUST000500,Amara,Rajagopalan,Female,1958-08-28,joshua04@example.net,03990577657,IMEPR4225R,XXXX-XXXX-3726,Kulti,Karnataka,2020-12-09
CUST000501,Zaitra,Bora,Female,1966-06-23,priya75@example.org,+914118941689,UOJPB9592F,XXXX-XXXX-6130,Satara,Chhattisgarh,2025-09-16
CUST000502,Kritika,Kamdar,Female,1961-01-10,alka10@example.net,0744888833,BIUPK7002T,XXXX-XXXX-3334,Navi Mumbai,West Bengal,2021-05-11
CUST000503,Widisha,Mohan,Female,1965-07-05,bansalalka@example.org,+915165499668,KQYPM4139J,XXXX-XXXX-2132,Jammu,Mizoram,2025-07-02
CUST000504,Nathan,Oak,Male,2001-02-16,lhayer@example.org,03526297211,ZLVPO4157W,XXXX-XXXX-6976,Kolkata,Punjab,2021-03-15
CUST000505,Indali,Soni,Female,1993-07-14,llanka@example.net,+919268732125,QQBPS7268X,XXXX-XXXX-7752,Naihati,Uttarakhand,2023-06-09
CUST000506,Nicholas,Nagy,Male,2008-06-01,advaithhans@example.net,+917168027028,PHHPN0257P,XXXX-XXXX-5642,Nagaon,Gujarat,2024-04-19
CUST000507,Balhaar,Gandhi,Male,1991-05-09,tristan57@example.com,07648252290,OCCPG9211Q,XXXX-XXXX-2577,Morbi,Assam,2022-10-29
CUST000508,Siddharth,Koshy,Male,1999-01-01,pushtiyohannan@example.org,+911163916331,GZKPK7539Y,XXXX-XXXX-1481,Bharatpur,Rajasthan,2025-09-30
CUST000509,Charita,Zacharia,Female,1999-08-21,lsama@example.org,5169832051,JIPPZ2289J,XXXX-XXXX-5685,Yamunanagar,Nagaland,2021-10-24
CUST000510,Falguni,Pant,Female,1969-12-21,dmodi@example.org,07015844113,LQJPP2221D,XXXX-XXXX-6570,Shahjahanpur,Andhra Pradesh,2025-06-07
CUST000511,Ranveer,Nath,Male,2001-06-14,aradhanachandra@example.com,+916406107079,SQFPN2889I,XXXX-XXXX-2448,Amritsar,Uttar Pradesh,2021-03-15
CUST000512,Gaurang,Bora,Male,1985-01-09,sarnaoni@example.net,+918783831299,HTTPB6368U,XXXX-XXXX-7928,Nagaon,Assam,2024-11-30
CUST000513,Yashodhara,Garde,Female,1970-09-07,katavasudha@example.net,+914031626193,SGJPG6630E,XXXX-XXXX-7603,Deoghar,Andhra Pradesh,2025-02-16
CUST000514,Akshay,Chana,Male,1990-10-08,muniyashasvi@example.org,9339320465,MHEPC5002Q,XXXX-XXXX-1046,Firozabad,Maharashtra,2026-03-14
CUST000515,Mahika,Krish,Female,2001-10-28,sankaranishani@example.net,+912997373190,JZAPK6133C,XXXX-XXXX-8519,Amritsar,Chhattisgarh,2021-05-04
CUST000516,Atharv,Bhandari,Male,1986-04-13,tnaik@example.com,1485101877,YDLPB7614F,XXXX-XXXX-9297,Maheshtala,Tamil Nadu,2025-03-25
CUST000517,Yash,Subramaniam,Male,2003-07-05,menonjoshua@example.net,08929023066,XMCPS0914D,XXXX-XXXX-0652,Hajipur,Nagaland,2025-03-21
CUST000518,Hema,Nagar,Female,1979-06-24,nirjasha@example.net,04654652701,BFKPN2762K,XXXX-XXXX-6217,Asansol,Meghalaya,2020-03-12
CUST000519,Eesha,Rajan,Female,1963-02-04,fbakshi@example.net,04690861325,JZDPR8977Z,XXXX-XXXX-6398,Kakinada,Haryana,2024-02-03
CUST000520,Isaac,Mukhopadhyay,Male,1966-04-08,olalla@example.net,+917698633470,ESSPM7823D,XXXX-XXXX-7423,Rajpur Sonarpur,Uttarakhand,2021-03-04
CUST000521,Yochana,Zacharia,Female,1974-02-19,theodore18@example.org,0483750702,NIRPZ7144F,XXXX-XXXX-6138,Alwar,West Bengal,2026-01-04
CUST000522,Ekapad,Dewan,Male,2000-03-31,jmahajan@example.org,06111290637,RRGPD6673M,XXXX-XXXX-8852,Bhind,Uttarakhand,2022-07-01
CUST000523,Vrinda,Seth,Female,2000-06-15,dipta93@example.net,3402395794,RRQPS0952U,XXXX-XXXX-1908,Siliguri,Mizoram,2021-08-10
CUST000524,Harrison,Tara,Male,1986-07-26,anvi24@example.org,1464118225,ZZOPT5731Y,XXXX-XXXX-4110,Rajpur Sonarpur,Sikkim,2020-10-13
CUST000525,Raksha,Sathe,Female,1992-12-24,balvan06@example.org,08436686769,XVPPS0320A,XXXX-XXXX-6906,Unnao,Punjab,2023-12-05
CUST000526,Ati,Sachar,Female,1965-02-06,chaman00@example.org,+918689725419,RCJPS2800R,XXXX-XXXX-3926,Yamunanagar,Meghalaya,2024-06-30
CUST000527,Charita,Panchal,Female,1979-06-07,qbhattacharyya@example.com,+910862330879,LFDPP7435F,XXXX-XXXX-9103,Jabalpur,Sikkim,2022-01-01
CUST000528,Adya,Ganesan,Female,1967-09-11,kaulsara@example.com,6086630278,TKWPG3624O,XXXX-XXXX-7622,Khora ,Karnataka,2021-03-14
CUST000529,Tanmayi,Boase,Female,1982-01-27,bchoudhary@example.com,+911044235769,BYNPB4673L,XXXX-XXXX-4202,Muzaffarpur,Karnataka,2023-08-08
CUST000530,Warjas,Sabharwal,Male,1976-09-15,baljiwantank@example.net,09591506207,DVPPS3864X,XXXX-XXXX-2420,Ambarnath,Himachal Pradesh,2022-06-07
CUST000531,Ikshita,Rana,Female,2004-07-09,comarekantika@example.org,+917965510496,VXXPR5602J,XXXX-XXXX-0323,Dhanbad,Mizoram,2023-01-27
CUST000532,Kai,Taneja,Male,1956-03-17,panininigam@example.com,+914642390141,QFIPT4192C,XXXX-XXXX-3129,Bidar,Uttarakhand,2022-09-14
CUST000533,Jason,Nadkarni,Male,1966-08-27,orinder66@example.org,+918524173704,UFWPN8635N,XXXX-XXXX-8472,Arrah,Uttar Pradesh,2025-10-11
CUST000534,Maanav,Wagle,Male,1989-07-21,vermabhanumati@example.com,+919473286901,LAQPW5882G,XXXX-XXXX-3538,Tezpur,Chhattisgarh,2025-06-11
CUST000535,Janya,Salvi,Female,1996-02-15,ekapadbumb@example.com,+918843461059,NNYPS4655U,XXXX-XXXX-0155,Alappuzha,Assam,2021-05-17
CUST000536,Mason,Pradhan,Male,2001-03-15,yauvanibahl@example.net,05372171465,RESPP5341V,XXXX-XXXX-7154,Bhalswa Jahangir Pur,Maharashtra,2022-03-09
CUST000537,Zansi,Saha,Female,1974-11-20,dominic40@example.org,1057254685,YPBPS6757G,XXXX-XXXX-0123,New Delhi,Mizoram,2026-01-24
CUST000538,Sara,Lalla,Female,1963-05-27,warriormax@example.com,+910318714773,MUOPL3082W,XXXX-XXXX-7420,Bhiwandi,Karnataka,2023-01-29
CUST000539,Gayathri,Sandhu,Female,2001-05-16,chanderrishi@example.org,05817926149,DREPS4858U,XXXX-XXXX-6574,Gudivada,Arunachal Pradesh,2024-09-19
CUST000540,Wishi,Tailor,Female,1984-08-22,fariqwalla@example.com,8265381149,NWRPT1422T,XXXX-XXXX-8841,Pimpri-Chinchwad,Arunachal Pradesh,2022-04-10
CUST000541,Raagini,Raj,Female,1985-08-21,madhavgala@example.net,07466111119,WETPR2508F,XXXX-XXXX-0911,Madurai,Uttar Pradesh,2023-07-12
CUST000542,Gaurav,Korpal,Male,1972-08-23,qhayre@example.org,+915057918984,GWGPK1512T,XXXX-XXXX-5827,Sirsa,Meghalaya,2024-08-12
CUST000543,Vamakshi,Mahajan,Female,1970-02-08,qsengupta@example.org,+918060465634,RBHPM3042M,XXXX-XXXX-7618,Kolkata,Assam,2023-07-18
CUST000544,Madhavi,Virk,Female,2007-11-29,varenyavasa@example.net,+913566486494,FNRPV9904B,XXXX-XXXX-5711,Tirupati,Andhra Pradesh,2020-10-15
CUST000545,Aayush,Sarna,Male,1988-02-06,xchacko@example.net,8666768556,PFEPS3948X,XXXX-XXXX-0579,Ramagundam,Manipur,2025-09-18
CUST000546,Tanay,Chander,Male,1989-08-23,luckygrewal@example.com,+911516880163,TRDPC5728K,XXXX-XXXX-4513,Thanjavur,Odisha,2023-06-07
CUST000547,Chandani,Babu,Female,2007-10-06,rbarman@example.com,+918165412430,WBBPB8812Q,XXXX-XXXX-3121,Vellore,Nagaland,2024-09-07
CUST000548,Arin,Roy,Male,1985-02-17,yashvi20@example.com,+912899074401,OLDPR6854L,XXXX-XXXX-3761,Ramgarh,Manipur,2026-07-11
CUST000549,Anthony,Sem,Male,1999-12-13,ramaswamylajita@example.com,+910796072738,TVMPS8628X,XXXX-XXXX-0582,Chandigarh,Andhra Pradesh,2023-07-31
CUST000550,Ikbal,Goda,Male,2003-02-06,yashoda37@example.net,+912927993668,RZIPG9135Q,XXXX-XXXX-8298,Saharanpur,Kerala,2024-05-20
CUST000551,Chatresh,Nori,Male,1989-09-17,devansh78@example.net,+910912714268,VSEPN5411C,XXXX-XXXX-5933,Rohtak,Mizoram,2025-04-04
CUST000552,Shivani,Murty,Female,1994-07-04,chaitanya68@example.net,+918996435336,JPSPM7699R,XXXX-XXXX-1165,Bellary,Arunachal Pradesh,2025-06-05
CUST000553,Ekta,Gandhi,Female,1997-01-23,tupadhyay@example.org,9569948657,QZBPG3437T,XXXX-XXXX-6040,Bhimavaram,Telangana,2023-05-14
CUST000554,Falak,Iyengar,Female,1987-11-12,wriddhishmani@example.com,06958474985,CEWPI9830Y,XXXX-XXXX-9029,Guwahati,Uttarakhand,2022-02-10
CUST000555,Leela,Mahal,Female,1983-11-26,vedika85@example.org,0243045222,EJRPM8194V,XXXX-XXXX-5547,Nagaon,Chhattisgarh,2024-08-20
CUST000556,Jeet,Kota,Male,1970-12-30,kurianwakeeta@example.com,+911258976581,WGSPK0378I,XXXX-XXXX-5810,Mysore,Chhattisgarh,2023-07-22
CUST000557,Bimala,Handa,Female,1956-02-15,sankarannimrat@example.net,01473866944,PFEPH9313O,XXXX-XXXX-6889,Jamshedpur,Rajasthan,2023-08-18
CUST000558,Aishani,Kunda,Female,1976-05-13,girik94@example.net,06075968892,WXTPK6015A,XXXX-XXXX-7068,Tenali,Nagaland,2024-01-07
CUST000559,Viraj,Keer,Male,1989-05-23,labandoctor@example.net,08134150094,BIFPK0190K,XXXX-XXXX-2776,Kumbakonam,Assam,2025-01-01
CUST000560,Panini,Deo,Female,1993-02-26,gagan18@example.net,07356280311,MBQPD1337B,XXXX-XXXX-2138,Chennai,Madhya Pradesh,2026-03-05
CUST000561,Niharika,Patla,Female,2006-04-13,hariadvaith@example.net,+910219384410,SJXPP3573B,XXXX-XXXX-3734,Jehanabad,Mizoram,2025-05-14
CUST000562,Edhitha,Sane,Female,2004-10-29,kohlichasmum@example.com,05893132732,ACWPS6354B,XXXX-XXXX-5523,South Dumdum,Goa,2024-01-12
CUST000563,Charita,Kapur,Female,1998-03-31,keersamuel@example.org,05380679447,LSBPK9439Z,XXXX-XXXX-7218,Bokaro,Uttarakhand,2024-08-27
CUST000564,Vinaya,Grover,Female,1957-01-03,raksha10@example.com,7746496722,IBHPG6342M,XXXX-XXXX-0486,Buxar,Meghalaya,2021-06-01
CUST000565,Gagan,Dixit,Male,1975-12-23,ysaha@example.net,01052209605,XDUPD2593D,XXXX-XXXX-8096,Medininagar,Jharkhand,2021-10-12
CUST000566,Chakradhar,Uppal,Male,1981-05-22,zmand@example.com,00206622170,FQWPU6612S,XXXX-XXXX-7006,Sasaram,Odisha,2023-06-07
CUST000567,Ekta,Kade,Female,1962-01-31,sankaranyashasvi@example.net,2323738039,MKCPK4828K,XXXX-XXXX-8113,Madanapalle,Manipur,2020-12-24
CUST000568,Mohammed,Doctor,Male,1964-11-04,jackson45@example.org,05801553280,QWVPD7557T,XXXX-XXXX-1250,Ichalkaranji,Arunachal Pradesh,2021-06-10
CUST000569,Andrew,Bhasin,Male,1967-05-12,dbiswas@example.net,+910807911195,EHOPB8745T,XXXX-XXXX-0118,Muzaffarpur,Manipur,2023-08-13
CUST000570,Eesha,Nigam,Female,1956-10-15,dinvasatika@example.org,02672217321,LOIPN1790E,XXXX-XXXX-1928,Burhanpur,Tripura,2020-04-24
CUST000571,Adya,Roy,Female,1985-09-19,isha50@example.com,03021035772,KTQPR2661P,XXXX-XXXX-7248,Pimpri-Chinchwad,Telangana,2021-04-08
CUST000572,Fiyaz,Zachariah,Male,1992-07-03,osha82@example.com,8324671378,OPNPZ2911I,XXXX-XXXX-9716,Nadiad,Karnataka,2020-06-22
CUST000573,Manthan,Sanghvi,Male,2004-04-22,bseshadri@example.net,4680036008,DIBPS8474T,XXXX-XXXX-7489,Jhansi,Manipur,2024-03-08
CUST000574,Ira,Bhatt,Female,1959-03-18,yashawini15@example.net,5302587186,CRCPB2295U,XXXX-XXXX-5819,Srinagar,Odisha,2024-12-27
CUST000575,Dayita,Parsa,Female,1962-07-18,vrindasavant@example.net,+916190875557,EAMPP8602L,XXXX-XXXX-8676,Maheshtala,Goa,2025-01-16
CUST000576,Owen,Shenoy,Male,1994-10-04,nilima68@example.com,09176334472,RPIPS0808W,XXXX-XXXX-6525,Asansol,Haryana,2020-11-09
CUST000577,Ria,Pal,Female,2003-03-29,chaudharyurmi@example.org,02780242408,TENPP8977J,XXXX-XXXX-9397,Faridabad,Manipur,2025-07-08
CUST000578,Thomas,Dhar,Male,1962-08-10,raagini96@example.com,9109075984,KGMPD0835I,XXXX-XXXX-1559,Kharagpur,Uttarakhand,2024-05-28
CUST000579,Nitesh,Bath,Male,1981-12-09,lnatt@example.org,1974723751,BKZPB1673Q,XXXX-XXXX-6164,Coimbatore,Sikkim,2025-04-28
CUST000580,Devika,Parsa,Female,1972-09-29,tanay93@example.net,+919141456592,NIIPP5945V,XXXX-XXXX-1791,Davanagere,Rajasthan,2021-10-07
CUST000581,Sudiksha,Sahota,Female,1965-01-10,karnikgaurika@example.org,+917408175914,TPLPS5531V,XXXX-XXXX-0939,Faridabad,Odisha,2020-06-22
CUST000582,Isha,Yogi,Female,2002-06-02,bachittar87@example.org,+912949968632,MZVPY6765U,XXXX-XXXX-9029,Ahmedabad,Nagaland,2020-12-10
CUST000583,Urvashi,Chaudhary,Female,1979-04-21,perivasudha@example.com,+913405732195,QAUPC7960O,XXXX-XXXX-9509,Kirari Suleman Nagar,Uttarakhand,2023-07-19
CUST000584,Bahadurjit,Sethi,Male,1971-04-26,mdube@example.com,+914066072203,CPMPS8536R,XXXX-XXXX-0022,Amravati,Rajasthan,2022-02-08
CUST000585,Chaman,Oommen,Female,1970-06-26,badalomya@example.com,+915825388325,NHIPO2761Z,XXXX-XXXX-9343,Jamnagar,Assam,2025-01-22
CUST000586,Abha,Sarna,Female,1991-03-25,vedant83@example.com,+911968467806,JIVPS1527Q,XXXX-XXXX-3765,Phagwara,Rajasthan,2026-05-18
CUST000587,Robert,Sahota,Male,1991-12-16,gjhaveri@example.net,04333619221,LDLPS9053V,XXXX-XXXX-0124,Tadepalligudem,Manipur,2022-12-07
CUST000588,Gaurangi,Aggarwal,Female,1969-01-04,tejas16@example.com,+913360943323,CJAPA7398S,XXXX-XXXX-3022,Karawal Nagar,Arunachal Pradesh,2021-01-07
CUST000589,Kala,Memon,Female,1964-05-12,bawaradha@example.org,5622742887,BPKPM7966C,XXXX-XXXX-4634,Dehradun,Telangana,2023-09-19
CUST000590,Amrita,Ranganathan,Female,1966-03-18,darpanwable@example.com,2564057695,WJNPR7110L,XXXX-XXXX-1150,Katihar,Manipur,2020-11-07
CUST000591,Bachittar,Jayaraman,Male,1976-10-07,lakshitmall@example.org,+912680487676,DPUPJ3350Q,XXXX-XXXX-0897,Vijayawada,Uttar Pradesh,2024-04-14
CUST000592,Forum,Lanka,Female,1984-01-03,dde@example.org,+917827688119,CQVPL7308Z,XXXX-XXXX-8882,Surendranagar Dudhrej,Sikkim,2023-08-31
CUST000593,Zayyan,Tank,Male,1982-09-06,ichacko@example.com,03929065687,BDSPT0174D,XXXX-XXXX-6370,Bharatpur,Sikkim,2020-10-16
CUST000594,Ishwar,Rama,Male,1963-06-27,balakrishnanfariq@example.org,4052621258,WRTPR6749N,XXXX-XXXX-0507,Bardhaman,Odisha,2025-12-14
CUST000595,Vidhi,Wali,Female,1987-05-30,morarkai@example.net,6269815064,DWSPW1751G,XXXX-XXXX-4894,Jalgaon,Arunachal Pradesh,2024-07-18
CUST000596,Eshana,Jha,Female,1974-12-28,odani@example.org,+918292276533,MDZPJ1794P,XXXX-XXXX-5482,Ramgarh,West Bengal,2023-08-04
CUST000597,Kashvi,Narang,Female,1970-01-27,sharafjairaj@example.net,9817710595,LPKPN0579M,XXXX-XXXX-9358,Hyderabad,Bihar,2025-07-20
CUST000598,Jhalak,Batra,Female,2003-07-25,chandresh68@example.org,06256619844,RWVPB4837H,XXXX-XXXX-6991,Chandrapur,Jharkhand,2021-10-20
CUST000599,Wahab,Issac,Male,1998-04-30,kwali@example.net,05157656755,DEKPI3967I,XXXX-XXXX-6297,Chittoor,Odisha,2020-05-09
CUST000600,Upadhriti,Lal,Female,1991-10-09,yashawinidora@example.net,+910057266482,VRGPL8848W,XXXX-XXXX-1188,Varanasi,Punjab,2021-07-24
CUST000601,Pratyush,Tandon,Male,1958-10-14,laban24@example.com,+911604565512,QBZPT5241J,XXXX-XXXX-2973,Tumkur,Tamil Nadu,2020-04-24
CUST000602,Watika,Muni,Female,2003-01-08,yuvrajbatta@example.com,00326348105,AELPM9552Q,XXXX-XXXX-0531,Rajkot,Madhya Pradesh,2022-01-20
CUST000603,Oviya,Palan,Female,1962-06-01,prashadunnati@example.org,+914535755912,YOKPP7878J,XXXX-XXXX-8509,Karnal,Gujarat,2023-01-13
CUST000604,Falguni,Prabhu,Female,1985-01-13,noah66@example.net,00661621948,LWJPP9820G,XXXX-XXXX-6327,Mira-Bhayandar,Kerala,2023-04-06
CUST000605,Ria,Reddy,Female,1975-08-26,wkadakia@example.net,06731711209,JZDPR1017F,XXXX-XXXX-2369,Dhule,Uttarakhand,2020-07-06
CUST000606,Arin,Kala,Male,1959-06-24,pramaswamy@example.org,06679800768,VYYPK9217P,XXXX-XXXX-8535,Coimbatore,Mizoram,2021-06-13
CUST000607,Shivansh,Ranganathan,Male,2007-07-13,lankaayushman@example.com,+917177958597,NUAPR1740Z,XXXX-XXXX-1525,Arrah,Himachal Pradesh,2020-10-16
CUST000608,Radha,Pandya,Female,1972-07-27,fitan20@example.net,0729426458,ZNZPP5535V,XXXX-XXXX-4351,Bathinda,Nagaland,2025-08-26
CUST000609,Suhani,Deo,Female,1964-11-27,warriorekapad@example.net,08877062087,BOVPD5953K,XXXX-XXXX-6863,Kulti,Chhattisgarh,2025-05-16
CUST000610,Vedhika,Kibe,Female,1987-07-07,prishabedi@example.org,+916811301709,LRBPK8771V,XXXX-XXXX-9039,Bidar,Karnataka,2024-02-24
CUST000611,Tanish,Chaudhary,Male,1974-12-21,ysandhu@example.org,8256758019,XICPC0584S,XXXX-XXXX-9308,Machilipatnam,Gujarat,2023-08-27
CUST000612,Bimala,Bera,Female,1971-07-08,tankekaja@example.net,2233544510,HWCPB2276G,XXXX-XXXX-0772,Hajipur,Himachal Pradesh,2020-06-21
CUST000613,Urvi,Ramesh,Female,1999-05-07,kandaviraj@example.net,0063823040,DYKPR9121E,XXXX-XXXX-4892,Dehri,Assam,2021-11-25
CUST000614,Libni,Narayanan,Female,1958-03-13,ebhandari@example.com,08661289724,BFTPN4824Q,XXXX-XXXX-0728,Bardhaman,Arunachal Pradesh,2023-03-01
CUST000615,Rachit,Dora,Male,1959-10-18,bansaldavid@example.net,5151286044,RIVPD6757Y,XXXX-XXXX-1645,Unnao,Rajasthan,2020-05-24
CUST000616,Chasmum,Gandhi,Female,2004-08-27,rmalhotra@example.org,06328939071,BGAPG0724M,XXXX-XXXX-9430,Rajpur Sonarpur,Meghalaya,2023-06-08
CUST000617,Balendra,Gandhi,Male,1975-09-18,ukota@example.org,09323974789,EPHPG8271R,XXXX-XXXX-1014,Mira-Bhayandar,Jharkhand,2026-01-08
CUST000618,Chatura,Mukherjee,Male,1971-02-14,vidhi77@example.org,9410492039,QGTPM3708W,XXXX-XXXX-9067,Ratlam,Goa,2026-05-18
CUST000619,Zayyan,Karpe,Male,1999-08-31,ronithgulati@example.com,07031516856,HJVPK2847B,XXXX-XXXX-9734,Udupi,Arunachal Pradesh,2026-01-22
CUST000620,Dayita,Dada,Female,1964-11-25,falakwali@example.org,+918184407534,WTIPD9745Z,XXXX-XXXX-2266,Haldia,Haryana,2024-11-29
CUST000621,Naveen,Rastogi,Male,1968-07-22,kamyachander@example.net,8578514198,HKIPR3043F,XXXX-XXXX-1872,Mumbai,Karnataka,2020-08-05
CUST000622,Yauvani,Sagar,Female,1961-01-21,jnagarajan@example.net,1327354295,XJVPS0687C,XXXX-XXXX-8465,Noida,Nagaland,2026-02-01
CUST000623,Ati,Raju,Female,1990-10-14,adityacontractor@example.org,02753139396,DRIPR3047C,XXXX-XXXX-1767,Chinsurah,Telangana,2026-06-29
CUST000624,Anmol,Bobal,Male,1977-06-04,rushil05@example.com,07110130658,TFBPB9202A,XXXX-XXXX-2411,Nangloi Jat,Telangana,2020-12-18
CUST000625,Fariq,Aggarwal,Male,1972-10-18,chanagirindra@example.net,05711511927,JGNPA5008S,XXXX-XXXX-9030,Pallavaram,Haryana,2021-05-09
CUST000626,Manan,Chahal,Male,1991-06-06,tanvibose@example.com,05542237424,WQWPC4561W,XXXX-XXXX-4501,Tenali,Andhra Pradesh,2024-04-22
CUST000627,Kalpit,Vasa,Male,1959-05-31,adweta56@example.net,06988330780,QCDPV8564P,XXXX-XXXX-2959,Kulti,Maharashtra,2025-05-01
CUST000628,Falguni,Choudhury,Female,1994-08-18,rattaamruta@example.org,+917090496730,CUXPC8692F,XXXX-XXXX-5063,Barasat,Sikkim,2020-04-13
CUST000629,Nathan,Balasubramanian,Male,1959-12-31,hayeraahana@example.net,+917849770205,LBYPB0790A,XXXX-XXXX-7262,Tinsukia,Jharkhand,2022-11-05
CUST000630,Rehaan,Khalsa,Male,2000-04-09,yashguha@example.com,09219429236,IDEPK1834J,XXXX-XXXX-3513,Srinagar,Uttarakhand,2020-05-01
CUST000631,Ekansh,Muni,Male,1959-06-25,williamswaminathan@example.org,+910839702554,ZOLPM8583R,XXXX-XXXX-8508,Parbhani,Himachal Pradesh,2024-02-28
CUST000632,Yutika,Saxena,Female,1987-01-09,chaayasanghvi@example.com,9933043759,IPQPS3550C,XXXX-XXXX-9808,Rajkot,Rajasthan,2022-09-27
CUST000633,Isha,Munshi,Female,1980-03-08,suralakshmi@example.com,00238478561,PWLPM0820X,XXXX-XXXX-5479,Agra,Nagaland,2021-10-25
CUST000634,Avni,Anand,Female,1992-03-15,libnikibe@example.com,6080285372,XQSPA6776K,XXXX-XXXX-2907,Rourkela,Uttar Pradesh,2024-04-10
CUST000635,Amaira,Sarraf,Female,2001-04-20,frederickdhawan@example.com,01145685008,QSNPS4360A,XXXX-XXXX-7326,Arrah,Bihar,2026-06-14
CUST000636,Faris,Gole,Male,1978-09-15,hemangsha@example.org,+910518597270,URKPG4155J,XXXX-XXXX-1293,Bathinda,Uttar Pradesh,2022-03-12
CUST000637,Advaith,Kari,Male,1980-07-10,bahadurjit82@example.com,+910145379077,MGRPK2834K,XXXX-XXXX-4079,Gandhidham,Odisha,2024-02-11
CUST000638,Ekaja,Devan,Female,1984-09-08,bajajsaumya@example.org,04863468743,SWCPD0462Z,XXXX-XXXX-6757,Kharagpur,Arunachal Pradesh,2021-12-30
CUST000639,Sara,Shankar,Female,1970-02-13,faraj53@example.net,+914737916496,KOBPS9005X,XXXX-XXXX-7348,Bhimavaram,Himachal Pradesh,2024-03-12
CUST000640,Wazir,Maharaj,Male,1984-12-01,robertjohal@example.org,8992122535,QHMPM6725F,XXXX-XXXX-7003,Machilipatnam,Meghalaya,2023-10-06
CUST000641,Chandani,Borde,Female,1996-04-28,netra96@example.org,8859700457,AJEPB5694Q,XXXX-XXXX-3327,Kolkata,Jharkhand,2021-06-25
CUST000642,Turvi,Misra,Female,2008-04-12,falguni82@example.org,01957102988,YCEPM2695K,XXXX-XXXX-8290,Gorakhpur,Punjab,2021-01-21
CUST000643,Nathaniel,Bains,Male,1999-07-30,ekiya42@example.org,+910744171834,SZJPB2656P,XXXX-XXXX-0303,Begusarai,Uttar Pradesh,2024-09-23
CUST000644,Vrinda,Bedi,Female,1956-09-12,tanay34@example.net,2437503046,QXJPB6691B,XXXX-XXXX-7401,Asansol,Assam,2021-10-24
CUST000645,Faqid,Randhawa,Male,1978-09-16,lakshitchana@example.net,9483032113,GVVPR4103D,XXXX-XXXX-0464,Karnal,Bihar,2025-03-13
CUST000646,Neha,Pillai,Female,1980-09-16,ojasvivyas@example.org,07087522621,GDGPP5032I,XXXX-XXXX-0256,Jodhpur,Gujarat,2021-05-03
CUST000647,Janani,Chowdhury,Female,1999-02-25,isaac10@example.com,7572237229,XTFPC8843C,XXXX-XXXX-0356,Bally,Meghalaya,2025-09-12
CUST000648,Sai,Kibe,Female,2001-07-17,xitidutta@example.com,0429805256,KZZPK9077M,XXXX-XXXX-2384,Serampore,Jharkhand,2026-03-20
CUST000649,Victor,Tank,Male,1999-10-21,qarinparmar@example.com,3520916451,PGHPT6067T,XXXX-XXXX-0117,Tumkur,Punjab,2025-07-10
CUST000650,Zilmil,Suri,Female,1981-10-03,ygokhale@example.org,+910438292608,QKLPS0794L,XXXX-XXXX-1127,Tenali,Tamil Nadu,2021-09-08
CUST000651,Anika,Chaudhary,Female,2005-05-10,siyamalhotra@example.com,+910873708056,TFTPC6805D,XXXX-XXXX-0720,Hajipur,Telangana,2026-06-16
CUST000652,Jeet,Natarajan,Male,1965-06-16,murthyveda@example.org,+914859982122,EHOPN4720X,XXXX-XXXX-3768,Sirsa,Madhya Pradesh,2020-02-28
CUST000653,Tejas,Mannan,Male,1986-09-16,chanchal74@example.net,+918178287084,GUOPM9232V,XXXX-XXXX-0519,Ludhiana,Telangana,2020-01-29
CUST000654,Unnati,Ghosh,Female,1956-05-24,lkorpal@example.com,9340404058,HWGPG9774H,XXXX-XXXX-2330,Bhopal,Nagaland,2023-04-12
CUST000655,Ubika,Konda,Female,2005-08-16,bbandi@example.net,+915772061433,HKXPK9932S,XXXX-XXXX-1822,Yamunanagar,Nagaland,2022-10-25
CUST000656,Aadhya,Yohannan,Female,1961-01-25,nathan45@example.org,4467584996,MJDPY9793B,XXXX-XXXX-0257,Dindigul,Madhya Pradesh,2021-10-24
CUST000657,Reyansh,Cheema,Male,2004-09-20,neel40@example.net,+915580434864,YTSPC8309Q,XXXX-XXXX-0800,Mathura,Jharkhand,2023-08-14
CUST000658,Ikbal,Rana,Male,1964-10-21,ngrewal@example.com,04869079348,DBRPR8445U,XXXX-XXXX-5258,Tenali,Himachal Pradesh,2026-06-15
CUST000659,Ekalinga,Bala,Male,1975-01-25,yashawinibobal@example.com,+915323862391,FKLPB3011V,XXXX-XXXX-2708,Hindupur,Manipur,2023-02-27
CUST000660,Mohini,Parsa,Female,2007-05-04,dalajaparekh@example.com,5871737050,JOOPP2082E,XXXX-XXXX-6830,Deoghar,Mizoram,2025-04-10
CUST000661,Dayamai,Varghese,Female,2005-01-09,ridhi72@example.net,+916296805799,EAHPV4240D,XXXX-XXXX-9088,Sikar,Tripura,2023-04-03
CUST000662,Mitesh,Narang,Male,1977-03-18,ivyas@example.net,+915731544084,CMYPN2674H,XXXX-XXXX-4925,Jorhat,Karnataka,2020-06-23
CUST000663,Baljiwan,Patel,Male,2007-11-27,lakshitbava@example.com,+917598911098,QYKPP8161B,XXXX-XXXX-1681,Kirari Suleman Nagar,Rajasthan,2020-07-05
CUST000664,Chatresh,Mangal,Male,2003-08-28,gaurikaparsa@example.com,+911207777288,RBOPM4715U,XXXX-XXXX-6729,Mathura,Gujarat,2021-03-03
CUST000665,Arin,Sunder,Male,1958-12-30,sbali@example.com,01866799911,ITYPS3507H,XXXX-XXXX-8646,Madanapalle,Uttar Pradesh,2020-01-12
CUST000666,Falan,Chacko,Male,1967-04-29,tbhakta@example.com,00395355355,JIMPC8778Q,XXXX-XXXX-3581,Tiruppur,Tripura,2022-10-26
CUST000667,Idika,Rastogi,Female,1996-08-16,gavinchandran@example.net,+916027638574,IZSPR1188W,XXXX-XXXX-9450,Chandigarh,Rajasthan,2021-04-16
CUST000668,Girindra,Gupta,Male,1980-08-15,csabharwal@example.org,6036574360,XDHPG7973P,XXXX-XXXX-2065,Sikar,Nagaland,2021-12-04
CUST000669,Lila,Bandi,Female,1958-03-02,jasmit18@example.net,0694487188,NRFPB2247B,XXXX-XXXX-8038,Morbi,Nagaland,2022-12-09
CUST000670,Daniel,Prabhu,Male,1991-10-08,dadaindrajit@example.net,4033942365,CBMPP7140T,XXXX-XXXX-0700,Rajpur Sonarpur,Himachal Pradesh,2020-05-29
CUST000671,Megha,Deshpande,Female,1998-03-18,emohan@example.com,+917162290157,ODIPD6569K,XXXX-XXXX-0542,Munger,Rajasthan,2020-10-28
CUST000672,Brinda,Bandi,Female,2007-12-27,osarna@example.com,9421967115,QTYPB6962W,XXXX-XXXX-2212,Mira-Bhayandar,Bihar,2026-06-13
CUST000673,Praneel,Oak,Male,1956-02-10,naksh22@example.net,06715213088,RFTPO0307Z,XXXX-XXXX-8714,Pimpri-Chinchwad,Arunachal Pradesh,2022-08-24
CUST000674,Oscar,Kala,Male,1956-10-02,urvashibahl@example.com,1471353829,BOLPK1656T,XXXX-XXXX-6834,Siliguri,Punjab,2022-10-06
CUST000675,Harish,Prabhu,Male,1999-04-01,ddalia@example.org,4333445559,OQHPP2676T,XXXX-XXXX-6005,Ajmer,Bihar,2024-09-05
CUST000676,Udarsh,Pai,Male,2003-04-21,ojasvimandal@example.net,+914847175600,AAIPP6342W,XXXX-XXXX-6587,Bhind,Karnataka,2026-02-22
CUST000677,Charles,Korpal,Male,1972-07-29,ridhi80@example.com,02242796321,RWVPK0832F,XXXX-XXXX-3525,Dhanbad,Rajasthan,2020-12-23
CUST000678,Zinal,Edwin,Female,1958-06-25,valaalexander@example.com,+915735107171,KIMPE1325V,XXXX-XXXX-0071,Tezpur,Manipur,2026-04-15
CUST000679,Wridesh,Minhas,Male,2007-02-15,misragirish@example.org,09872455018,APHPM3181R,XXXX-XXXX-3567,Adoni,Sikkim,2023-01-24
CUST000680,Lakshmi,Acharya,Female,1959-05-26,ryanthaman@example.org,8548041997,TSWPA8850T,XXXX-XXXX-6581,Srikakulam,Andhra Pradesh,2023-08-05
CUST000681,Maanav,Kala,Male,1974-02-01,aarush92@example.com,+919526805211,NFHPK4142S,XXXX-XXXX-9332,Raichur,Bihar,2022-04-14
CUST000682,Samuel,Das,Male,1999-04-04,unagi@example.net,2559936827,ISWPD8621C,XXXX-XXXX-3059,Kavali,Himachal Pradesh,2024-04-22
CUST000683,Upkaar,Bassi,Male,1987-10-19,janujakashyap@example.net,02714935352,MYAPB0060O,XXXX-XXXX-0934,Vellore,Manipur,2020-09-04
CUST000684,Ojasvi,Dyal,Female,1965-05-08,riyamutti@example.com,6682962620,KPAPD0618V,XXXX-XXXX-9094,Noida,Jharkhand,2025-10-04
CUST000685,Arunima,Lanka,Female,1960-12-23,upall@example.net,+919075844148,TVIPL6000O,XXXX-XXXX-8203,Pimpri-Chinchwad,Arunachal Pradesh,2024-05-02
CUST000686,Isha,Gola,Female,2006-11-01,yadavibala@example.net,09789792212,FGMPG2544U,XXXX-XXXX-1728,Rajpur Sonarpur,Himachal Pradesh,2021-11-20
CUST000687,Lavanya,Chand,Female,1957-10-20,lbuch@example.org,3832097846,SKRPC2083V,XXXX-XXXX-6014,Suryapet,Kerala,2023-04-03
CUST000688,Ayaan,Sant,Male,1988-10-22,mahalgautami@example.net,06978016846,EEKPS2268L,XXXX-XXXX-2791,Hajipur,Mizoram,2025-10-23
CUST000689,Qushi,Shah,Female,1991-11-14,warinder60@example.com,07359319677,MFVPS4323H,XXXX-XXXX-1213,Muzaffarpur,Rajasthan,2024-09-01
CUST000690,Dalaja,Agate,Female,1995-02-25,ynarasimhan@example.org,2981074420,OTTPA8698O,XXXX-XXXX-6477,Davanagere,Bihar,2021-04-28
CUST000691,Edhitha,Talwar,Female,1962-07-30,xwalia@example.com,8487281243,LZZPT8837P,XXXX-XXXX-9144,Anantapur,Nagaland,2021-10-19
CUST000692,Warjas,Tank,Male,1968-03-07,koshyadya@example.net,02510801889,EKKPT3685P,XXXX-XXXX-8873,Hazaribagh,Assam,2026-07-17
CUST000693,Faras,Barad,Male,1992-08-19,shivani08@example.com,0777458258,VZOPB5945N,XXXX-XXXX-4235,Kakinada,Gujarat,2020-08-05
CUST000694,Sai,Din,Female,1981-03-04,isehgal@example.com,6525172440,VAAPD8087S,XXXX-XXXX-4887,Salem,Gujarat,2020-10-21
CUST000695,Yashoda,Maharaj,Female,1983-08-11,georgevora@example.com,+918909271108,CMHPM8461T,XXXX-XXXX-2672,Ujjain,Tripura,2024-11-21
CUST000696,Advika,Keer,Female,1963-11-03,vgoswami@example.net,04826811966,IKAPK9485D,XXXX-XXXX-0265,Bharatpur,Haryana,2023-04-14
CUST000697,Daksha,Narang,Female,1986-11-10,qasimbadal@example.net,3744783371,AIEPN9342L,XXXX-XXXX-7628,Orai,Assam,2021-04-21
CUST000698,Balvan,Aggarwal,Male,1981-12-22,nathadya@example.net,+913724480127,XQDPA3229G,XXXX-XXXX-6500,Bhilai,Tamil Nadu,2024-10-05
CUST000699,Azad,Raju,Male,1971-10-12,sekhonbhavya@example.net,00571357823,FWEPR0320C,XXXX-XXXX-6597,Kollam,Madhya Pradesh,2021-02-14
CUST000700,Bhavya,Kalita,Female,1963-03-13,xjhaveri@example.com,5245651316,LOLPK5579N,XXXX-XXXX-3438,Yamunanagar,Maharashtra,2021-06-03
CUST000701,Pranav,Chana,Male,1974-05-08,leena90@example.net,01661941128,IPVPC5261V,XXXX-XXXX-6049,Bellary,Telangana,2025-06-16
CUST000702,Tejas,Boase,Male,2004-11-12,odesai@example.net,6099652003,PECPB9231Q,XXXX-XXXX-4034,Bilaspur,Uttarakhand,2024-01-27
CUST000703,Pratyush,Dube,Male,1968-12-11,pranav23@example.com,+916618698791,UITPD7522Q,XXXX-XXXX-1108,Noida,Chhattisgarh,2026-03-13
CUST000704,Maanas,Gala,Male,1979-05-26,venkateshpanini@example.org,+914017316921,GWRPG5373T,XXXX-XXXX-6997,Tirupati,Arunachal Pradesh,2026-07-23
CUST000705,Hemani,Balay,Female,1964-09-11,wkala@example.com,+910787156308,JHIPB8904S,XXXX-XXXX-1688,Ghaziabad,Telangana,2023-07-14
CUST000706,Joshua,Murty,Male,1970-06-22,pallacharita@example.org,+918585581800,NQXPM5720I,XXXX-XXXX-3921,Salem,Andhra Pradesh,2025-10-09
CUST000707,Anamika,Oza,Female,1982-06-19,onveer84@example.com,7724363927,ZOFPO6950B,XXXX-XXXX-5332,Navi Mumbai,Uttarakhand,2023-06-27
CUST000708,Azad,Morar,Male,1965-09-23,pavanichar@example.org,5974418278,EVJPM8312F,XXXX-XXXX-1340,Alwar,Assam,2023-11-07
CUST000709,Varsha,Ganesh,Female,1988-03-14,wakeeta28@example.com,03377524382,YIFPG4052L,XXXX-XXXX-6603,Nadiad,Mizoram,2022-01-30
CUST000710,Chaaya,Venkataraman,Female,1998-05-24,sbalan@example.net,4761571083,WFYPV1414I,XXXX-XXXX-0563,Eluru,Tripura,2021-08-05
CUST000711,Aashi,Kapadia,Female,1977-06-20,palanarjun@example.net,+915070885314,FURPK8961C,XXXX-XXXX-2776,Amaravati,Himachal Pradesh,2026-02-03
CUST000712,Ekapad,Tandon,Male,1994-12-28,jvyas@example.net,03091429855,XAEPT2159F,XXXX-XXXX-0413,Farrukhabad,Uttar Pradesh,2020-01-03
CUST000713,Nitesh,Viswanathan,Male,1974-12-21,bachittar79@example.com,3777391891,KEFPV7194R,XXXX-XXXX-0838,Jehanabad,West Bengal,2021-12-23
CUST000714,Caleb,Ram,Male,1955-08-01,jkohli@example.com,08813201098,NINPR1044N,XXXX-XXXX-1988,Suryapet,Punjab,2024-10-18
CUST000715,Kamala,Vala,Female,1971-02-10,garima28@example.net,8641296682,WROPV3777Q,XXXX-XXXX-7946,Dehri,Gujarat,2024-05-25
CUST000716,Dhruv,Varma,Male,1972-08-22,dayamaisuri@example.com,6969501346,QZRPV0598F,XXXX-XXXX-3868,Serampore,Rajasthan,2026-03-17
CUST000717,Jagvi,Bava,Female,1982-05-19,kjain@example.net,6634059664,TJLPB8433G,XXXX-XXXX-2824,Vellore,Meghalaya,2022-08-19
CUST000718,Odika,Kaur,Female,2007-10-16,gaurang07@example.net,8967397359,IVOPK2222L,XXXX-XXXX-8515,Tirunelveli,Rajasthan,2024-11-21
CUST000719,Hemang,Joshi,Male,2005-12-16,wdalia@example.org,8089278276,HIAPJ5265Q,XXXX-XXXX-6286,Yamunanagar,Nagaland,2023-09-03
CUST000720,Deepa,Hayer,Female,1967-10-22,bkata@example.org,07768565348,UXHPH7409M,XXXX-XXXX-5464,Ratlam,Kerala,2024-12-07
CUST000721,Harita,Walla,Female,1967-10-12,wsarraf@example.net,03840919832,DTMPW2311V,XXXX-XXXX-2680,Gulbarga,Manipur,2025-10-26
CUST000722,Ladli,Sandhu,Female,2006-06-03,yatin50@example.org,07917008941,PEPPS0304Q,XXXX-XXXX-4592,Jalandhar,Goa,2022-11-07
CUST000723,Leela,Das,Female,1983-08-31,bailtanmayi@example.org,2095169288,RKEPD4824U,XXXX-XXXX-0276,Jorhat,Telangana,2020-01-24
CUST000724,Abha,Sood,Female,1957-09-23,gpandya@example.org,+911875851856,RQLPS2476T,XXXX-XXXX-6748,Kalyan-Dombivli,Uttar Pradesh,2023-05-18
CUST000725,Abhimanyu,Natarajan,Male,1993-09-26,ojasvibasu@example.net,+914720202185,YPNPN4960U,XXXX-XXXX-1035,Dibrugarh,Mizoram,2020-12-08
CUST000726,Vritti,Buch,Female,2007-02-28,gagankanda@example.net,8186858842,RGFPB0973Y,XXXX-XXXX-5316,Ghaziabad,Manipur,2025-01-24
CUST000727,Zayyan,Palla,Male,1971-12-17,banjeetmemon@example.org,+917533275224,MSVPP6438N,XXXX-XXXX-2635,Rampur,Telangana,2021-07-08
CUST000728,Aadi,Dixit,Male,1974-07-02,darshbhatt@example.net,03466336480,XPZPD5441N,XXXX-XXXX-7187,Chittoor,Jharkhand,2024-08-02
CUST000729,Deepa,Karnik,Female,1981-03-10,barkha10@example.org,7542267488,ZGFPK8563E,XXXX-XXXX-9577,Bijapur,Uttar Pradesh,2025-01-05
CUST000730,Gautami,Goel,Female,2005-09-15,onveerraja@example.com,00898083764,EOWPG0851T,XXXX-XXXX-1478,Jalandhar,Uttar Pradesh,2021-03-22
CUST000731,George,Parmar,Male,1971-07-09,barkha98@example.org,02297009714,OFEPP2450K,XXXX-XXXX-8320,Srikakulam,Maharashtra,2023-08-05
CUST000732,Upasna,Tak,Female,1975-02-17,daraazaan@example.com,+919734101861,ONKPT5474T,XXXX-XXXX-6912,Rajpur Sonarpur,Gujarat,2022-01-28
CUST000733,Aarini,Mohan,Female,1970-08-11,dasnakul@example.com,+918432798787,FDTPM7493K,XXXX-XXXX-3775,Uluberia,Karnataka,2024-08-04
CUST000734,Indira,Iyer,Female,2002-10-07,mishrarishi@example.org,05741040559,ESFPI6673J,XXXX-XXXX-6023,Solapur,Telangana,2022-10-20
CUST000735,Ishita,Kannan,Female,1973-08-07,rakshakakar@example.org,+918707568786,EYXPK8890E,XXXX-XXXX-9332,Dehri,Tamil Nadu,2024-12-07
CUST000736,Daniel,Kade,Male,1973-02-02,chandwriddhish@example.org,6984904165,PQPPK8739I,XXXX-XXXX-2702,Bikaner,Tamil Nadu,2022-10-16
CUST000737,Jalsa,Hans,Female,1959-04-06,siddharth10@example.org,8384158655,MTFPH7982D,XXXX-XXXX-4253,Bathinda,Telangana,2026-05-26
CUST000738,Zashil,Deep,Male,1967-07-24,sharmavrishti@example.com,1496501665,OCZPD5808L,XXXX-XXXX-2883,Indore,Mizoram,2020-08-06
CUST000739,Vyanjana,Nadkarni,Female,1977-07-25,deshpandereyansh@example.org,08692673248,GFLPN2747B,XXXX-XXXX-0966,Hosur,Gujarat,2026-07-21
CUST000740,Pranav,Krishnamurthy,Male,1957-02-05,shivani51@example.com,01062243630,IIEPK2541X,XXXX-XXXX-0334,Chittoor,Arunachal Pradesh,2022-06-26
CUST000741,Hemang,Doshi,Male,1969-06-12,mannanyuvraj@example.org,+914870531023,XNMPD1506L,XXXX-XXXX-0515,Shahjahanpur,Nagaland,2024-04-19
CUST000742,Chatresh,Arora,Male,1982-09-08,nitaranarasimhan@example.net,2360601168,KKIPA7165E,XXXX-XXXX-0110,Kamarhati,Meghalaya,2025-07-25
CUST000743,Yutika,Dave,Female,1962-05-02,chanddarpan@example.org,8795394345,ODEPD9591X,XXXX-XXXX-2785,Saharsa,Rajasthan,2024-07-23
CUST000744,Yashvi,Rajan,Female,2007-02-20,anusha08@example.org,03472625218,EFWPR2724Q,XXXX-XXXX-7197,Miryalaguda,Assam,2025-05-29
CUST000745,Aarna,Goyal,Female,1964-03-26,lallvasatika@example.net,+910684887431,XHVPG6645X,XXXX-XXXX-9587,Jorhat,Telangana,2025-03-18
CUST000746,Netra,Sarin,Female,2006-09-06,mannegarima@example.com,3600430041,AWXPS7780R,XXXX-XXXX-6847,Bijapur,Jharkhand,2021-09-16
CUST000747,Madhav,Deo,Male,1995-08-23,aachal89@example.net,01490774542,WTQPD8353B,XXXX-XXXX-1455,Ulhasnagar,Arunachal Pradesh,2020-03-22
CUST000748,Qasim,Aurora,Male,1988-05-04,amarasant@example.org,06374254131,IHKPA8688W,XXXX-XXXX-3033,Jalandhar,Tamil Nadu,2023-01-25
CUST000749,Leela,Ravi,Female,1964-07-26,gnori@example.com,+919006809000,UQTPR2722D,XXXX-XXXX-1954,Saharanpur,Arunachal Pradesh,2021-12-13
CUST000750,Adweta,Grewal,Female,2006-08-27,nikitakala@example.net,08163122571,BXCPG8528P,XXXX-XXXX-7743,Bardhaman,Goa,2026-01-21
CUST000751,Champak,Sarraf,Male,1980-07-20,saranwazir@example.org,01561846606,BVOPS7332A,XXXX-XXXX-2950,Muzaffarnagar,Odisha,2026-05-09
CUST000752,Nachiket,Ahluwalia,Male,1959-07-15,xtiwari@example.com,+910582116301,NKEPA4308E,XXXX-XXXX-7582,Varanasi,Bihar,2023-10-13
CUST000753,Pallavi,Deol,Female,1991-04-28,anirudhpalla@example.org,04960703356,SFSPD9401T,XXXX-XXXX-8718,Burhanpur,Mizoram,2024-06-18
CUST000754,Yagnesh,Biswas,Male,2008-02-12,uparsa@example.org,8837345963,PLCPB8408Y,XXXX-XXXX-3812,Lucknow,Kerala,2023-01-13
CUST000755,Vedhika,Sagar,Female,1960-11-17,semgeetika@example.org,+914619953128,MFBPS4672K,XXXX-XXXX-8046,Morbi,Tripura,2026-03-08
CUST000756,Eshana,Shukla,Female,1958-08-13,sarkarnirja@example.net,+917298501587,ZBEPS8650X,XXXX-XXXX-6370,Vadodara,Maharashtra,2026-07-10
CUST000757,Gautam,Dutta,Male,1962-06-15,vanshasachdev@example.net,7426597740,UHUPD8530J,XXXX-XXXX-6273,Amaravati,Maharashtra,2020-08-18
CUST000758,Owen,Khatri,Male,1992-09-08,amrutatella@example.com,+919439588175,WQBPK7030N,XXXX-XXXX-9424,Katni,Meghalaya,2024-05-21
CUST000759,Abhimanyu,Korpal,Male,1993-07-22,baljiwan65@example.org,04256543386,HJCPK4856V,XXXX-XXXX-6942,Baranagar,Chhattisgarh,2024-05-03
CUST000760,Anmol,Patla,Male,1955-12-30,aadichand@example.com,01196939424,DDGPP9218E,XXXX-XXXX-2424,Chittoor,West Bengal,2024-02-07
CUST000761,Rachita,Raman,Female,1965-01-16,jaggisaksham@example.org,8751864912,GLNPR3160Y,XXXX-XXXX-3930,Hospet,Arunachal Pradesh,2026-06-27
CUST000762,Bimala,Karpe,Female,1972-11-16,mitalikeer@example.org,+910819880373,XNUPK1535O,XXXX-XXXX-9068,Tinsukia,Rajasthan,2020-01-26
CUST000763,Gaurika,Bath,Female,1976-08-16,anyabadal@example.org,05125518150,CUEPB3402U,XXXX-XXXX-1988,Gorakhpur,Tamil Nadu,2023-05-02
CUST000764,Balendra,Nori,Male,1956-07-01,yganguly@example.net,9512390821,GDQPN3012H,XXXX-XXXX-2484,Bettiah,Uttarakhand,2021-06-29
CUST000765,Bimala,Dar,Female,2001-06-10,oprasad@example.com,+919561002461,BAJPD3079G,XXXX-XXXX-7181,Hosur,Tripura,2024-10-07
CUST000766,Krisha,Ahluwalia,Female,1956-03-12,gminhas@example.net,04394617173,GGCPA3626H,XXXX-XXXX-4467,Buxar,Gujarat,2025-06-14
CUST000767,Shaurya,Gandhi,Male,2007-07-16,kondaaachal@example.org,+910972903718,PZYPG1539F,XXXX-XXXX-8814,Rajahmundry,Manipur,2024-02-29
CUST000768,Wakeeta,Bhardwaj,Female,1994-02-08,wmodi@example.net,6719243172,RAKPB5890D,XXXX-XXXX-4039,Nashik,Tripura,2020-09-16
CUST000769,Inaya,Gara,Female,1983-09-17,dayamaisamra@example.com,+911997185523,HFCPG7709R,XXXX-XXXX-7368,Arrah,Odisha,2021-10-17
CUST000770,Wishi,Kadakia,Female,1962-09-24,paniniborah@example.net,+913983517672,AZRPK5505Z,XXXX-XXXX-9910,Alappuzha,Uttar Pradesh,2024-12-25
CUST000771,Ishaan,Grewal,Male,1963-10-21,darika00@example.net,7740265804,OZHPG0087S,XXXX-XXXX-4400,Bally,Assam,2024-08-22
CUST000772,Chasmum,Roy,Female,1956-01-24,sameshmisra@example.com,+914774458032,UTKPR8296G,XXXX-XXXX-1163,Tadepalligudem,Assam,2023-06-18
CUST000773,Ishanvi,Bora,Female,1994-07-12,krishnanavi@example.com,8731801743,USTPB2006R,XXXX-XXXX-4690,Ambala,Maharashtra,2023-03-12
CUST000774,Tara,Narasimhan,Female,1985-05-13,dayitaagate@example.com,00206482623,FSVPN4263B,XXXX-XXXX-2883,Maheshtala,Gujarat,2025-12-31
CUST000775,Rayaan,Bahri,Male,1994-01-03,sundaramumang@example.net,8379470272,QZAPB4927H,XXXX-XXXX-2970,Etawah,Punjab,2025-10-11
CUST000776,Jeet,Sunder,Male,1963-11-29,anthonyacharya@example.com,+914947393420,TGUPS5683N,XXXX-XXXX-9429,Gandhidham,Karnataka,2023-03-23
CUST000777,Noah,Savant,Male,1990-03-10,bhardwajharini@example.net,1719681675,QDPPS3780J,XXXX-XXXX-2264,Nashik,Odisha,2026-05-24
CUST000778,Yutika,Suresh,Female,1967-03-14,amruta37@example.org,0889246895,VAGPS6821T,XXXX-XXXX-9048,Morena,Tripura,2026-07-02
CUST000779,Chanchal,Yogi,Female,1978-10-06,thanda@example.com,4965234175,BAIPY2314H,XXXX-XXXX-3224,Sonipat,Maharashtra,2025-04-08
CUST000780,Urvi,Kibe,Female,1970-04-01,damini50@example.net,0788818212,FYSPK9255D,XXXX-XXXX-6656,Udupi,Nagaland,2022-10-29
CUST000781,Upkaar,Aurora,Male,1972-04-29,luthraatharv@example.com,+919602094751,XIZPA8107A,XXXX-XXXX-9530,Karnal,Manipur,2020-11-10
CUST000782,Dipta,Dash,Female,1981-09-29,yashawini01@example.org,5653927738,RIVPD8078A,XXXX-XXXX-5264,Firozabad,Mizoram,2021-01-27
CUST000783,Lavanya,Varghese,Female,1976-07-18,ydua@example.org,+915195119461,PDDPV9961U,XXXX-XXXX-4317,Khammam,Assam,2023-07-02
CUST000784,Udyati,Devan,Female,1992-11-28,nakul55@example.com,06851004118,NHVPD2873F,XXXX-XXXX-3342,Ongole,Jharkhand,2026-03-30
CUST000785,Harita,Yohannan,Female,1981-09-19,anthonybanerjee@example.net,+910512722305,DYZPY3572S,XXXX-XXXX-6801,Haridwar,Arunachal Pradesh,2022-05-28
CUST000786,Chakradev,Pant,Male,2003-12-22,prasadchakradev@example.com,04090989265,WEKPP1583P,XXXX-XXXX-1719,Anantapur,Sikkim,2020-08-19
CUST000787,Bhavna,Venkataraman,Female,1987-12-25,psandal@example.net,0245923657,PUIPV1386V,XXXX-XXXX-0963,Katihar,Sikkim,2024-02-06
CUST000788,Aryan,Shanker,Male,2008-04-22,anamika64@example.org,04784753106,AGEPS7710Z,XXXX-XXXX-6414,Ambarnath,Gujarat,2025-03-30
CUST000789,Keya,Basak,Female,1956-05-23,irya83@example.org,1433205455,XWNPB0567S,XXXX-XXXX-6307,Anand,Kerala,2020-01-07
CUST000790,Panini,Keer,Female,1992-04-19,edhithakar@example.com,09230629848,MEUPK2482S,XXXX-XXXX-2683,Naihati,Bihar,2026-04-12
CUST000791,Januja,Baral,Female,1969-03-03,pvarghese@example.org,02503578495,FWRPB9032O,XXXX-XXXX-6080,Suryapet,Punjab,2020-10-16
CUST000792,Sudiksha,Gupta,Female,1974-09-24,naveen67@example.com,04473188562,ODWPG5412B,XXXX-XXXX-7608,Junagadh,Odisha,2022-04-11
CUST000793,Maanas,Raju,Male,1969-01-31,ijayaparikh@example.com,9258271743,AKFPR5084G,XXXX-XXXX-8009,Begusarai,Andhra Pradesh,2022-07-02
CUST000794,Avi,Rajagopal,Male,1975-09-24,farhankhanna@example.org,02069924977,HYIPR8572D,XXXX-XXXX-2299,Jamnagar,Nagaland,2020-05-26
CUST000795,Unnati,Deep,Female,2007-05-17,dhaliwalyashvi@example.org,08852435112,USZPD9192M,XXXX-XXXX-7895,Bhopal,Uttar Pradesh,2021-02-23
CUST000796,Vamakshi,Dugar,Female,1974-03-13,vihaan90@example.net,+910163213028,VUXPD3811A,XXXX-XXXX-5442,Danapur,Andhra Pradesh,2023-11-17
CUST000797,Anika,Gour,Female,1989-07-14,yochana18@example.net,05891231068,DKTPG7334S,XXXX-XXXX-9682,Bhusawal,Karnataka,2025-03-22
CUST000798,Ekta,Hans,Female,2000-01-08,plad@example.org,8429787428,UTDPH8386B,XXXX-XXXX-8238,Ahmednagar,Arunachal Pradesh,2021-11-19
CUST000799,Jackson,Dugal,Male,1970-06-13,thakerneelima@example.org,+910647323029,KZKPD6764E,XXXX-XXXX-9758,Bidar,Chhattisgarh,2024-11-13
CUST000800,Ayush,Sekhon,Male,2005-12-14,pallarishi@example.com,+910429904819,EKFPS2439K,XXXX-XXXX-0126,Dewas,Chhattisgarh,2022-07-02
CUST000801,Gopal,Boase,Male,2001-12-31,xavier62@example.net,0529181945,BCBPB3596F,XXXX-XXXX-3103,Dehradun,Andhra Pradesh,2020-08-02
CUST000802,Idika,Prashad,Female,1957-08-02,turvi70@example.net,+911492044514,EXNPP0985T,XXXX-XXXX-5754,Belgaum,Madhya Pradesh,2024-09-10
CUST000803,Jeremiah,Mane,Male,2006-04-12,aryaprabhu@example.org,+917057926995,MSYPM0453P,XXXX-XXXX-5686,Aligarh,West Bengal,2025-03-02
CUST000804,Abeer,Kadakia,Male,1987-09-08,jaggisarthak@example.org,6308636377,QWNPK1724U,XXXX-XXXX-0136,Bhilai,Haryana,2026-03-10
CUST000805,Gunbir,Wadhwa,Male,1989-01-13,bishakha58@example.org,08509376959,SEOPW4704H,XXXX-XXXX-5965,Aligarh,Punjab,2021-07-19
CUST000806,Dhriti,Mahajan,Female,1989-02-21,jhapranit@example.com,00988983255,ZYHPM0637I,XXXX-XXXX-4644,Sagar,Telangana,2023-01-25
CUST000807,Ekalinga,Doctor,Male,1987-10-13,barya@example.org,+913442534311,NVKPD2117S,XXXX-XXXX-0223,Dewas,Arunachal Pradesh,2020-12-15
CUST000808,Keya,Nagy,Female,1991-07-11,sarinupasna@example.net,+910374148776,DVCPN4715P,XXXX-XXXX-0230,Nagercoil,Odisha,2022-05-18
CUST000809,Netra,Rana,Female,1986-04-24,teerthchopra@example.net,9959404304,FWAPR5739V,XXXX-XXXX-3632,Tiruvottiyur,Punjab,2021-04-25
CUST000810,Yachana,Chaudhari,Female,1960-05-09,goswamifarhan@example.net,3180927217,ZSFPC9777F,XXXX-XXXX-8725,Dindigul,Kerala,2023-11-06
CUST000811,Dhruv,Natarajan,Male,1959-03-08,barkha32@example.net,03169868403,FOEPN6647D,XXXX-XXXX-9822,Berhampur,Uttarakhand,2022-01-13
CUST000812,Ishita,Kumer,Female,1989-11-02,ronithrai@example.net,05911999787,LCPPK2677Q,XXXX-XXXX-5986,Delhi,Punjab,2024-07-06
CUST000813,Falan,Ben,Male,2003-12-19,karpeyauvani@example.net,08422281693,BEQPB1774M,XXXX-XXXX-7762,Aurangabad,Gujarat,2024-08-27
CUST000814,Kabir,Buch,Male,1956-10-12,qmittal@example.com,07935108467,MCSPB8177Z,XXXX-XXXX-0029,Machilipatnam,Tripura,2022-09-16
CUST000815,Charles,Shroff,Male,2007-05-10,msami@example.net,00476227505,UGUPS4574W,XXXX-XXXX-0808,Jabalpur,Gujarat,2024-06-01
CUST000816,Wyatt,Choudhry,Male,1990-11-21,dhingrawarhi@example.com,08559287898,VUWPC2508U,XXXX-XXXX-0930,Thanjavur,Haryana,2020-06-22
CUST000817,Damyanti,Raman,Female,1967-02-19,viswanathananmol@example.net,+911112204013,IBSPR1856N,XXXX-XXXX-2964,Bangalore,Meghalaya,2023-08-24
CUST000818,Aradhana,Kade,Female,2004-02-22,ukumar@example.com,6674705361,WFWPK1655Z,XXXX-XXXX-0954,Visakhapatnam,Maharashtra,2021-03-18
CUST000819,Onveer,Tripathi,Male,1962-10-31,issacchasmum@example.com,06814429658,OCCPT5449N,XXXX-XXXX-3454,Coimbatore,Jharkhand,2024-09-19
CUST000820,Anmol,Soman,Male,1994-03-19,gargjasmit@example.com,+918119658311,GHTPS2968W,XXXX-XXXX-1074,Kottayam,Andhra Pradesh,2026-04-04
CUST000821,Zinal,Mohan,Female,1997-05-20,jeet69@example.net,1498430224,CWDPM6573K,XXXX-XXXX-6318,Loni,Punjab,2020-07-08
CUST000822,Jonathan,Sahni,Male,2000-12-10,mdate@example.net,05707317643,LQPPS1260F,XXXX-XXXX-1570,Hospet,Goa,2024-12-08
CUST000823,Garima,Deshmukh,Female,1978-12-10,pchawla@example.com,6947498981,AFZPD5696P,XXXX-XXXX-6715,Srinagar,Telangana,2025-12-07
CUST000824,Falguni,Arora,Female,2004-04-10,manitimothy@example.com,5739200448,POSPA1769G,XXXX-XXXX-1493,Ahmedabad,Meghalaya,2025-11-23
CUST000825,Manthan,Manda,Male,1984-01-04,gautami16@example.net,8394135510,QQRPM4750S,XXXX-XXXX-9762,Mau,Kerala,2020-04-19
CUST000826,Andrew,Grover,Male,1972-10-12,janya69@example.org,4182275758,NVZPG8592D,XXXX-XXXX-4297,Kulti,Arunachal Pradesh,2025-08-20
CUST000827,Edhitha,Gulati,Female,2001-05-13,xranganathan@example.org,0391801399,CMVPG4224L,XXXX-XXXX-7892,Sambalpur,Sikkim,2025-12-30
CUST000828,Amrita,Natt,Female,1977-12-15,vamakshinarula@example.net,09109166661,LIJPN8519P,XXXX-XXXX-0129,Sangli-Miraj & Kupwad,Odisha,2024-02-08
CUST000829,Gabriel,Sule,Male,2006-10-31,farasrajagopalan@example.org,+913888222928,BTIPS1112M,XXXX-XXXX-5053,Ghaziabad,Bihar,2024-05-24
CUST000830,Mohini,Raman,Female,1975-04-01,samarth89@example.org,+919976811715,KLLPR6774M,XXXX-XXXX-7259,Tiruppur,Telangana,2021-12-15
CUST000831,Amrita,Issac,Female,1966-09-14,vermabahadurjit@example.com,07202917990,FZVPI3448P,XXXX-XXXX-1519,Pondicherry,Uttar Pradesh,2022-01-12
CUST000832,Nathan,Cherian,Male,1985-10-27,chandransrinivasan@example.com,+918207838357,SVQPC1051Q,XXXX-XXXX-7023,Madanapalle,Manipur,2020-10-12
CUST000833,Lakshit,Hegde,Male,1994-08-13,ijaya26@example.com,05222072497,OAJPH8196L,XXXX-XXXX-2607,Coimbatore,Tamil Nadu,2022-10-23
CUST000834,Azad,Ganesh,Male,1972-08-15,vyanjanakeer@example.net,+915058316576,CQEPG6838A,XXXX-XXXX-5411,Sikar,Himachal Pradesh,2022-02-06
CUST000835,Zaitra,Chaudhuri,Female,1994-10-29,balveer23@example.com,05527853854,VNNPC4909Y,XXXX-XXXX-5903,Thoothukudi,Bihar,2021-09-07
CUST000836,Chakrika,Sehgal,Female,1991-10-15,psangha@example.com,05309683712,CRYPS5430O,XXXX-XXXX-0050,Alappuzha,Chhattisgarh,2023-03-26
CUST000837,Hemal,Bhandari,Female,1982-05-26,goswamiharish@example.org,+914973574609,SGRPB6935O,XXXX-XXXX-1760,Gandhinagar,Goa,2023-01-10
CUST000838,Andrew,Devan,Male,1968-05-07,nratti@example.com,+919816864939,KBBPD5231U,XXXX-XXXX-3894,Bhiwandi,Himachal Pradesh,2021-02-28
CUST000839,Omisha,Varghese,Female,1958-02-19,udoctor@example.net,08716849920,LSPPV2094K,XXXX-XXXX-1316,Gaya,Odisha,2025-06-01
CUST000840,Nitara,Korpal,Female,1980-09-25,ira48@example.com,09025315844,AYPPK4575L,XXXX-XXXX-7369,Rewa,Haryana,2025-06-05
CUST000841,Yuvraj,Dyal,Male,1981-07-01,advaithgulati@example.com,+913294007250,EJXPD3581J,XXXX-XXXX-8368,Etawah,Rajasthan,2026-04-21
CUST000842,Ridhi,Singh,Female,1989-08-19,vanyasalvi@example.com,+911999218156,ASFPS6416X,XXXX-XXXX-4713,Lucknow,Rajasthan,2025-03-25
CUST000843,Chandresh,Bala,Male,1959-10-24,zachariavedant@example.net,8355600391,DUPPB0414C,XXXX-XXXX-8612,Dibrugarh,Jharkhand,2025-02-27
CUST000844,Vedika,Bhavsar,Female,2005-09-28,aashi35@example.com,+916442418250,NZVPB9711N,XXXX-XXXX-3816,Thrissur,Chhattisgarh,2025-12-23
CUST000845,Finn,Hans,Male,2004-08-24,zrastogi@example.com,8590162248,DSZPH2509A,XXXX-XXXX-1657,Patiala,Odisha,2022-12-05
CUST000846,Rehaan,Rama,Male,1985-08-16,shaurya17@example.com,00759447756,FOTPR8787T,XXXX-XXXX-1950,Amaravati,Meghalaya,2021-12-17
CUST000847,Siddharth,Goel,Male,1991-03-29,warhi76@example.net,6801592218,HZCPG8501U,XXXX-XXXX-5954,Rampur,Jharkhand,2023-07-26
CUST000848,Faris,Sachdeva,Male,2002-11-19,damyanti09@example.org,+913532908575,POSPS7031L,XXXX-XXXX-8944,Tadepalligudem,Bihar,2024-12-15
CUST000849,Ethan,Panchal,Male,2005-12-03,ijaya82@example.com,08088271102,DDHPP1684P,XXXX-XXXX-2596,Jalna,Uttar Pradesh,2026-07-02
CUST000850,Leela,Mangal,Female,1956-12-29,siddharthghose@example.net,7179381170,TMTPM3835C,XXXX-XXXX-1656,Siliguri,Manipur,2020-08-15
CUST000851,Ekantika,Mitra,Female,2007-09-21,chatreshpuri@example.com,+910910339155,OCGPM4468O,XXXX-XXXX-2570,Kolkata,Nagaland,2020-11-27
CUST000852,Onveer,Shenoy,Male,1959-03-21,umang37@example.com,6201081137,DDJPS3582T,XXXX-XXXX-3446,Muzaffarnagar,Arunachal Pradesh,2023-12-08
CUST000853,Joshua,Zachariah,Male,1989-10-14,mandnachiket@example.net,0504766158,SKGPZ1588Y,XXXX-XXXX-3917,Mau,Tripura,2023-04-29
CUST000854,Kritika,Behl,Female,1964-05-24,igola@example.org,1984719961,FBHPB2003W,XXXX-XXXX-2733,Udaipur,Meghalaya,2024-03-23
CUST000855,Bhavini,Dora,Female,1980-12-25,tpandey@example.org,1183605430,YFAPD1581R,XXXX-XXXX-2626,Kharagpur,Himachal Pradesh,2025-03-29
CUST000856,Tristan,Ratta,Male,1958-11-14,yahvi46@example.org,9830429474,JNYPR1551O,XXXX-XXXX-2372,Ahmedabad,Arunachal Pradesh,2020-02-10
CUST000857,Daniel,Rao,Male,2004-06-20,regefinn@example.com,00013829627,ZHZPR1941Z,XXXX-XXXX-2419,Jaunpur,Sikkim,2024-07-14
CUST000858,Omaja,Ben,Female,1987-01-04,gbala@example.com,+911380231592,ZVQPB5657X,XXXX-XXXX-3386,Barasat,Sikkim,2020-10-15
CUST000859,Libni,Shankar,Female,1967-05-18,varkeyjasmit@example.net,8682086864,FIEPS5557D,XXXX-XXXX-9351,Bidar,Kerala,2022-09-22
CUST000860,Arjun,Bedi,Male,1988-04-09,vrinda95@example.com,+916433142424,XBRPB3607K,XXXX-XXXX-4287,Shimoga,Tamil Nadu,2024-03-14
CUST000861,Alka,Magar,Female,1990-02-26,qasim75@example.com,08894158421,QRNPM3542F,XXXX-XXXX-9124,Gandhinagar,West Bengal,2021-08-15
CUST000862,Nachiket,Keer,Male,1996-01-27,rattidaksh@example.com,0905393444,ISDPK9509L,XXXX-XXXX-1715,Kolhapur,Sikkim,2021-04-18
CUST000863,Manthan,Seshadri,Male,2006-07-13,shukladayamai@example.net,06371667227,FAXPS2962H,XXXX-XXXX-8059,Hyderabad,Tamil Nadu,2025-12-28
CUST000864,Yatin,Majumdar,Male,1999-11-11,alexandersarin@example.org,01271170092,WKYPM1545I,XXXX-XXXX-8959,Varanasi,Madhya Pradesh,2020-06-07
CUST000865,Onkar,Saxena,Male,1982-06-14,amarawarrior@example.org,+918463317579,SAHPS4883C,XXXX-XXXX-4759,Bokaro,Meghalaya,2020-11-05
CUST000866,Hardik,Sood,Male,1999-05-04,tanveer59@example.com,05154304344,QAVPS7262P,XXXX-XXXX-6829,Ozhukarai,Kerala,2020-07-10
CUST000867,Charles,Raj,Male,1964-06-16,solankichaitanya@example.net,04227284455,ZKJPR1939M,XXXX-XXXX-0121,Belgaum,Goa,2021-12-21
CUST000868,Nirja,Nanda,Female,1991-11-18,victor39@example.net,3380069941,ZKEPN7491C,XXXX-XXXX-0172,Salem,Gujarat,2024-10-21
CUST000869,Chatresh,Toor,Male,2001-01-22,maanaskarnik@example.com,0868208421,BDJPT5727U,XXXX-XXXX-3586,Aurangabad,Bihar,2024-11-24
CUST000870,Mekhala,Pathak,Female,1975-08-16,nilimapuri@example.com,+914173455229,YSLPP2906H,XXXX-XXXX-9113,Ludhiana,Arunachal Pradesh,2026-07-13
CUST000871,Sachi,Sandal,Female,1966-10-07,thomas25@example.org,+913967764869,FOSPS1804X,XXXX-XXXX-8411,Kirari Suleman Nagar,West Bengal,2023-01-23
CUST000872,Chavvi,Nori,Female,1989-08-11,balajagat@example.org,07965648340,CZIPN4067J,XXXX-XXXX-2946,Aizawl,Maharashtra,2022-06-19
CUST000873,Qabil,Saha,Male,1985-10-21,yashvi74@example.com,+911564820490,BWAPS8224P,XXXX-XXXX-2465,Raipur,Meghalaya,2020-12-24
CUST000874,Shaurya,Narasimhan,Male,1985-11-30,wrideshgoda@example.net,+918742304732,IJKPN5360C,XXXX-XXXX-2111,Amravati,West Bengal,2021-04-16
CUST000875,Advik,Barman,Male,1988-08-27,dalbir63@example.com,+910387470407,JQMPB0666C,XXXX-XXXX-7219,Sangli-Miraj & Kupwad,Telangana,2023-09-02
CUST000876,Ati,Varty,Female,1997-09-12,fdayal@example.org,04790027625,QQZPV5737H,XXXX-XXXX-9359,Haldia,Rajasthan,2023-06-20
CUST000877,Yashoda,Luthra,Female,1956-06-18,kgill@example.net,09851060813,KNVPL7884I,XXXX-XXXX-6334,Bellary,Odisha,2020-03-08
CUST000878,Yadavi,Buch,Female,1989-01-13,reddylakshit@example.net,09827718506,DGTPB9802K,XXXX-XXXX-1103,Kollam,Andhra Pradesh,2022-05-27
CUST000879,Oliver,Bhasin,Male,1957-11-02,chavvikari@example.net,00800557868,DJIPB5473H,XXXX-XXXX-3149,Pallavaram,Sikkim,2022-05-07
CUST000880,Urvi,Tella,Female,2007-07-28,ybir@example.net,07260023896,EWPPT8309P,XXXX-XXXX-6019,Bally,Andhra Pradesh,2021-10-15
CUST000881,Bahadurjit,Chaudhry,Male,1990-06-29,gauri24@example.com,+911229436967,OSOPC5095P,XXXX-XXXX-5082,Eluru,Punjab,2020-12-12
CUST000882,Niharika,Thaker,Female,2004-06-17,urishillasrivastava@example.com,+917788538310,DXSPT0346A,XXXX-XXXX-8417,Udupi,Himachal Pradesh,2022-05-20
CUST000883,Kabir,Deep,Male,1990-09-28,dlall@example.org,7882530636,NXGPD3524M,XXXX-XXXX-2198,Miryalaguda,Kerala,2022-05-09
CUST000884,Lohit,Borah,Male,1968-08-07,zmitra@example.com,5782615849,WZSPB8118E,XXXX-XXXX-2215,Arrah,Goa,2020-05-25
CUST000885,Chakradev,Khatri,Male,1991-10-18,rushilranganathan@example.org,+918587207808,WDOPK0550T,XXXX-XXXX-9007,Ramgarh,Madhya Pradesh,2021-04-08
CUST000886,Jagat,Shroff,Male,1984-06-26,sudiksha85@example.net,6620576891,MVSPS8875S,XXXX-XXXX-6227,Amroha,Maharashtra,2021-03-05
CUST000887,Chatresh,Manne,Male,1999-10-27,kallaradha@example.net,07971800641,KADPM6265D,XXXX-XXXX-0754,Tinsukia,Karnataka,2026-07-22
CUST000888,Samesh,Purohit,Male,1961-12-02,janyasura@example.net,07516100972,TWAPP9215Z,XXXX-XXXX-4713,Dehri,Assam,2024-09-01
CUST000889,Tara,Loyal,Female,1960-03-19,bghose@example.net,09222256654,JVHPL7210A,XXXX-XXXX-3988,Etawah,Punjab,2022-06-13
CUST000890,Chakradhar,Tata,Male,1992-01-06,krisha84@example.org,06568399720,OTEPT8915F,XXXX-XXXX-0417,Naihati,West Bengal,2026-04-10
CUST000891,Aarini,Andra,Female,1989-12-11,falakbehl@example.org,03902881757,KKRPA7199K,XXXX-XXXX-4907,Moradabad,Manipur,2024-12-13
CUST000892,Ati,Pant,Female,1983-01-09,dseshadri@example.org,09309543994,RGLPP5924Z,XXXX-XXXX-9477,Siwan,Punjab,2025-03-24
CUST000893,Devansh,Kala,Male,1965-07-20,mallekiya@example.com,0007167690,KMPPK2790Y,XXXX-XXXX-3309,Mehsana,Uttarakhand,2026-01-09
CUST000894,Anika,Kade,Female,1989-01-12,gangulybhavya@example.com,03965476861,UDDPK7683J,XXXX-XXXX-0873,Shivpuri,Assam,2026-02-23
CUST000895,Ekbal,Yogi,Male,2006-09-08,dpurohit@example.net,+914312162909,HCWPY5676H,XXXX-XXXX-5948,Latur,Madhya Pradesh,2021-10-21
CUST000896,Ekapad,Barad,Male,1977-08-29,orinder72@example.org,2011449134,UDDPB8330N,XXXX-XXXX-2026,Mira-Bhayandar,Himachal Pradesh,2026-05-26
CUST000897,Meghana,Bava,Female,2000-12-03,sthaker@example.org,01790036315,BUIPB3204B,XXXX-XXXX-7515,Kolkata,Odisha,2024-06-28
CUST000898,Advik,Date,Male,1994-07-14,kapoorparth@example.com,6223389926,VBOPD5565F,XXXX-XXXX-7023,Jodhpur,Tripura,2021-03-10
CUST000899,Oscar,Deshpande,Male,1991-07-31,choudharyanika@example.com,8379255114,VOPPD6519E,XXXX-XXXX-8690,Karnal,Kerala,2025-11-10
CUST000900,Rehaan,Bhattacharyya,Male,1963-02-12,vedikapatla@example.com,08612632170,GCJPB0468K,XXXX-XXXX-2107,Ahmedabad,Bihar,2024-05-19
CUST000901,Yutika,Bumb,Female,1976-03-05,krishnashetty@example.net,01447227311,MQJPB5981R,XXXX-XXXX-9876,Ratlam,Meghalaya,2020-11-21
CUST000902,Aadi,Parsa,Male,1983-10-11,balvanjayaraman@example.org,01659896054,HNNPP4823Y,XXXX-XXXX-7940,Kolhapur,Kerala,2023-12-31
CUST000903,Yochana,Misra,Female,1975-01-11,odikamore@example.org,09495654535,JZLPM6874Q,XXXX-XXXX-8425,Bhiwani,Gujarat,2026-07-20
CUST000904,Megha,Bhalla,Female,1992-05-06,anya05@example.org,07456445719,VZQPB4406T,XXXX-XXXX-1557,Panvel,Arunachal Pradesh,2024-09-05
CUST000905,Yatin,Pall,Male,1967-03-20,azaangoswami@example.org,00878250372,KUSPP2848K,XXXX-XXXX-1183,Bettiah,Punjab,2020-07-06
CUST000906,Yauvani,Aurora,Female,1981-08-04,balayvincent@example.net,01754666613,GNYPA5112C,XXXX-XXXX-1363,Katni,Gujarat,2025-08-26
CUST000907,Xalak,Sharaf,Female,1969-03-11,icontractor@example.org,01112707355,XRJPS6467R,XXXX-XXXX-2221,Secunderabad,Manipur,2021-11-10
CUST000908,Lakshit,Sathe,Male,2006-04-29,arya56@example.com,03254160369,EMBPS8782G,XXXX-XXXX-7810,Ramagundam,Haryana,2022-10-09
CUST000909,Theodore,Gour,Male,1959-05-18,hnarang@example.org,1050541300,XZVPG5768G,XXXX-XXXX-9876,Bellary,Madhya Pradesh,2022-03-07
CUST000910,Urmi,Wadhwa,Female,2003-04-29,sneha97@example.org,+911801009881,XBKPW1813D,XXXX-XXXX-8785,Nandyal,Jharkhand,2021-07-12
CUST000911,Ayush,Oza,Male,1966-06-21,panditaachal@example.com,+918437226992,KWJPO8752Y,XXXX-XXXX-6226,Sambalpur,Sikkim,2023-04-26
CUST000912,Siddharth,Mannan,Male,1970-10-02,divya54@example.net,05093992273,KJAPM6955M,XXXX-XXXX-3105,Chandigarh,Goa,2021-02-21
CUST000913,Amrita,Sem,Female,1972-03-24,omishakashyap@example.com,03694464897,EVMPS0432R,XXXX-XXXX-8333,Morbi,Goa,2021-05-27
CUST000914,Adya,Kanda,Female,1998-03-18,gkalita@example.org,1612778038,YVBPK2485Z,XXXX-XXXX-3614,Thoothukudi,Jharkhand,2024-01-18
CUST000915,Tarak,Oza,Male,2000-03-19,baralchatresh@example.com,04709048800,TNOPO1794Y,XXXX-XXXX-9665,Sonipat,Tripura,2020-03-06
CUST000916,Gabriel,Madan,Male,1980-10-17,pillaypraneel@example.org,+914572872994,NCFPM4191C,XXXX-XXXX-3827,Aurangabad,Arunachal Pradesh,2020-05-15
CUST000917,Logan,Natt,Male,1994-12-17,savantradhika@example.net,8893639462,KRMPN6327E,XXXX-XXXX-8642,Aligarh,Nagaland,2021-12-25
CUST000918,Bahadurjit,Krishnamurthy,Male,1996-08-31,urishilla22@example.org,+913447522549,WBMPK4845B,XXXX-XXXX-6319,Kavali,Telangana,2022-06-30
CUST000919,Qabil,Ganesan,Male,2001-09-14,harini88@example.com,+913884248896,DGHPG9533X,XXXX-XXXX-2098,Siliguri,Karnataka,2020-07-06
CUST000920,Lucky,Sastry,Male,1956-12-21,vivaanmahajan@example.net,00026980023,OEZPS2052K,XXXX-XXXX-8353,Baranagar,Rajasthan,2022-05-28
CUST000921,Vasatika,Khatri,Female,1966-11-25,babuzayan@example.net,+917690785696,COJPK8300P,XXXX-XXXX-7882,Panipat,Haryana,2024-01-22
CUST000922,Jhalak,Tak,Female,1973-02-18,ikbal79@example.net,1064386958,ZNNPT6872A,XXXX-XXXX-6071,Khora ,Punjab,2021-02-09
CUST000923,Ayaan,Sangha,Male,2005-08-10,ridhivala@example.com,9837803370,REGPS7476G,XXXX-XXXX-6209,Haldia,Chhattisgarh,2025-03-08
CUST000924,Faraj,Baral,Male,2003-05-27,birsamuel@example.org,0290986992,XRPPB9545R,XXXX-XXXX-1724,Indore,Gujarat,2025-02-06
CUST000925,Vaishnavi,Shankar,Female,1975-12-06,karniksanya@example.com,05035511151,TWWPS6675K,XXXX-XXXX-9007,Hapur,Mizoram,2025-06-15
CUST000926,Azaan,Vaidya,Male,1982-07-10,xdani@example.org,2063088179,VQSPV6698N,XXXX-XXXX-5509,Kadapa,Telangana,2020-04-05
CUST000927,Ojasvi,Dara,Female,1989-12-25,varsha04@example.net,1712656330,GQWPD4250P,XXXX-XXXX-6666,Bhopal,Rajasthan,2021-03-23
CUST000928,Nilima,Chadha,Female,1983-08-03,lila10@example.com,2478458350,PVXPC4021N,XXXX-XXXX-0577,Berhampur,Haryana,2022-04-03
CUST000929,Lekha,Kalita,Female,1972-06-02,akarpe@example.net,05796999176,TUMPK4840D,XXXX-XXXX-2222,Bhagalpur,Andhra Pradesh,2024-04-28
CUST000930,Bahadurjit,Ray,Male,1996-06-23,mason78@example.net,0292424847,YEEPR4576F,XXXX-XXXX-8395,Dibrugarh,Chhattisgarh,2026-03-31
CUST000931,Yachana,Krishnamurthy,Female,1974-07-24,bkhare@example.net,+910559392760,JRFPK9207E,XXXX-XXXX-1428,Surat,Chhattisgarh,2026-03-29
CUST000932,Amol,Anand,Male,1993-09-16,magaroscar@example.net,+913828394672,EQFPA2060N,XXXX-XXXX-3120,Aligarh,Uttarakhand,2021-04-11
CUST000933,Bhanumati,Deshpande,Female,1967-04-23,qarin75@example.com,8822962392,MMUPD6267Y,XXXX-XXXX-7876,Kochi,Sikkim,2020-06-22
CUST000934,Bhavna,Choudhary,Female,1976-05-05,janani67@example.com,0188198962,ALYPC2483E,XXXX-XXXX-1801,Jamnagar,Odisha,2023-12-23
CUST000935,Upkaar,Kala,Male,1973-02-06,nagyraksha@example.net,01528339255,HVUPK1338R,XXXX-XXXX-0191,Firozabad,Kerala,2020-11-23
CUST000936,Hamsini,Nair,Female,1998-07-20,dalaja02@example.net,9158897037,HQWPN1545U,XXXX-XXXX-5849,Mangalore,Himachal Pradesh,2023-08-11
CUST000937,Wridesh,Mani,Male,2007-08-25,banikunnati@example.org,08176880360,YCDPM2245D,XXXX-XXXX-4350,Kulti,Andhra Pradesh,2023-03-01
CUST000938,Jai,Sharaf,Male,2007-10-26,banjeet07@example.com,02319635650,TKGPS0148G,XXXX-XXXX-4453,Bilaspur,Karnataka,2022-08-31
CUST000939,Girish,Kashyap,Male,1978-11-25,ubhakta@example.net,+915575257422,VDQPK3828W,XXXX-XXXX-4734,Amaravati,Tripura,2025-02-02
CUST000940,Manthan,Lal,Male,1977-04-13,vlala@example.com,06742728324,BPPPL0413I,XXXX-XXXX-1494,Patiala,Goa,2022-10-12
CUST000941,Amol,Ganguly,Male,1986-12-24,bimala53@example.com,06925548667,KYMPG9962Y,XXXX-XXXX-4506,Ambala,Haryana,2023-05-30
CUST000942,Jairaj,Bakshi,Male,1985-06-14,harshsinha@example.com,08191167302,SGLPB9849R,XXXX-XXXX-1477,Durgapur,Arunachal Pradesh,2022-05-15
CUST000943,Theodore,Choudhry,Male,2005-01-03,nandinipandey@example.org,3722214363,YQKPC6662I,XXXX-XXXX-3571,Mau,Rajasthan,2026-03-09
CUST000944,Abdul,Purohit,Male,2005-07-10,jagat85@example.org,01329065264,FVLPP3224L,XXXX-XXXX-1217,Firozabad,Tripura,2020-05-13
CUST000945,Ayush,Dhaliwal,Male,1994-03-14,sdyal@example.net,7783726887,UEHPD5393I,XXXX-XXXX-6006,Kharagpur,Punjab,2021-03-05
CUST000946,Vrinda,Kuruvilla,Female,1989-01-26,jackson77@example.org,7057155130,NDDPK9468S,XXXX-XXXX-2363,Kavali,Tripura,2021-06-03
CUST000947,Janya,Mody,Female,1959-09-11,onibalasubramanian@example.org,06653873662,EUJPM9782C,XXXX-XXXX-1584,Bellary,Kerala,2020-12-17
CUST000948,Barkha,Batra,Female,1990-07-21,kamya22@example.net,+918925029488,QUNPB6455C,XXXX-XXXX-5779,Saharsa,Chhattisgarh,2021-10-30
CUST000949,Hitesh,Kulkarni,Male,1979-06-28,samarthgole@example.com,0552167906,PFNPK8367Q,XXXX-XXXX-4199,Tirupati,Uttar Pradesh,2022-09-17
CUST000950,Tripti,Ram,Female,1972-05-04,tamanna00@example.com,+915791577515,CBEPR8832B,XXXX-XXXX-6859,Jehanabad,Punjab,2022-09-05
CUST000951,Fitan,Ravi,Male,1984-01-16,amrutasavant@example.org,7004168027,EGOPR5694P,XXXX-XXXX-0472,Nangloi Jat,Gujarat,2021-04-23
CUST000952,Manthan,Nath,Male,1981-06-10,wprabhakar@example.org,01732284175,MFGPN1807U,XXXX-XXXX-5797,Bikaner,Tripura,2020-07-22
CUST000953,Keya,Puri,Female,1970-07-12,bhallafalan@example.com,6924190505,LUEPP6443S,XXXX-XXXX-1946,Tadipatri,Telangana,2023-11-10
CUST000954,Alka,Mangat,Female,1972-02-10,ybhavsar@example.net,+915154864135,GHJPM1878Y,XXXX-XXXX-2214,Ahmedabad,Haryana,2020-02-04
CUST000955,Gaurang,Thaman,Male,1966-11-04,gaurangsandal@example.org,02903433810,FLLPT5510I,XXXX-XXXX-4715,Kharagpur,Jharkhand,2024-01-29
CUST000956,Balhaar,Barman,Male,1999-03-10,tswamy@example.net,9767658764,JDDPB4255Z,XXXX-XXXX-2424,Ramagundam,Andhra Pradesh,2020-04-27
CUST000957,Krishna,Verma,Male,1956-08-02,yashvi56@example.org,+911407788514,NODPV0362R,XXXX-XXXX-1931,Dindigul,Tripura,2021-02-04
CUST000958,Vihaan,Subramanian,Male,1976-11-23,wshanker@example.org,+910808856730,SWQPS6078W,XXXX-XXXX-6360,Maheshtala,Uttarakhand,2024-10-27
CUST000959,Ati,Apte,Female,1977-04-28,nkeer@example.com,+915609332150,UQZPA7951W,XXXX-XXXX-3606,Saharanpur,Himachal Pradesh,2026-07-22
CUST000960,Anika,Choudhury,Female,1960-09-06,wkari@example.com,+915942659881,UINPC7160R,XXXX-XXXX-5296,Tirupati,Arunachal Pradesh,2024-12-07
CUST000961,Aadhya,Bail,Female,1982-05-10,sabharwaltanmayi@example.org,4738665104,DXQPB6732V,XXXX-XXXX-2816,Bhusawal,Uttarakhand,2023-02-11
CUST000962,Lakshit,Boase,Male,2005-02-08,chamelibora@example.net,+918785296397,ITLPB7038V,XXXX-XXXX-2479,Nangloi Jat,Telangana,2021-11-29
CUST000963,Yatin,Puri,Male,1974-12-27,horadiya@example.org,9465026620,SESPP6045I,XXXX-XXXX-2181,Machilipatnam,Meghalaya,2025-02-24
CUST000964,Rishi,Nanda,Male,1964-02-05,rajaadya@example.com,+914783054554,BOEPN3985H,XXXX-XXXX-3499,Rampur,Maharashtra,2026-01-19
CUST000965,Sanya,Kurian,Female,1962-02-27,darora@example.net,+916989422465,YSUPK3899P,XXXX-XXXX-7615,Unnao,Andhra Pradesh,2026-04-01
CUST000966,Wyatt,Bala,Male,1997-04-17,ynagy@example.org,8843840474,KLWPB5248G,XXXX-XXXX-8807,Solapur,Uttar Pradesh,2021-09-15
CUST000967,Ekansh,Sarkar,Male,1988-09-15,owagle@example.net,+914820489164,ZQGPS5958B,XXXX-XXXX-9461,Sikar,Jharkhand,2026-03-13
CUST000968,Nathaniel,Seth,Male,1980-05-07,harshilmurty@example.com,05754678909,DDWPS5411U,XXXX-XXXX-0147,Bulandshahr,Manipur,2022-11-09
CUST000969,Jason,Bora,Male,1973-03-09,prashaddayamai@example.org,+917973460179,SAXPB8079E,XXXX-XXXX-7095,Bulandshahr,Kerala,2021-02-26
CUST000970,Anusha,Thakkar,Female,2003-11-10,balakrishnanchampak@example.com,05249930503,TVXPT9727N,XXXX-XXXX-8422,Proddatur,Madhya Pradesh,2022-09-23
CUST000971,Chandresh,Tailor,Male,2001-07-04,amairanarain@example.com,7302735083,MNFPT0466O,XXXX-XXXX-3290,Chinsurah,Madhya Pradesh,2025-10-09
CUST000972,Tanay,Ratti,Male,2003-07-25,idika18@example.com,+917874994447,BDYPR8430P,XXXX-XXXX-5197,Tiruvottiyur,Himachal Pradesh,2024-03-11
CUST000973,Libni,Sarin,Female,2006-11-06,kaulmanya@example.org,8490502251,TONPS0383H,XXXX-XXXX-1397,Ambarnath,Gujarat,2024-07-15
CUST000974,Isha,Nagi,Female,1972-05-09,amblelila@example.org,+912578847650,AGYPN2137G,XXXX-XXXX-7689,Ghaziabad,Tripura,2020-06-09
CUST000975,Gaurang,Chaudhari,Male,1994-07-25,chaitanya67@example.org,1659968429,XQBPC1213N,XXXX-XXXX-6344,Kottayam,Tamil Nadu,2023-01-17
CUST000976,Wridesh,Sahota,Male,1973-11-08,jeremiahdass@example.org,5417288072,NYGPS3419O,XXXX-XXXX-0378,Dharmavaram,Kerala,2021-07-24
CUST000977,Daksha,Bal,Female,1965-12-25,khalsaliam@example.com,+918108783585,ZRLPB6701J,XXXX-XXXX-7079,Bhiwandi,Goa,2023-01-08
CUST000978,Osha,Agate,Female,1975-09-07,kmunshi@example.org,7911285555,IOUPA5542N,XXXX-XXXX-6905,Ramgarh,Haryana,2022-05-12
CUST000979,Harita,Pai,Female,1996-03-07,mahikarajagopal@example.org,+916931505752,LGRPP8318I,XXXX-XXXX-5055,Dehradun,Assam,2021-06-06
CUST000980,Chandani,Mitter,Female,1973-01-07,munshirobert@example.net,+915535843296,FBIPM3323C,XXXX-XXXX-3173,Rewa,Arunachal Pradesh,2025-09-27
CUST000981,Karan,Chaudhuri,Male,1978-07-17,ekavir74@example.com,06658891691,OZNPC4728P,XXXX-XXXX-5236,Sangli-Miraj & Kupwad,Haryana,2022-10-15
CUST000982,Ucchal,Gulati,Female,1978-11-02,shivanshpau@example.com,9862318654,BFYPG1417E,XXXX-XXXX-9909,Aizawl,Assam,2023-04-05
CUST000983,Nidhi,Samra,Female,1985-10-24,mitaldevika@example.com,6663387953,INWPS9104Y,XXXX-XXXX-0320,Karaikudi,West Bengal,2020-05-23
CUST000984,Nakul,Oza,Male,2002-04-20,fparmer@example.org,02666305232,CPUPO2729X,XXXX-XXXX-3713,Bhubaneswar,Madhya Pradesh,2022-10-06
CUST000985,Aishani,Mallick,Female,2001-04-05,indali54@example.net,04408877057,WNYPM9350W,XXXX-XXXX-4947,Unnao,Jharkhand,2025-11-15
CUST000986,Libni,Sen,Female,1958-08-01,lekhaswaminathan@example.org,3991606877,OIVPS9328H,XXXX-XXXX-4999,Ongole,Tripura,2024-04-08
CUST000987,Sara,Mohan,Female,1971-01-27,venkataramanekaraj@example.net,08172987977,BRSPM3337L,XXXX-XXXX-6615,Pallavaram,Rajasthan,2024-02-16
CUST000988,Krisha,Chada,Female,1973-11-26,anya30@example.net,1377869726,OGQPC4537I,XXXX-XXXX-6740,Bardhaman,Meghalaya,2022-07-14
CUST000989,Nathan,Bahl,Male,2005-07-11,jeremiahkaur@example.com,07422835691,XXTPB4083B,XXXX-XXXX-7891,Purnia,West Bengal,2023-10-18
CUST000990,Brijesh,Sundaram,Male,1996-06-25,yatanpalla@example.com,1086607175,XSKPS6168I,XXXX-XXXX-0563,Bikaner,Tamil Nadu,2025-01-03
CUST000991,Kashish,Gulati,Female,2008-07-06,nagyarunima@example.net,01288407751,SAJPG8337Z,XXXX-XXXX-5599,Singrauli,Uttar Pradesh,2024-08-14
CUST000992,Maya,Walia,Female,1989-01-05,kbali@example.org,+913430100964,TZGPW8893S,XXXX-XXXX-6360,New Delhi,Goa,2020-08-07
CUST000993,Anjali,Madan,Female,1981-11-09,lalabahadurjit@example.com,+910383540641,GOEPM6100C,XXXX-XXXX-1189,Mahbubnagar,Assam,2023-04-19
CUST000994,Aishani,Oak,Female,1956-06-09,tkamdar@example.org,+916211572756,WTMPO4497Q,XXXX-XXXX-8529,Pallavaram,Bihar,2024-10-17
CUST000995,Aahana,Kakar,Female,2004-06-27,janyamagar@example.com,0365421581,YXTPK2181Q,XXXX-XXXX-9433,Kochi,Madhya Pradesh,2024-05-02
CUST000996,Dalaja,Dhar,Female,1994-10-02,royadvaith@example.org,+917289087203,PRJPD5405M,XXXX-XXXX-2486,Delhi,Manipur,2022-02-26
CUST000997,Anya,Sandal,Female,1987-02-28,madhavi99@example.com,9395186698,INNPS2441D,XXXX-XXXX-2839,Bulandshahr,Tripura,2024-07-14
CUST000998,Faraj,Batta,Male,2005-03-04,robert22@example.com,04521063092,JMMPB3904G,XXXX-XXXX-0409,Saharanpur,Kerala,2026-02-02
CUST000999,Mitesh,Chhabra,Male,1976-03-20,seshadrigeetika@example.com,08935690451,ZYCPC4508D,XXXX-XXXX-1903,Hyderabad,Mizoram,2026-06-04
CUST001000,Anita,Basak,Female,1981-08-02,ranganathannimrat@example.org,09419335343,KDFPB9532J,XXXX-XXXX-1020,Giridih,West Bengal,2026-02-21
